Action,Source,Destination
move,Healthcare_Master\(i) A Manual for Medical Officer_a7094f89.pdf,02_Corpus\Healthcare\04_Supporting_Guidance\(i) A Manual for Medical Officer_a7094f89.pdf
move,Healthcare_Master\(i) Case Management of Acute Encephalitis Syndrome _ J. E_078954f7.pdf,02_Corpus\Healthcare\04_Supporting_Guidance\(i) Case Management of Acute Encephalitis Syndrome _ J. E_078954f7.pdf
move,Healthcare_Master\(i) Dental Caries and Periodontitis_3d17f785.pdf,02_Corpus\Healthcare\06_Review\(i) Dental Caries and Periodontitis_3d17f785.pdf
move,Healthcare_Master\(i) Management of Common Mental Disorders_5484a005.pdf,02_Corpus\Healthcare\04_Supporting_Guidance\(i) Management of Common Mental Disorders_5484a005.pdf
move,"Healthcare_Master\(i) National Guidelines Diagnosis, Case Management Prevention and Control of Leptospirosis_ff8e25ab.pdf","02_Corpus\Healthcare\04_Supporting_Guidance\(i) National Guidelines Diagnosis, Case Management Prevention and Control of Leptospirosis_ff8e25ab.pdf"
move,Healthcare_Master\(i) National Guidelines on Rabies Prophylaxis_9d94c034.pdf,02_Corpus\Healthcare\04_Supporting_Guidance\(i) National Guidelines on Rabies Prophylaxis_9d94c034.pdf
move,"Healthcare_Master\(i) Pre-operative, Operative and Post-operative precautions for Eye Surgery_6ae48a4d.pdf","02_Corpus\Healthcare\04_Supporting_Guidance\(i) Pre-operative, Operative and Post-operative precautions for Eye Surgery_6ae48a4d.pdf"
move,Healthcare_Master\(i) Prevention and Management of Burn Injuries_8f52adf1.pdf,02_Corpus\Healthcare\04_Supporting_Guidance\(i) Prevention and Management of Burn Injuries_8f52adf1.pdf
move,"Healthcare_Master\(i) Prevention, Management and control of RTI & STI_448ca091.pdf","02_Corpus\Healthcare\04_Supporting_Guidance\(i) Prevention, Management and control of RTI & STI_448ca091.pdf"
move,Healthcare_Master\(i) Standards for TB Care in India_3ea6ec68.pdf,02_Corpus\Healthcare\06_Review\(i) Standards for TB Care in India_3ea6ec68.pdf
move,Healthcare_Master\(i) Training Manual for Medical officer_425cf695.pdf,02_Corpus\Healthcare\06_Review\(i) Training Manual for Medical officer_425cf695.pdf
move,Healthcare_Master\(ii) Diagnosis and treatment of Malaria_1b64ed9a.pdf,02_Corpus\Healthcare\04_Supporting_Guidance\(ii) Diagnosis and treatment of Malaria_1b64ed9a.pdf
move,Healthcare_Master\(ii) Disability Prevention & Medical Rehabilitation_cd9e5e1d.pdf,02_Corpus\Healthcare\06_Review\(ii) Disability Prevention & Medical Rehabilitation_cd9e5e1d.pdf
move,Healthcare_Master\(ii) Guidelines for Prevention and Control of Fluorosis_13f59c0f.pdf,02_Corpus\Healthcare\06_Review\(ii) Guidelines for Prevention and Control of Fluorosis_13f59c0f.pdf
move,Healthcare_Master\(ii) Management of Common Ear Conditions_432b3107.pdf,02_Corpus\Healthcare\04_Supporting_Guidance\(ii) Management of Common Ear Conditions_432b3107.pdf
move,Healthcare_Master\(iii) Filariasis control in India and Its Elimination_bbec7cd6.pdf,02_Corpus\Healthcare\04_Supporting_Guidance\(iii) Filariasis control in India and Its Elimination_bbec7cd6.pdf
move,Healthcare_Master\(iv) Chikungunya Fever_f1de1a20.pdf,02_Corpus\Healthcare\01_Core_Regulatory\(iv) Chikungunya Fever_f1de1a20.pdf
move,Healthcare_Master\(v) Road Map for Kala-Azar Elimination_446871ba.pdf,02_Corpus\Healthcare\04_Supporting_Guidance\(v) Road Map for Kala-Azar Elimination_446871ba.pdf
move,"Healthcare_Master\1. Establishment of Medical institutions, Assessment & Rating Regulations, 2023 Dated 02.06.2023 (MARB)_f98aae0c.pdf","02_Corpus\Healthcare\03_Medical_Regulation_Education\1. Establishment of Medical institutions, Assessment & Rating Regulations, 2023 Dated 02.06.2023_f98aae0c.pdf"
move,Healthcare_Master\1. Guidelines for Cardiovascular Diseases_db942697.pdf,02_Corpus\Healthcare\04_Supporting_Guidance\1. Guidelines for Cardiovascular Diseases_db942697.pdf
move,"Healthcare_Master\1. Medical Institutions (Qualification of Faculty)Regulation, 2025 dated 30.06.2025 (PGMEB)_d4f91ed3.pdf","02_Corpus\Healthcare\03_Medical_Regulation_Education\1. Medical Institutions (Qualification of Faculty)Regulation, 2025 dated 30.06.2025 (PGMEB)_d4f91ed3.pdf"
move,"Healthcare_Master\1. NMC, National Exit Test Regulations, 2023 Dated 27.06.2023 (NMC)_813d4b3b.pdf","02_Corpus\Healthcare\03_Medical_Regulation_Education\1. NMC, National Exit Test Regulations, 2023 Dated 27.06.2023 (NMC)_813d4b3b.pdf"
move,Healthcare_Master\1.1 Public Notice on NExT Dated 13.07.2023 Deferring the NExT Examination_d3bb999b.pdf,02_Corpus\Healthcare\06_Review\1.1 Public Notice on NExT Dated 13.07.2023 Deferring the NExT Examination_d3bb999b.pdf
move,Healthcare_Master\1.1 Public Notice_FAQ_merged dated 28.10.2025_42107b27.pdf,02_Corpus\Healthcare\06_Review\1.1 Public Notice_FAQ_merged dated 28.10.2025_42107b27.pdf
move,Healthcare_Master\10. Guidelines for Medicine (Non Respiratory Medical Conditions)_3c186750.pdf,02_Corpus\Healthcare\06_Review\10. Guidelines for Medicine (Non Respiratory Medical Conditions)_3c186750.pdf
move,Healthcare_Master\1023_87c61a52da.pdf,02_Corpus\Healthcare\06_Review\1023_87c61a52da.pdf
move,Healthcare_Master\11. Guidelines for Paediatrics and Paediatrics Surgery_659795be.pdf,02_Corpus\Healthcare\04_Supporting_Guidance\11. Guidelines for Paediatrics and Paediatrics Surgery_659795be.pdf
move,Healthcare_Master\12. Guidelines for General Surgery_20fde274.pdf,02_Corpus\Healthcare\04_Supporting_Guidance\12. Guidelines for General Surgery_20fde274.pdf
move,Healthcare_Master\13. Guidelines for Interventional Radiology_e708ac43.pdf,02_Corpus\Healthcare\06_Review\13. Guidelines for Interventional Radiology_e708ac43.pdf
move,Healthcare_Master\13. National Treatment Guidelines for Antimicrobial Use in Infectious Diseases_ba9fda59.pdf,02_Corpus\Healthcare\04_Supporting_Guidance\13. National Treatment Guidelines for Antimicrobial Use in Infectious Diseases_ba9fda59.pdf
move,Healthcare_Master\14. Guidelines for Oncology_fcaee86a.pdf,02_Corpus\Healthcare\04_Supporting_Guidance\14. Guidelines for Oncology_fcaee86a.pdf
move,Healthcare_Master\14. National Guidelines for Diagnosis & Management of Viral Hepatitis_7d298463.pdf,02_Corpus\Healthcare\04_Supporting_Guidance\14. National Guidelines for Diagnosis & Management of Viral Hepatitis_7d298463.pdf
move,Healthcare_Master\1454_Operational_Guidelines_ENT_Print_ready_29_11_2020_72528185.pdf,02_Corpus\Healthcare\06_Review\1454_Operational_Guidelines_ENT_Print_ready_29_11_2020_72528185.pdf
move,Healthcare_Master\15. Guidelines for Organ Transplant - Liver_a38a1849.pdf,02_Corpus\Healthcare\06_Review\15. Guidelines for Organ Transplant - Liver_a38a1849.pdf
move,Healthcare_Master\16. Guidelines for Urology_84326f7c.pdf,02_Corpus\Healthcare\06_Review\16. Guidelines for Urology_84326f7c.pdf
move,Healthcare_Master\17. Guidelines for Laboratory Medicine_846b1dcd.pdf,02_Corpus\Healthcare\06_Review\17. Guidelines for Laboratory Medicine_846b1dcd.pdf
move,Healthcare_Master\1799_82e5f4c573.pdf,02_Corpus\Healthcare\01_Core_Regulatory\1799_82e5f4c573.pdf
move,Healthcare_Master\18. Guidelines for G. I. Surgery_e4a0cfac.pdf,02_Corpus\Healthcare\04_Supporting_Guidance\18. Guidelines for G. I. Surgery_e4a0cfac.pdf
move,Healthcare_Master\1803_2fdb516cac.pdf,02_Corpus\Healthcare\06_Review\1803_2fdb516cac.pdf
move,Healthcare_Master\1804_3e000fd004.pdf,02_Corpus\Healthcare\06_Review\1804_3e000fd004.pdf
move,Healthcare_Master\1805_57f7fdc221.pdf,02_Corpus\Healthcare\06_Review\1805_57f7fdc221.pdf
move,Healthcare_Master\1807_75c389383b.pdf,02_Corpus\Healthcare\01_Core_Regulatory\1807_75c389383b.pdf
move,Healthcare_Master\19. Guidelines for Neurology_13ce06cb.pdf,02_Corpus\Healthcare\04_Supporting_Guidance\19. Guidelines for Neurology_13ce06cb.pdf
move,"Healthcare_Master\2. Graduate Medical Education Regulations, 2023 Dated 02.06.2023 (UGMEB)_66c0d104.pdf","02_Corpus\Healthcare\03_Medical_Regulation_Education\2. Graduate Medical Education Regulations, 2023 Dated 02.06.2023 (UGMEB)_66c0d104.pdf"
move,Healthcare_Master\2. Guidelines for Critical Care_6e448147.pdf,02_Corpus\Healthcare\06_Review\2. Guidelines for Critical Care_6e448147.pdf
move,"Healthcare_Master\2. Post-Graduate Medical Education Regulations, 2023 dated 29.12.2023 (PGMEB)_ea7e9773.pdf","02_Corpus\Healthcare\03_Medical_Regulation_Education\2. Post-Graduate Medical Education Regulations, 2023 dated 29.12.2023 (PGMEB)_ea7e9773.pdf"
move,Healthcare_Master\2. Recruitment Rules for 38 Posts Sanctioned for NMC Dated 26.11.2021 (NMC)_3a6f6f11.pdf,02_Corpus\Healthcare\03_Medical_Regulation_Education\2. Recruitment Rules for 38 Posts Sanctioned for NMC Dated 26.11.2021 (NMC)_3a6f6f11.pdf
move,"Healthcare_Master\2. Registration of Medical Practitioners and Licence to Practice Medicine Regulations, 2023 Dated 10.05.2023 (EMRB-Registration)_432310f4.pdf","02_Corpus\Healthcare\03_Medical_Regulation_Education\2. Registration of Medical Practitioners and Licence to Practice Medicine Regulations, 2023 Date_432310f4.pdf"
move,Healthcare_Master\2.1. FAQs on PGMER-2023 dated 10.04.2024_3024dcc0.pdf,02_Corpus\Healthcare\03_Medical_Regulation_Education\2.1. FAQs on PGMER-2023 dated 10.04.2024_3024dcc0.pdf
move,Healthcare_Master\2.1.a. Amendment Notification in UGMSR 2023 Guideline Dated 02.07.2025_0e672b18.pdf,02_Corpus\Healthcare\01_Core_Regulatory\2.1.a. Amendment Notification in UGMSR 2023 Guideline Dated 02.07.2025_0e672b18.pdf
move,Healthcare_Master\2.1.b. Amendment Notification in UGMSR 2023 Guideline Dated 23.04.2026_6a518c83.pdf,02_Corpus\Healthcare\01_Core_Regulatory\2.1.b. Amendment Notification in UGMSR 2023 Guideline Dated 23.04.2026_6a518c83.pdf
move,Healthcare_Master\2.2.Competency Based Medical Education (CBME) Guideline dated 01.08.2023_79584888.pdf,02_Corpus\Healthcare\03_Medical_Regulation_Education\2.2.Competency Based Medical Education (CBME) Guideline dated 01.08.2023_79584888.pdf
move,Healthcare_Master\2.2.a.Corrigendum CBME Curriculum dated 01.09.2023_170c4e2f.pdf,02_Corpus\Healthcare\03_Medical_Regulation_Education\2.2.a.Corrigendum CBME Curriculum dated 01.09.2023_170c4e2f.pdf
move,Healthcare_Master\2.2.b.Corrigendum CBME Curriculum dated 03.10.2023_6576deb3.pdf,02_Corpus\Healthcare\03_Medical_Regulation_Education\2.2.b.Corrigendum CBME Curriculum dated 03.10.2023_6576deb3.pdf
move,Healthcare_Master\2.3. Public Notice- Guidelines on Temporary Registration 18.01.2024_03cc8bb2.pdf,02_Corpus\Healthcare\06_Review\2.3. Public Notice- Guidelines on Temporary Registration 18.01.2024_03cc8bb2.pdf
move,Healthcare_Master\2.3.Competency Based Medical Education (CBME) Curriculum 2024 dated 12.09.2024_14a5ab3b.pdf,02_Corpus\Healthcare\03_Medical_Regulation_Education\2.3.Competency Based Medical Education (CBME) Curriculum 2024 dated 12.09.2024_14a5ab3b.pdf
move,"Healthcare_Master\2.3.a. Additional clarification on CBME Guideline, 2024 published on 12.09.2024 dated 10.10.2024_3e8f956c.pdf","02_Corpus\Healthcare\03_Medical_Regulation_Education\2.3.a. Additional clarification on CBME Guideline, 2024 published on 12.09.2024 dated 10.10.2024_3e8f956c.pdf"
move,"Healthcare_Master\2.a. Graduate Medical Education Regulations, 2023 Amendment-Notification Dated 16.06.2023_63a32fe9.pdf","02_Corpus\Healthcare\03_Medical_Regulation_Education\2.a. Graduate Medical Education Regulations, 2023 Amendment-Notification Dated 16.06.2023_63a32fe9.pdf"
move,Healthcare_Master\2022051012-1_4f75c8c2.pdf,02_Corpus\Healthcare\04_Supporting_Guidance\2022051012-1_4f75c8c2.pdf
move,Healthcare_Master\2022051017_591e5fd2.pdf,02_Corpus\Healthcare\05_Draft_Proposed\2022051017_591e5fd2.pdf
move,Healthcare_Master\2022051018-1_0801124f.pdf,02_Corpus\Healthcare\02_Core_PMJAY_Insurance\2022051018-1_0801124f.pdf
move,Healthcare_Master\2022051026_62a1b010.pdf,02_Corpus\Healthcare\01_Core_Regulatory\2022051026_62a1b010.pdf
move,Healthcare_Master\2022051028_870c94cb.pdf,02_Corpus\Healthcare\06_Review\2022051028_870c94cb.pdf
move,Healthcare_Master\2022051036-1_a2a62f5c.pdf,02_Corpus\Healthcare\01_Core_Regulatory\2022051036-1_a2a62f5c.pdf
move,Healthcare_Master\2022051036-2_84903cca.pdf,02_Corpus\Healthcare\02_Core_PMJAY_Insurance\2022051036-2_84903cca.pdf
move,Healthcare_Master\2022051039_be62469a.pdf,02_Corpus\Healthcare\02_Core_PMJAY_Insurance\2022051039_be62469a.pdf
move,Healthcare_Master\2022051054-1_45c044e9.pdf,02_Corpus\Healthcare\02_Core_PMJAY_Insurance\2022051054-1_45c044e9.pdf
move,Healthcare_Master\2022051067_9f475305.pdf,02_Corpus\Healthcare\02_Core_PMJAY_Insurance\2022051067_9f475305.pdf
move,Healthcare_Master\2022051078-1_84a2ae77.pdf,02_Corpus\Healthcare\02_Core_PMJAY_Insurance\2022051078-1_84a2ae77.pdf
move,Healthcare_Master\2022051078_30d94d70.pdf,02_Corpus\Healthcare\01_Core_Regulatory\2022051078_30d94d70.pdf
move,Healthcare_Master\2022051091-1_6c9bc5a1.pdf,02_Corpus\Healthcare\06_Review\2022051091-1_6c9bc5a1.pdf
move,Healthcare_Master\2022051095-2_dc2bf0b9.pdf,02_Corpus\Healthcare\01_Core_Regulatory\2022051095-2_dc2bf0b9.pdf
move,Healthcare_Master\2023042133_dea41d30.pdf,02_Corpus\Healthcare\06_Review\2023042133_dea41d30.pdf
move,Healthcare_Master\2023042165_3e1f47f4.pdf,02_Corpus\Healthcare\06_Review\2023042165_3e1f47f4.pdf
move,Healthcare_Master\20240828153687657_29a5bdfc.pdf,02_Corpus\Healthcare\06_Review\20240828153687657_29a5bdfc.pdf
move,Healthcare_Master\202408282049810185_494748df.pdf,02_Corpus\Healthcare\06_Review\202408282049810185_494748df.pdf
move,Healthcare_Master\20240924831436164_2c5eded9.pdf,02_Corpus\Healthcare\02_Core_PMJAY_Insurance\20240924831436164_2c5eded9.pdf
move,Healthcare_Master\202409251498496928_05fc5863.pdf,02_Corpus\Healthcare\06_Review\202409251498496928_05fc5863.pdf
move,Healthcare_Master\202409251770905432_015bc730.pdf,02_Corpus\Healthcare\02_Core_PMJAY_Insurance\202409251770905432_015bc730.pdf
move,Healthcare_Master\20240925185541293_7ce7d80b.pdf,02_Corpus\Healthcare\02_Core_PMJAY_Insurance\20240925185541293_7ce7d80b.pdf
move,Healthcare_Master\20240925219433972_7280a017.pdf,02_Corpus\Healthcare\02_Core_PMJAY_Insurance\20240925219433972_7280a017.pdf
move,Healthcare_Master\20240925686009399_25ac42cd.pdf,02_Corpus\Healthcare\06_Review\20240925686009399_25ac42cd.pdf
move,Healthcare_Master\202410232073926223_a1c050f6.pdf,02_Corpus\Healthcare\06_Review\202410232073926223_a1c050f6.pdf
move,Healthcare_Master\20241104222942183_6cf631d2.pdf,02_Corpus\Healthcare\02_Core_PMJAY_Insurance\20241104222942183_6cf631d2.pdf
move,Healthcare_Master\202502111228430391_fe63a31e.pdf,02_Corpus\Healthcare\06_Review\202502111228430391_fe63a31e.pdf
move,Healthcare_Master\202505081575684259_fe282ed7.pdf,02_Corpus\Healthcare\06_Review\202505081575684259_fe282ed7.pdf
move,Healthcare_Master\20250625846048542_c7604bab.pdf,02_Corpus\Healthcare\06_Review\20250625846048542_c7604bab.pdf
move,Healthcare_Master\202609031194350508_70532cc3.pdf,02_Corpus\Healthcare\02_Core_PMJAY_Insurance\202609031194350508_70532cc3.pdf
move,Healthcare_Master\202609031776794593_3c961873.pdf,02_Corpus\Healthcare\01_Core_Regulatory\202609031776794593_3c961873.pdf
move,Healthcare_Master\21. Guidelines for Endocrinology_e8b1a18e.pdf,02_Corpus\Healthcare\06_Review\21. Guidelines for Endocrinology_e8b1a18e.pdf
move,Healthcare_Master\263f3ca26df87dc44b7687c1b9cf0c15_21bd516c.pdf,02_Corpus\Healthcare\06_Review\263f3ca26df87dc44b7687c1b9cf0c15_21bd516c.pdf
move,Healthcare_Master\2nd OM COVID-19 - 3.pdf,02_Corpus\Healthcare\06_Review\2nd OM COVID-19 - 3.pdf
move,Healthcare_Master\3. Guidelines for Gastroenterological Diseases_e256bbbe.pdf,02_Corpus\Healthcare\04_Supporting_Guidance\3. Guidelines for Gastroenterological Diseases_e256bbbe.pdf
move,"Healthcare_Master\3. National Medical Commission (Recognition of Medical Qualification) Regulations, 2023 Dated 29.12.2023 (PGMEB)_680ebed9.pdf","02_Corpus\Healthcare\03_Medical_Regulation_Education\3. National Medical Commission (Recognition of Medical Qualification) Regulations, 2023 Dated 29_680ebed9.pdf"
move,Healthcare_Master\3. Prevention and Prohibition of Ragging in Medical College and Institutions Regulations 2021 Dated 18.11.2021 (UGMEB)_f7c0ccd0.pdf,02_Corpus\Healthcare\03_Medical_Regulation_Education\3. Prevention and Prohibition of Ragging in Medical College and Institutions Regulations 2021 Da_f7c0ccd0.pdf
move,Healthcare_Master\3.1. FAQs on Recognition Regulation 2023 dated 05.01.2024_637a257a.pdf,02_Corpus\Healthcare\01_Core_Regulatory\3.1. FAQs on Recognition Regulation 2023 dated 05.01.2024_637a257a.pdf
move,"Healthcare_Master\3rd OM on Covid-19, mandating tests -4.pdf","02_Corpus\Healthcare\06_Review\3rd OM on Covid-19, mandating tests -4.pdf"
move,Healthcare_Master\4. Compulsory Rotating Medical Internship Regulations 2021 Dated 18.11.2021 (UGMEB)_8d39a5ab.pdf,02_Corpus\Healthcare\03_Medical_Regulation_Education\4. Compulsory Rotating Medical Internship Regulations 2021 Dated 18.11.2021 (UGMEB)_8d39a5ab.pdf
move,Healthcare_Master\4. Guidelines for Obstetrics and Gynaecology_ab3b0881.pdf,02_Corpus\Healthcare\06_Review\4. Guidelines for Obstetrics and Gynaecology_ab3b0881.pdf
move,"Healthcare_Master\4. Maintenance of standards of Medical Education Regulation, 2023 dated 19.09.2023 (PGMEB)_923ddd9d.pdf","02_Corpus\Healthcare\03_Medical_Regulation_Education\4. Maintenance of standards of Medical Education Regulation, 2023 dated 19.09.2023 (PGMEB)_923ddd9d.pdf"
move,Healthcare_Master\4.1 RevisedSR-2024 dated 23.08.2024_2c881de5.pdf,02_Corpus\Healthcare\03_Medical_Regulation_Education\4.1 RevisedSR-2024 dated 23.08.2024_2c881de5.pdf
move,"Healthcare_Master\4.2. FAQ on MSMER, 2023 dated 05.01.2024_ff587aa2.pdf","02_Corpus\Healthcare\06_Review\4.2. FAQ on MSMER, 2023 dated 05.01.2024_ff587aa2.pdf"
move,Healthcare_Master\4.3. Minimum Standard of Requirements for Post-Graduate Courses 2023 dated 15.01.2024_18044ae4.pdf,02_Corpus\Healthcare\06_Review\4.3. Minimum Standard of Requirements for Post-Graduate Courses 2023 dated 15.01.2024_18044ae4.pdf
move,Healthcare_Master\4161_9260aec018.pdf,02_Corpus\Healthcare\01_Core_Regulatory\4161_9260aec018.pdf
move,Healthcare_Master\45a4ab64b74ab124cfd853ec9a0127e4_88505f99.pdf,02_Corpus\Healthcare\02_Core_PMJAY_Insurance\45a4ab64b74ab124cfd853ec9a0127e4_88505f99.pdf
move,Healthcare_Master\47b077f6bfcded85af8bf2f319136186_de39ae86.pdf,02_Corpus\Healthcare\04_Supporting_Guidance\47b077f6bfcded85af8bf2f319136186_de39ae86.pdf
move,Healthcare_Master\47c15fa0edba7559a0773830a712894a_c7e5e4b9.pdf,02_Corpus\Healthcare\06_Review\47c15fa0edba7559a0773830a712894a_c7e5e4b9.pdf
move,Healthcare_Master\48_d888d00635.pdf,02_Corpus\Healthcare\01_Core_Regulatory\48_d888d00635.pdf
move,Healthcare_Master\5. Foreign Medical Graduate Licentiate Regulations 2021 Dated 18.11.2021 (UGMEB)_be88c387.pdf,02_Corpus\Healthcare\03_Medical_Regulation_Education\5. Foreign Medical Graduate Licentiate Regulations 2021 Dated 18.11.2021 (UGMEB)_be88c387.pdf
move,"Healthcare_Master\5. Teachers Eligibility Qualification in Medical Institutions Regulations, 2022 Dated 14.02.2022 (PGMEB)_d59eaed5.pdf","02_Corpus\Healthcare\03_Medical_Regulation_Education\5. Teachers Eligibility Qualification in Medical Institutions Regulations, 2022 Dated 14.02.2022_d59eaed5.pdf"
move,"Healthcare_Master\5.1 Frequently Asked Questions dated 08th June, 2026_a5184c53.pdf","02_Corpus\Healthcare\06_Review\5.1 Frequently Asked Questions dated 08th June, 2026_a5184c53.pdf"
move,Healthcare_Master\5.1. Public Notice regarding Proposed Draft for Amendment in TEQ Regulations dated 02.11.2022_4382c857.pdf,02_Corpus\Healthcare\05_Draft_Proposed\5.1. Public Notice regarding Proposed Draft for Amendment in TEQ Regulations dated 02.11.2022_4382c857.pdf
move,"Healthcare_Master\5.2 Frequently Asked Questions on FMGL Regulations dated 22nd February, 2022_f9ad1c9d.pdf","02_Corpus\Healthcare\01_Core_Regulatory\5.2 Frequently Asked Questions on FMGL Regulations dated 22nd February, 2022_f9ad1c9d.pdf"
move,Healthcare_Master\5.2. TEQ Amendment Notification dated 31.03.2023_998fc05a.pdf,02_Corpus\Healthcare\01_Core_Regulatory\5.2. TEQ Amendment Notification dated 31.03.2023_998fc05a.pdf
move,"Healthcare_Master\5.3 Frequently Asked Questions on Screening Test Regulations dated 22nd February, 2022_5402c0f1.pdf","02_Corpus\Healthcare\01_Core_Regulatory\5.3 Frequently Asked Questions on Screening Test Regulations dated 22nd February, 2022_5402c0f1.pdf"
move,Healthcare_Master\53450e6e5dc0bfa85ebd78686cadad39_699aa0b027.pdf,02_Corpus\Healthcare\01_Core_Regulatory\53450e6e5dc0bfa85ebd78686cadad39_699aa0b027.pdf
move,Healthcare_Master\5511_0_f0abdc3469.pdf,02_Corpus\Healthcare\01_Core_Regulatory\5511_0_f0abdc3469.pdf
move,Healthcare_Master\5th OM COVID-19 - 5.pdf,02_Corpus\Healthcare\06_Review\5th OM COVID-19 - 5.pdf
move,Healthcare_Master\6. Guidelines for Ophthalmology_400be7af.pdf,02_Corpus\Healthcare\04_Supporting_Guidance\6. Guidelines for Ophthalmology_400be7af.pdf
move,Healthcare_Master\6381b33c4d25c4363679438afea500af_c583d416.pdf,02_Corpus\Healthcare\02_Core_PMJAY_Insurance\6381b33c4d25c4363679438afea500af_c583d416.pdf
move,Healthcare_Master\7. Guidelines for ENT_93801303.pdf,02_Corpus\Healthcare\06_Review\7. Guidelines for ENT_93801303.pdf
move,Healthcare_Master\73f6292ba65a28d63c70b4d836896318_b814dd9d.pdf,02_Corpus\Healthcare\06_Review\73f6292ba65a28d63c70b4d836896318_b814dd9d.pdf
move,Healthcare_Master\8. Guidelines for Orthopaedics_a1992caa.pdf,02_Corpus\Healthcare\04_Supporting_Guidance\8. Guidelines for Orthopaedics_a1992caa.pdf
move,Healthcare_Master\829bf86e304132dfae9962855c57dcd8_204ecd23.pdf,02_Corpus\Healthcare\06_Review\829bf86e304132dfae9962855c57dcd8_204ecd23.pdf
move,Healthcare_Master\9. Guidelines for Medicine (Respiratory)_bb0522e1.pdf,02_Corpus\Healthcare\06_Review\9. Guidelines for Medicine (Respiratory)_bb0522e1.pdf
move,Healthcare_Master\Advisory on MTD for the Selection of Implementation Support Agency (ISA) Volume I.pdf,02_Corpus\Healthcare\06_Review\Advisory on MTD for the Selection of Implementation Support Agency (ISA) Volume I.pdf
move,Healthcare_Master\Annexure I Pre-Authorization Form.pdf,02_Corpus\Healthcare\02_Core_PMJAY_Insurance\Annexure I Pre-Authorization Form.pdf
move,Healthcare_Master\Annexure II - Discharge Summary.pdf,02_Corpus\Healthcare\01_Core_Regulatory\Annexure II - Discharge Summary.pdf
move,Healthcare_Master\Anti Fraud Guidelines.pdf,02_Corpus\Healthcare\06_Review\Anti Fraud Guidelines.pdf
move,Healthcare_Master\Assurance Model Download.pdf,02_Corpus\Healthcare\05_Draft_Proposed\Assurance Model Download.pdf
move,Healthcare_Master\Ayurveda (587.56 KB )_b42daed5.pdf,02_Corpus\Healthcare\05_Draft_Proposed\Ayurveda (587.56 KB )_b42daed5.pdf
move,Healthcare_Master\BIS - Guidelines on disabling BIS e-Card.pdf,02_Corpus\Healthcare\06_Review\BIS - Guidelines on disabling BIS e-Card.pdf
move,Healthcare_Master\Background note.pdf,02_Corpus\Healthcare\02_Core_PMJAY_Insurance\Background note.pdf
move,Healthcare_Master\CPIO Order_083885f2.pdf,02_Corpus\Healthcare\06_Review\CPIO Order_083885f2.pdf
move,Healthcare_Master\Capacity Building Guideline.pdf,02_Corpus\Healthcare\06_Review\Capacity Building Guideline.pdf
move,Healthcare_Master\Checklist for District Collectors_Coordinators.pdf,02_Corpus\Healthcare\04_Supporting_Guidance\Checklist for District Collectors_Coordinators.pdf
move,Healthcare_Master\Checklist for State Secretaries.pdf,02_Corpus\Healthcare\06_Review\Checklist for State Secretaries.pdf
move,Healthcare_Master\Checklist for ULB_Ward Nodal Officers.pdf,02_Corpus\Healthcare\04_Supporting_Guidance\Checklist for ULB_Ward Nodal Officers.pdf
move,Healthcare_Master\Click Here To View This Regulation_0e21152e.pdf,02_Corpus\Healthcare\01_Core_Regulatory\Click Here To View This Regulation_0e21152e.pdf
move,Healthcare_Master\Clinic_Polyclinic Only Consultation (227.68 KB )_89cc5997.pdf,02_Corpus\Healthcare\01_Core_Regulatory\Clinic_Polyclinic Only Consultation (227.68 KB )_89cc5997.pdf
move,Healthcare_Master\Clinic_Polyclinic With Diagnostic Support (294.36 KB )_c53f2be6.pdf,02_Corpus\Healthcare\01_Core_Regulatory\Clinic_Polyclinic With Diagnostic Support (294.36 KB )_c53f2be6.pdf
move,Healthcare_Master\Clinic_Polyclinic With Dispensary (235.48 KB )_f3126b34.pdf,02_Corpus\Healthcare\01_Core_Regulatory\Clinic_Polyclinic With Dispensary (235.48 KB )_f3126b34.pdf
move,Healthcare_Master\Clinic_Polyclinic With Observation (346.75 KB )_c6378358.pdf,02_Corpus\Healthcare\01_Core_Regulatory\Clinic_Polyclinic With Observation (346.75 KB )_c6378358.pdf
move,Healthcare_Master\Clinical Establishment Act Standards for Mortuary (223.15 KB )_97a96cde.pdf,02_Corpus\Healthcare\01_Core_Regulatory\Clinical Establishment Act Standards for Mortuary (223.15 KB )_97a96cde.pdf
move,Healthcare_Master\Clinical Establishment Act Standards for Sample Collection And Sample Transport policy (289.98 KB )_1e37b970.pdf,02_Corpus\Healthcare\01_Core_Regulatory\Clinical Establishment Act Standards for Sample Collection And Sample Transport policy (289.98 KB )_1e37b970.pdf
move,Healthcare_Master\Clinical Establishments (Central Government) Rules 2012(Hindi and English)_e575418c.pdf,02_Corpus\Healthcare\01_Core_Regulatory\Clinical Establishments (Central Government) Rules 2012(Hindi and English)_e575418c.pdf
move,Healthcare_Master\Collection Centres and point of care testing etc. (502.31 KB )_1f5ace4e.pdf,02_Corpus\Healthcare\05_Draft_Proposed\Collection Centres and point of care testing etc. (502.31 KB )_1f5ace4e.pdf
move,Healthcare_Master\Cosmetology Clinic (329.69 KB )_48435b8b.pdf,02_Corpus\Healthcare\01_Core_Regulatory\Cosmetology Clinic (329.69 KB )_48435b8b.pdf
move,Healthcare_Master\Dental Lab (204.6 KB )_386aa5c5.pdf,02_Corpus\Healthcare\01_Core_Regulatory\Dental Lab (204.6 KB )_386aa5c5.pdf
move,Healthcare_Master\Details of CPIOs and First Appellate Authorities in NMC_Boards_13dca7da.pdf,02_Corpus\Healthcare\03_Medical_Regulation_Education\Details of CPIOs and First Appellate Authorities in NMC_Boards_13dca7da.pdf
move,Healthcare_Master\Digital-Personal-Data-Protection-Act-2023-1_b2fe3e0ace.pdf,02_Corpus\Healthcare\01_Core_Regulatory\Digital-Personal-Data-Protection-Act-2023-1_b2fe3e0ace.pdf
move,Healthcare_Master\Download this Document.pdf,02_Corpus\Healthcare\05_Draft_Proposed\Download this Document.pdf
move,Healthcare_Master\Download.pdf,02_Corpus\Healthcare\02_Core_PMJAY_Insurance\Download.pdf
move,Healthcare_Master\Draft_guidance_note_on_untied_funds_13b2823e.pdf,02_Corpus\Healthcare\05_Draft_Proposed\Draft_guidance_note_on_untied_funds_13b2823e.pdf
move,Healthcare_Master\EsC1D3C4pllbq186EDqZxfN01cHjDZdOAXAK1Bea_80e6de8a71.pdf,02_Corpus\Healthcare\06_Review\EsC1D3C4pllbq186EDqZxfN01cHjDZdOAXAK1Bea_80e6de8a71.pdf
move,Healthcare_Master\Escrow Bank Account Guidelines.pdf,02_Corpus\Healthcare\02_Core_PMJAY_Insurance\Escrow Bank Account Guidelines.pdf
move,"Healthcare_Master\Establishment of Medical College Regulation,(Amendment), 2020 Dated 28.10.2020 (MARB)_62b8bfcc.pdf","02_Corpus\Healthcare\01_Core_Regulatory\Establishment of Medical College Regulation,(Amendment), 2020 Dated 28.10.2020 (MARB)_62b8bfcc.pdf"
move,"Healthcare_Master\FAQ on NMC Act, 2019_8858bcb5.pdf","02_Corpus\Healthcare\03_Medical_Regulation_Education\FAQ on NMC Act, 2019_8858bcb5.pdf"
move,Healthcare_Master\FINAL_Operational_Guidelines_for_Primary_Eye_Care__28_pages__Dt__23_06_2020_1__26e16272.pdf,02_Corpus\Healthcare\06_Review\FINAL_Operational_Guidelines_for_Primary_Eye_Care__28_pages__Dt__23_06_2020_1__26e16272.pdf
move,Healthcare_Master\Final_MNS_Operational_Guidelines_-_Web_Optimized_PDF_Version_-_19_11_20_eee9ba54.pdf,02_Corpus\Healthcare\06_Review\Final_MNS_Operational_Guidelines_-_Web_Optimized_PDF_Version_-_19_11_20_eee9ba54.pdf
move,Healthcare_Master\Gazette Notification Dated 24th May 2021 for Constitution of National Council for Clinical Establishments (1.14 MB )_08cdba75.pdf,02_Corpus\Healthcare\01_Core_Regulatory\Gazette Notification Dated 24th May 2021 for Constitution of National Council for Clinical Establishments (1_08cdba75.pdf
move,"Healthcare_Master\Gazette Notification of Clinical Establishments (Registration and Regulation) ACT, 2010, Dated 28 Febtruary 2012 (32 KB )_6aa325cc.pdf","02_Corpus\Healthcare\01_Core_Regulatory\Gazette Notification of Clinical Establishments (Registration and Regulation) ACT, 2010, Dated 28 Febtruary 2_6aa325cc.pdf"
move,Healthcare_Master\Graduate Medical Education Regulations 1997 (Amendment Dated 04.11.2019 (UGMEB)_6a8530b1.pdf,02_Corpus\Healthcare\03_Medical_Regulation_Education\Graduate Medical Education Regulations 1997 (Amendment Dated 04.11.2019 (UGMEB)_6a8530b1.pdf
move,Healthcare_Master\Guidelines for Additional Collection Drive in Urban Area.pdf,02_Corpus\Healthcare\06_Review\Guidelines for Additional Collection Drive in Urban Area.pdf
move,Healthcare_Master\Guidelines for Ayurveda_1e8976c3.pdf,02_Corpus\Healthcare\06_Review\Guidelines for Ayurveda_1e8976c3.pdf
move,Healthcare_Master\Guidelines for Ayushman Mitra.pdf,02_Corpus\Healthcare\02_Core_PMJAY_Insurance\Guidelines for Ayushman Mitra.pdf
move,Healthcare_Master\Guidelines for Claim Amount Utilisation by Public Hospitals.pdf,02_Corpus\Healthcare\02_Core_PMJAY_Insurance\Guidelines for Claim Amount Utilisation by Public Hospitals.pdf
move,Healthcare_Master\Guidelines for Grievance Redressal.pdf,02_Corpus\Healthcare\06_Review\Guidelines for Grievance Redressal.pdf
move,Healthcare_Master\Guidelines for Portability of Services.pdf,02_Corpus\Healthcare\06_Review\Guidelines for Portability of Services.pdf
move,Healthcare_Master\Guidelines for Siddha (Draft)_3c871acb.pdf,02_Corpus\Healthcare\06_Review\Guidelines for Siddha (Draft)_3c871acb.pdf
move,Healthcare_Master\Guidelines for Young Professional Program.pdf,02_Corpus\Healthcare\06_Review\Guidelines for Young Professional Program.pdf
move,Healthcare_Master\Guidelines for usage of Software in Poor Connectivity Scenarios.pdf,02_Corpus\Healthcare\06_Review\Guidelines for usage of Software in Poor Connectivity Scenarios.pdf
move,Healthcare_Master\Guidelines on Claim Settlement.pdf,02_Corpus\Healthcare\02_Core_PMJAY_Insurance\Guidelines on Claim Settlement.pdf
move,Healthcare_Master\Guidelines on Formation of State Health Agency and District Implementation Unit.pdf,02_Corpus\Healthcare\02_Core_PMJAY_Insurance\Guidelines on Formation of State Health Agency and District Implementation Unit.pdf
move,Healthcare_Master\Guidelines on Process for Hospital Transaction.pdf,02_Corpus\Healthcare\01_Core_Regulatory\Guidelines on Process for Hospital Transaction.pdf
move,Healthcare_Master\Guidelines on Process of Beneficiary Identification.pdf,02_Corpus\Healthcare\02_Core_PMJAY_Insurance\Guidelines on Process of Beneficiary Identification.pdf
move,Healthcare_Master\Guidelines on Process of Empanelment for Hospital.pdf,02_Corpus\Healthcare\02_Core_PMJAY_Insurance\Guidelines on Process of Empanelment for Hospital.pdf
move,Healthcare_Master\Guidelines on Release of Premium and Escrow account.pdf,02_Corpus\Healthcare\02_Core_PMJAY_Insurance\Guidelines on Release of Premium and Escrow account.pdf
move,Healthcare_Master\Guidelines on Security & Privacy.pdf,02_Corpus\Healthcare\01_Core_Regulatory\Guidelines on Security & Privacy.pdf
move,Healthcare_Master\Hair Transplant Center (83.87 KB )_9c34a4c9.pdf,02_Corpus\Healthcare\01_Core_Regulatory\Hair Transplant Center (83.87 KB )_9c34a4c9.pdf
move,Healthcare_Master\Homoeopathy (1.23 MB )_f2f51a3d.pdf,02_Corpus\Healthcare\05_Draft_Proposed\Homoeopathy (1.23 MB )_f2f51a3d.pdf
move,Healthcare_Master\Hospital(Level 2) (832.09 KB )_93a6641a.pdf,02_Corpus\Healthcare\01_Core_Regulatory\Hospital(Level 2) (832.09 KB )_93a6641a.pdf
move,Healthcare_Master\Hospital(Level 3) (734.36 KB )_6c46efa2.pdf,02_Corpus\Healthcare\01_Core_Regulatory\Hospital(Level 3) (734.36 KB )_6c46efa2.pdf
move,Healthcare_Master\Insurance Model Download.pdf,02_Corpus\Healthcare\06_Review\Insurance Model Download.pdf
move,Healthcare_Master\Jan_Aarogya_Samiti_Web_Compressed_11742585.pdf,02_Corpus\Healthcare\06_Review\Jan_Aarogya_Samiti_Web_Compressed_11742585.pdf
move,Healthcare_Master\KEpwkMzgUwYNR49OrJaqvLcIpeytGPg7XGcorhTg_e8cef64166.pdf,02_Corpus\Healthcare\01_Core_Regulatory\KEpwkMzgUwYNR49OrJaqvLcIpeytGPg7XGcorhTg_e8cef64166.pdf
move,Healthcare_Master\Minimum requirement for 100 admissions_043a1097.pdf,02_Corpus\Healthcare\06_Review\Minimum requirement for 100 admissions_043a1097.pdf
move,Healthcare_Master\Minimum requirement for 150 admissions_6f224be1.pdf,02_Corpus\Healthcare\06_Review\Minimum requirement for 150 admissions_6f224be1.pdf
move,Healthcare_Master\Minimum requirement for 200 admissions_b4c9b349.pdf,02_Corpus\Healthcare\06_Review\Minimum requirement for 200 admissions_b4c9b349.pdf
move,Healthcare_Master\Minimum requirement for 250 admissions_1b887e74.pdf,02_Corpus\Healthcare\06_Review\Minimum requirement for 250 admissions_1b887e74.pdf
move,Healthcare_Master\Minimum requirement for 50 admissions_9c4066f8.pdf,02_Corpus\Healthcare\06_Review\Minimum requirement for 50 admissions_9c4066f8.pdf
move,Healthcare_Master\Mobile Clinic Only Consultation (202.75 KB )_d24789a8.pdf,02_Corpus\Healthcare\01_Core_Regulatory\Mobile Clinic Only Consultation (202.75 KB )_d24789a8.pdf
move,Healthcare_Master\Mobile Clinic With Procedure (263.74 KB )_c7e80923.pdf,02_Corpus\Healthcare\01_Core_Regulatory\Mobile Clinic With Procedure (263.74 KB )_c7e80923.pdf
move,Healthcare_Master\Mobile Dental Van (284.1 KB )_48efd80d.pdf,02_Corpus\Healthcare\01_Core_Regulatory\Mobile Dental Van (284.1 KB )_48efd80d.pdf
move,Healthcare_Master\Model Tender Document for ISA Volume I.pdf,02_Corpus\Healthcare\02_Core_PMJAY_Insurance\Model Tender Document for ISA Volume I.pdf
move,Healthcare_Master\Model Tender Document for ISA Volume II.pdf,02_Corpus\Healthcare\02_Core_PMJAY_Insurance\Model Tender Document for ISA Volume II.pdf
move,Healthcare_Master\Model Tender Document for ISA Volume III version 2.0.pdf,02_Corpus\Healthcare\02_Core_PMJAY_Insurance\Model Tender Document for ISA Volume III version 2.0.pdf
move,Healthcare_Master\Model Tender Document for Selection of Insurance Company for the implementation of Ayushman Bharat - Vol I.pdf,02_Corpus\Healthcare\02_Core_PMJAY_Insurance\Model Tender Document for Selection of Insurance Company for the implementation of Ayushman Bharat - Vol I.pdf
move,Healthcare_Master\Model Tender Document for Selection of Insurance Company for the implementation of Ayushman Bharat - Vol II.pdf,02_Corpus\Healthcare\02_Core_PMJAY_Insurance\Model Tender Document for Selection of Insurance Company for the implementation of Ayushman Bharat - Vol II.pdf
move,Healthcare_Master\Model Tender Document for Selection of Insurance Company for the implementation of Ayushman Bharat - Vol III.pdf,02_Corpus\Healthcare\02_Core_PMJAY_Insurance\Model Tender Document for Selection of Insurance Company for the implementation of Ayushman Bharat - Vol III.pdf
move,"Healthcare_Master\Model agreement between Empanelled Healthcare Provider, SHA and insurer or ISA.pdf","02_Corpus\Healthcare\02_Core_PMJAY_Insurance\Model agreement between Empanelled Healthcare Provider, SHA and insurer or ISA.pdf"
move,Healthcare_Master\NHA Data Privacy Policy Version 1.0.pdf,02_Corpus\Healthcare\01_Core_Regulatory\NHA Data Privacy Policy Version 1.0.pdf
move,Healthcare_Master\NHA OM - 6.pdf,02_Corpus\Healthcare\02_Core_PMJAY_Insurance\NHA OM - 6.pdf
move,Healthcare_Master\NHA OM on Covid - 1.pdf,02_Corpus\Healthcare\02_Core_PMJAY_Insurance\NHA OM on Covid - 1.pdf
move,Healthcare_Master\NHA Volunteer Guidelines.pdf,02_Corpus\Healthcare\06_Review\NHA Volunteer Guidelines.pdf
move,Healthcare_Master\NMC ANNUAL 2022-23_ENGLISH_98c6f675.pdf,02_Corpus\Healthcare\03_Medical_Regulation_Education\NMC ANNUAL 2022-23_ENGLISH_98c6f675.pdf
move,Healthcare_Master\NMC ANNUAL 2022-23_HINDI_27b59565.pdf,02_Corpus\Healthcare\03_Medical_Regulation_Education\NMC ANNUAL 2022-23_HINDI_27b59565.pdf
move,Healthcare_Master\NMC ANNUAL 2023_24_ENGLISH_e5cbb50e.pdf,02_Corpus\Healthcare\03_Medical_Regulation_Education\NMC ANNUAL 2023_24_ENGLISH_e5cbb50e.pdf
move,Healthcare_Master\NMC ANNUAL 2023_24_HINDI_7409aed3.pdf,02_Corpus\Healthcare\03_Medical_Regulation_Education\NMC ANNUAL 2023_24_HINDI_7409aed3.pdf
move,Healthcare_Master\NMC ANNUAL 2024_25_ENGLISH_fd43fb51.pdf,02_Corpus\Healthcare\03_Medical_Regulation_Education\NMC ANNUAL 2024_25_ENGLISH_fd43fb51.pdf
move,Healthcare_Master\NMC ANNUAL 2024_25_HINDI_ae4c7872.pdf,02_Corpus\Healthcare\03_Medical_Regulation_Education\NMC ANNUAL 2024_25_HINDI_ae4c7872.pdf
move,"Healthcare_Master\NMC Act, 2019 English_e107fc27.pdf","02_Corpus\Healthcare\03_Medical_Regulation_Education\NMC Act, 2019 English_e107fc27.pdf"
move,"Healthcare_Master\NMC Act, 2019 Hindi_67fffcf8.pdf","02_Corpus\Healthcare\03_Medical_Regulation_Education\NMC Act, 2019 Hindi_67fffcf8.pdf"
move,Healthcare_Master\National Standards for Blood Centres and Blood Transfusion Services (2nd Edition) (7.04 MB )_a550ce29.pdf,02_Corpus\Healthcare\01_Core_Regulatory\National Standards for Blood Centres and Blood Transfusion Services (2nd Edition) (7.04 MB )_a550ce29.pdf
move,Healthcare_Master\Naturopathy (921.3 KB )_ab458bbe.pdf,02_Corpus\Healthcare\05_Draft_Proposed\Naturopathy (921.3 KB )_ab458bbe.pdf
move,Healthcare_Master\New_Privacy_Policy.3833de7c114b64627a9d_60acbab79e.pdf,02_Corpus\Healthcare\01_Core_Regulatory\New_Privacy_Policy.3833de7c114b64627a9d_60acbab79e.pdf
move,Healthcare_Master\OM Dt. 1 Dec - 2.pdf,02_Corpus\Healthcare\06_Review\OM Dt. 1 Dec - 2.pdf
move,Healthcare_Master\OperationalGuidelinesDHIS.a35651cdf843e0b399c2_1565958836.pdf,02_Corpus\Healthcare\06_Review\OperationalGuidelinesDHIS.a35651cdf843e0b399c2_1565958836.pdf
move,"Healthcare_Master\Operational_Guidelines_Ear,_Nose_and_Throat_(ENT)_Care_at_HWCs_f8628165.pdf","02_Corpus\Healthcare\06_Review\Operational_Guidelines_Ear,_Nose_and_Throat_(ENT)_Care_at_HWCs_f8628165.pdf"
move,Healthcare_Master\Operational_Guidelines_for_Oral_Health_Care_at_HWCs__2020__b4c41c18.pdf,02_Corpus\Healthcare\06_Review\Operational_Guidelines_for_Oral_Health_Care_at_HWCs__2020__b4c41c18.pdf
move,Healthcare_Master\Operational_Guidelines_for_Primary_Eye_Care_at_HWCs_bce8776e.pdf,02_Corpus\Healthcare\06_Review\Operational_Guidelines_for_Primary_Eye_Care_at_HWCs_bce8776e.pdf
move,Healthcare_Master\Oral_Health_(Inner)-_Brown_(FINAL)_92f104ec.pdf,02_Corpus\Healthcare\04_Supporting_Guidance\Oral_Health_(Inner)-_Brown_(FINAL)_92f104ec.pdf
move,Healthcare_Master\PM-JAY Process Flow at Empanelled Hospitals.pdf,02_Corpus\Healthcare\02_Core_PMJAY_Insurance\PM-JAY Process Flow at Empanelled Hospitals.pdf
move,"Healthcare_Master\Phasewise requirements for LOI, LOP, renewals_f0e8b30b.pdf","02_Corpus\Healthcare\06_Review\Phasewise requirements for LOI, LOP, renewals_f0e8b30b.pdf"
move,Healthcare_Master\Physiotherapy Centre (290.18 KB )_4ba34dd3.pdf,02_Corpus\Healthcare\01_Core_Regulatory\Physiotherapy Centre (290.18 KB )_4ba34dd3.pdf
move,Healthcare_Master\Posters for Urban Additional Data Collection Drive.pdf,02_Corpus\Healthcare\06_Review\Posters for Urban Additional Data Collection Drive.pdf
move,Healthcare_Master\Presentation.pdf,02_Corpus\Healthcare\02_Core_PMJAY_Insurance\Presentation.pdf
move,Healthcare_Master\Release of Grant in Aid-Trust Mode.pdf,02_Corpus\Healthcare\01_Core_Regulatory\Release of Grant in Aid-Trust Mode.pdf
move,Healthcare_Master\Siddha (1.27 MB )_759592c7.pdf,02_Corpus\Healthcare\04_Supporting_Guidance\Siddha (1.27 MB )_759592c7.pdf
move,Healthcare_Master\Sowa-Rigpa (1.16 MB )_ffb9616f.pdf,02_Corpus\Healthcare\05_Draft_Proposed\Sowa-Rigpa (1.16 MB )_ffb9616f.pdf
move,Healthcare_Master\Telemedicine_Practice_Guidelines_1e67ab72.pdf,02_Corpus\Healthcare\01_Core_Regulatory\Telemedicine_Practice_Guidelines_1e67ab72.pdf
move,Healthcare_Master\Unani (1.35 MB )_e48ef983.pdf,02_Corpus\Healthcare\05_Draft_Proposed\Unani (1.35 MB )_e48ef983.pdf
move,Healthcare_Master\Volunteer Application Form.pdf,02_Corpus\Healthcare\02_Core_PMJAY_Insurance\Volunteer Application Form.pdf
move,Healthcare_Master\WFMECertificateofRecognitionStatus_f2f3973b.pdf,02_Corpus\Healthcare\06_Review\WFMECertificateofRecognitionStatus_f2f3973b.pdf
move,Healthcare_Master\YOGA (822.68 KB )_a0b00ce1.pdf,02_Corpus\Healthcare\04_Supporting_Guidance\YOGA (822.68 KB )_a0b00ce1.pdf
move,Healthcare_Master\a) Full Document_0d7e8ad1.pdf,02_Corpus\Healthcare\04_Supporting_Guidance\a) Full Document_0d7e8ad1.pdf
move,Healthcare_Master\a) Full Document_12d1e7c9.pdf,02_Corpus\Healthcare\04_Supporting_Guidance\a) Full Document_12d1e7c9.pdf
move,Healthcare_Master\a) Full Document_145bcabf.pdf,02_Corpus\Healthcare\04_Supporting_Guidance\a) Full Document_145bcabf.pdf
move,Healthcare_Master\a) Full Document_54636977.pdf,02_Corpus\Healthcare\04_Supporting_Guidance\a) Full Document_54636977.pdf
move,Healthcare_Master\a) Full Document_5e6ad719.pdf,02_Corpus\Healthcare\04_Supporting_Guidance\a) Full Document_5e6ad719.pdf
move,Healthcare_Master\a) Full Document_83ac33fe.pdf,02_Corpus\Healthcare\04_Supporting_Guidance\a) Full Document_83ac33fe.pdf
move,Healthcare_Master\a) Full Document_9dcede56.pdf,02_Corpus\Healthcare\04_Supporting_Guidance\a) Full Document_9dcede56.pdf
move,Healthcare_Master\a) Full Document_a71f4752.pdf,02_Corpus\Healthcare\04_Supporting_Guidance\a) Full Document_a71f4752.pdf
move,Healthcare_Master\a) Full Document_aa6a7aa2.pdf,02_Corpus\Healthcare\04_Supporting_Guidance\a) Full Document_aa6a7aa2.pdf
move,Healthcare_Master\a) Full Document_ca071578.pdf,02_Corpus\Healthcare\04_Supporting_Guidance\a) Full Document_ca071578.pdf
move,Healthcare_Master\a) Quick Reference Guide_7c941c61.pdf,02_Corpus\Healthcare\04_Supporting_Guidance\a) Quick Reference Guide_7c941c61.pdf
move,Healthcare_Master\a) Quick Reference Guide_9860dfda.pdf,02_Corpus\Healthcare\04_Supporting_Guidance\a) Quick Reference Guide_9860dfda.pdf
move,Healthcare_Master\ac403676f3b66475ba027e70b06b1a7c_3b77f427.pdf,02_Corpus\Healthcare\06_Review\ac403676f3b66475ba027e70b06b1a7c_3b77f427.pdf
move,Healthcare_Master\b) Quick Reference Guide_0d2df81f.pdf,02_Corpus\Healthcare\06_Review\b) Quick Reference Guide_0d2df81f.pdf
move,Healthcare_Master\b) Quick Reference Guide_4c51b27b.pdf,02_Corpus\Healthcare\04_Supporting_Guidance\b) Quick Reference Guide_4c51b27b.pdf
move,Healthcare_Master\b) Quick Reference Guide_51682d59.pdf,02_Corpus\Healthcare\04_Supporting_Guidance\b) Quick Reference Guide_51682d59.pdf
move,Healthcare_Master\b) Quick Reference Guide_5cbc8467.pdf,02_Corpus\Healthcare\04_Supporting_Guidance\b) Quick Reference Guide_5cbc8467.pdf
move,Healthcare_Master\b) Quick Reference Guide_6c52ed7f.pdf,02_Corpus\Healthcare\06_Review\b) Quick Reference Guide_6c52ed7f.pdf
move,Healthcare_Master\b) Quick Reference Guide_98a2299e.pdf,02_Corpus\Healthcare\01_Core_Regulatory\b) Quick Reference Guide_98a2299e.pdf
move,Healthcare_Master\b) Quick Reference Guide_af9910df.pdf,02_Corpus\Healthcare\04_Supporting_Guidance\b) Quick Reference Guide_af9910df.pdf
move,Healthcare_Master\b) Quick Reference Guide_e2c82758.pdf,02_Corpus\Healthcare\04_Supporting_Guidance\b) Quick Reference Guide_e2c82758.pdf
move,Healthcare_Master\b09f1edf31a9165aebf486a55bbe54f5_227c75f0.pdf,02_Corpus\Healthcare\06_Review\b09f1edf31a9165aebf486a55bbe54f5_227c75f0.pdf
move,Healthcare_Master\c605f3d8993c1ea43937354a8970d104_274e13d8.pdf,02_Corpus\Healthcare\06_Review\c605f3d8993c1ea43937354a8970d104_274e13d8.pdf
move,Healthcare_Master\cc217843dc3bcb37b2b05bcc3b4e031f_66db4fbdf3.pdf,02_Corpus\Healthcare\01_Core_Regulatory\cc217843dc3bcb37b2b05bcc3b4e031f_66db4fbdf3.pdf
move,Healthcare_Master\cdc59be4f64be9217515d5c5cf618da9_f2bd4918.pdf,02_Corpus\Healthcare\02_Core_PMJAY_Insurance\cdc59be4f64be9217515d5c5cf618da9_f2bd4918.pdf
move,Healthcare_Master\do5GahELoz4cmMVrnbHsBATwu0LhtoPk3WtPztwE_1f72d19ff6.pdf,02_Corpus\Healthcare\01_Core_Regulatory\do5GahELoz4cmMVrnbHsBATwu0LhtoPk3WtPztwE_1f72d19ff6.pdf
move,Healthcare_Master\ecc507d177d47211fab41162b1f21271_776c1ab0.pdf,02_Corpus\Healthcare\02_Core_PMJAY_Insurance\ecc507d177d47211fab41162b1f21271_776c1ab0.pdf
move,Healthcare_Master\health_management_policy_bac9429a79.80f74bc3e039c00acd4f_d93954bfd0.pdf,02_Corpus\Healthcare\04_Supporting_Guidance\health_management_policy_bac9429a79.80f74bc3e039c00acd4f_d93954bfd0.pdf
move,Healthcare_Master\jZVZXE6Ckm7GWp9mv4cn0xEsv3t91EBm5Bgbw28P_d3e293fac3.pdf,02_Corpus\Healthcare\01_Core_Regulatory\jZVZXE6Ckm7GWp9mv4cn0xEsv3t91EBm5Bgbw28P_d3e293fac3.pdf
move,Healthcare_Master\nzyjp7JUGsKuXhSHnhNzeCvHNnaiXciXeusaiHr9_78dd89af74.pdf,02_Corpus\Healthcare\06_Review\nzyjp7JUGsKuXhSHnhNzeCvHNnaiXciXeusaiHr9_78dd89af74.pdf
move,Healthcare_Master\o67fwyKJjRIJ2zLukPlJjqffWfj5aF3opCDVaIlu_058f1b0ee1.pdf,02_Corpus\Healthcare\01_Core_Regulatory\o67fwyKJjRIJ2zLukPlJjqffWfj5aF3opCDVaIlu_058f1b0ee1.pdf
move,Healthcare_Master\सीईए के लिए परिचालन दिशानिर्देश_83c8fb9b.pdf,02_Corpus\Healthcare\01_Core_Regulatory\सीईए के लिए परिचालन दिशानिर्देश_83c8fb9b.pdf
move,Real Estate\KRERA_Documents\Applications are invited for the post of Chairperson in the Karnataka Real Estate Regulatory Authority_f17ac41f.pdf,02_Corpus\RERA\04_Review\Applications are invited for the post of Chairperson in the Karnataka Real Estate Regulatory Authority_f17ac41f.pdf
move,Real Estate\KRERA_Documents\Applications are invited for the post of One Judicial Member in the Karnataka Real Estate Appellate Tribunal_bed6f9bc.pdf,02_Corpus\RERA\04_Review\Applications are invited for the post of One Judicial Member in the Karnataka Real Estate Appellate Tribunal_bed6f9bc.pdf
move,Real Estate\KRERA_Documents\Applications are invited for the post of one Technical_Administrative Member in the Karnataka Real Estate Appellate Tribunal_d1b9bf87.pdf,02_Corpus\RERA\04_Review\Applications are invited for the post of one Technical_Administrative Member in the Karnataka Real Estate Appellate Tribunal_d1b9bf87.pdf
move,Real Estate\KRERA_Documents\Applications are invited for the vacant post of Member in the Karnataka Real Estate Appellate Tribunal_b13c1dc3.pdf,02_Corpus\RERA\04_Review\Applications are invited for the vacant post of Member in the Karnataka Real Estate Appellate Tribunal_b13c1dc3.pdf
move,Real Estate\KRERA_Documents\Applications are invited from eligible candidates for the post of Legal Advisor in Karnataka Real Estate Regulatory Authority_4be0872f.pdf,02_Corpus\RERA\04_Review\Applications are invited from eligible candidates for the post of Legal Advisor in Karnataka Real Estate Regulatory Authorit_4be0872f.pdf
move,"Real Estate\KRERA_Documents\Applications are invited from eligible candidates for various posts in Karnataka Real Estate Regulatory Authority, Bengaluru_b4a4becf.pdf","02_Corpus\RERA\04_Review\Applications are invited from eligible candidates for various posts in Karnataka Real Estate Regulatory Authority, Bengaluru_b4a4becf.pdf"
move,Real Estate\KRERA_Documents\Circular on GST_3d3273ae.pdf,02_Corpus\RERA\04_Review\Circular on GST_3d3273ae.pdf
move,Real Estate\KRERA_Documents\Circular on Registration of Real Estate Agents_dd1ce7af.pdf,02_Corpus\RERA\02_Karnataka_RERA\Circular on Registration of Real Estate Agents_dd1ce7af.pdf
move,Real Estate\KRERA_Documents\Circular regarding submission of Quarterly updates for the project extended under Section 7_0b15c588.pdf,02_Corpus\RERA\02_Karnataka_RERA\Circular regarding submission of Quarterly updates for the project extended under Section 7_0b15c588.pdf
move,"Real Estate\KRERA_Documents\Extension of Time for Submission of Annual Audit report as per Section 4(2)(l)(D) of the RERA Act, 2016_fcc36092.pdf","02_Corpus\RERA\02_Karnataka_RERA\Extension of Time for Submission of Annual Audit report as per Section 4(2)(l)(D) of the RERA Act, 2016_fcc36092.pdf"
move,Real Estate\KRERA_Documents\Fee for further Extension under Sec 7 of RERA Act 2016_1d3215e7.pdf,02_Corpus\RERA\02_Karnataka_RERA\Fee for further Extension under Sec 7 of RERA Act 2016_1d3215e7.pdf
move,Real Estate\KRERA_Documents\Fees and Head of Account Details for K-REAT Appeals_3ae3bdb5.pdf,02_Corpus\RERA\02_Karnataka_RERA\Fees and Head of Account Details for K-REAT Appeals_3ae3bdb5.pdf
move,Real Estate\KRERA_Documents\Formation Of Conciliation and Dispute Resolution Cell In K-RERA_44213859.pdf,02_Corpus\RERA\02_Karnataka_RERA\Formation Of Conciliation and Dispute Resolution Cell In K-RERA_44213859.pdf
move,Real Estate\KRERA_Documents\Guidelines For Extension of Registration Process_d2bea044.pdf,02_Corpus\RERA\03_Supporting_Guidance\Guidelines For Extension of Registration Process_d2bea044.pdf
move,Real Estate\KRERA_Documents\Guidelines for Change of Project Name_80927302.pdf,02_Corpus\RERA\03_Supporting_Guidance\Guidelines for Change of Project Name_80927302.pdf
move,Real Estate\KRERA_Documents\Guidelines for Releasing of advertisement in print and Electronic media_2bc27cd5.pdf,02_Corpus\RERA\03_Supporting_Guidance\Guidelines for Releasing of advertisement in print and Electronic media_2bc27cd5.pdf
move,Real Estate\KRERA_Documents\Guidelines to Digital Portals for Advertisement of Real Estate Projects - Reg_359c98fc.pdf,02_Corpus\RERA\03_Supporting_Guidance\Guidelines to Digital Portals for Advertisement of Real Estate Projects - Reg_359c98fc.pdf
move,Real Estate\KRERA_Documents\Imposing penalty for Non-Submission and Delay in Submission of Annual Audit Report for the Financial Year 2022-23_99863c6e.pdf,02_Corpus\RERA\02_Karnataka_RERA\Imposing penalty for Non-Submission and Delay in Submission of Annual Audit Report for the Financial Year 2022-23_99863c6e.pdf
move,Real Estate\KRERA_Documents\Imposing penalty for Non-Submission and Delay in Submission of Annual Audit Report for the Financial Year 2023-24_22a7a5f7.pdf,02_Corpus\RERA\02_Karnataka_RERA\Imposing penalty for Non-Submission and Delay in Submission of Annual Audit Report for the Financial Year 2023-24_22a7a5f7.pdf
move,Real Estate\KRERA_Documents\Imposing penalty for Non-Submission and Delay in Submission of Annual Audit Report for the Financial Year 2024-25_f2f49528.pdf,02_Corpus\RERA\02_Karnataka_RERA\Imposing penalty for Non-Submission and Delay in Submission of Annual Audit Report for the Financial Year 2024-25_f2f49528.pdf
move,Real Estate\KRERA_Documents\Imposing penalty for Non-Submission and Delay in Submission of Quarterly Progress Reports for the Financial Year 2025-26_1210f057.pdf,02_Corpus\RERA\02_Karnataka_RERA\Imposing penalty for Non-Submission and Delay in Submission of Quarterly Progress Reports for the Financial Year 202_1210f057.pdf
move,Real Estate\KRERA_Documents\Imposing penalty for delay in submission_ non-submission of Quarterly Updates for financial year 2026-27_c1c0bbfe.pdf,02_Corpus\RERA\02_Karnataka_RERA\Imposing penalty for delay in submission_ non-submission of Quarterly Updates for financial year 2026-27_c1c0bbfe.pdf
move,Real Estate\KRERA_Documents\Inviting Applications for Empanelment of Legal Counsel(s) to represent the Karnataka Real Estate Regulatory Authority_a119546d.pdf,02_Corpus\RERA\04_Review\Inviting Applications for Empanelment of Legal Counsel(s) to represent the Karnataka Real Estate Regulatory Authority_a119546d.pdf
move,Real Estate\KRERA_Documents\KRERA_CORE_RETRY_01.pdf,02_Corpus\RERA\02_Karnataka_RERA\KRERA_CORE_RETRY_01.pdf
move,Real Estate\KRERA_Documents\KRERA_CORE_RETRY_02.pdf,02_Corpus\RERA\03_Supporting_Guidance\KRERA_CORE_RETRY_02.pdf
move,Real Estate\KRERA_Documents\KRERA_CORE_RETRY_03.pdf,02_Corpus\RERA\02_Karnataka_RERA\KRERA_CORE_RETRY_03.pdf
move,Real Estate\KRERA_Documents\KRERA_CORE_RETRY_04.pdf,02_Corpus\RERA\02_Karnataka_RERA\KRERA_CORE_RETRY_04.pdf
move,Real Estate\KRERA_Documents\KRERA_CORE_RETRY_05.pdf,02_Corpus\RERA\02_Karnataka_RERA\KRERA_CORE_RETRY_05.pdf
move,Real Estate\KRERA_Documents\KRERA_CORE_RETRY_06.pdf,02_Corpus\RERA\02_Karnataka_RERA\KRERA_CORE_RETRY_06.pdf
move,Real Estate\KRERA_Documents\KRERA_CORE_RETRY_07.pdf,02_Corpus\RERA\02_Karnataka_RERA\KRERA_CORE_RETRY_07.pdf
move,Real Estate\KRERA_Documents\KRERA_CORE_RETRY_08.pdf,02_Corpus\RERA\02_Karnataka_RERA\KRERA_CORE_RETRY_08.pdf
move,Real Estate\KRERA_Documents\KRERA_CORE_RETRY_09.pdf,02_Corpus\RERA\02_Karnataka_RERA\KRERA_CORE_RETRY_09.pdf
move,Real Estate\KRERA_Documents\KRERA_CORE_RETRY_10.pdf,02_Corpus\RERA\02_Karnataka_RERA\KRERA_CORE_RETRY_10.pdf
move,Real Estate\KRERA_Documents\KRERA_CORE_RETRY_11.pdf,02_Corpus\RERA\02_Karnataka_RERA\KRERA_CORE_RETRY_11.pdf
move,Real Estate\KRERA_Documents\KRERA_CORE_RETRY_12.pdf,02_Corpus\RERA\02_Karnataka_RERA\KRERA_CORE_RETRY_12.pdf
move,Real Estate\KRERA_Documents\KRERA_CORE_RETRY_13.pdf,02_Corpus\RERA\04_Review\KRERA_CORE_RETRY_13.pdf
move,Real Estate\KRERA_Documents\Land Owners having Area_Revenue Share in Real Estate Project to be treated as Promoter (landowner)_c8c916fc.pdf,02_Corpus\RERA\02_Karnataka_RERA\Land Owners having Area_Revenue Share in Real Estate Project to be treated as Promoter (landowner)_c8c916fc.pdf
move,Real Estate\KRERA_Documents\Lets celebrate Azadi Ka Amrit Mahotsav by unfurling Tiranga at Home from 11-17 August 2022_a7980ff2.pdf,02_Corpus\RERA\04_Review\Lets celebrate Azadi Ka Amrit Mahotsav by unfurling Tiranga at Home from 11-17 August 2022_a7980ff2.pdf
move,"Real Estate\KRERA_Documents\Letter to Principal Secretary, Revenue Department, Bengaluru Division regarding Recovery of Arrears of Land Revenue_8c5cc507.pdf","02_Corpus\RERA\04_Review\Letter to Principal Secretary, Revenue Department, Bengaluru Division regarding Recovery of Arrears of Land Revenue_8c5cc507.pdf"
move,"Real Estate\KRERA_Documents\Letter to Regional Commissioner, Bengaluru Division regarding Recovery of Arrears of Land Revenue_1dc2e07b.pdf","02_Corpus\RERA\04_Review\Letter to Regional Commissioner, Bengaluru Division regarding Recovery of Arrears of Land Revenue_1dc2e07b.pdf"
move,"Real Estate\KRERA_Documents\Letter to Secretary, Housing Department, Bengaluru Division regarding Recovery of Arrears of Land Revenue_8abfc637.pdf","02_Corpus\RERA\04_Review\Letter to Secretary, Housing Department, Bengaluru Division regarding Recovery of Arrears of Land Revenue_8abfc637.pdf"
move,Real Estate\KRERA_Documents\List of Promoters Pending for Recovery as Arrears of Land Revenue who are not complied the Orders of K-RERA as on 30-06-2025_93a28c3f.pdf,02_Corpus\RERA\04_Review\List of Promoters Pending for Recovery as Arrears of Land Revenue who are not complied the Orders of K-RERA as on 30-06-2025_93a28c3f.pdf
move,Real Estate\KRERA_Documents\List of Promoters Pending for Recovery as Arrears of Land Revenue who are not complied the Orders of K-RERA as on 31-01-2024_e3bab0c2.pdf,02_Corpus\RERA\04_Review\List of Promoters Pending for Recovery as Arrears of Land Revenue who are not complied the Orders of K-RERA as on 31-01-2024_e3bab0c2.pdf
move,Real Estate\KRERA_Documents\List of Promoters Pending for Recovery as Arrears of Land Revenue who are not complied the Orders of K-RERA as on 31-08-2024_a25eb25a.pdf,02_Corpus\RERA\04_Review\List of Promoters Pending for Recovery as Arrears of Land Revenue who are not complied the Orders of K-RERA as on 31-08-2024_a25eb25a.pdf
move,Real Estate\KRERA_Documents\List of Promoters Pending for Recovery as Arrears of Land Revenue who are not complied the Orders of K-RERA as on 31-12-2024_bb843064.pdf,02_Corpus\RERA\04_Review\List of Promoters Pending for Recovery as Arrears of Land Revenue who are not complied the Orders of K-RERA as on 31-12-2024_bb843064.pdf
move,Real Estate\KRERA_Documents\Model Form of Allotment Letter_380634a0.pdf,02_Corpus\RERA\03_Supporting_Guidance\Model Form of Allotment Letter_380634a0.pdf
move,Real Estate\KRERA_Documents\Notification On Extension of Project_ed3d9e43.pdf,02_Corpus\RERA\02_Karnataka_RERA\Notification On Extension of Project_ed3d9e43.pdf
move,Real Estate\KRERA_Documents\Notification On Karnataka Real Estate Appellate Tribunal_bf8c0a17.pdf,02_Corpus\RERA\02_Karnataka_RERA\Notification On Karnataka Real Estate Appellate Tribunal_bf8c0a17.pdf
move,Real Estate\KRERA_Documents\Notification Regarding National Lok-Adalat 13.12.2025_c7cba780.pdf,02_Corpus\RERA\04_Review\Notification Regarding National Lok-Adalat 13.12.2025_c7cba780.pdf
move,Real Estate\KRERA_Documents\Notification on applicable penalty for ongoing projects_01da9896.pdf,02_Corpus\RERA\02_Karnataka_RERA\Notification on applicable penalty for ongoing projects_01da9896.pdf
move,Real Estate\KRERA_Documents\Notification shifting of RERA office to CSI building_23677f6e.pdf,02_Corpus\RERA\04_Review\Notification shifting of RERA office to CSI building_23677f6e.pdf
move,Real Estate\KRERA_Documents\Press Release 15_05_2019_875e1f3b.pdf,02_Corpus\RERA\04_Review\Press Release 15_05_2019_875e1f3b.pdf
move,Real Estate\KRERA_Documents\Press Release 22_04_2019_16eb6b99.pdf,02_Corpus\RERA\04_Review\Press Release 22_04_2019_16eb6b99.pdf
move,Real Estate\KRERA_Documents\Press release_68ef2eb8.pdf,02_Corpus\RERA\04_Review\Press release_68ef2eb8.pdf
move,Real Estate\KRERA_Documents\Procedure for K-RERA Conciliation and Dispute Resolution Cell_51ad5be5.pdf,02_Corpus\RERA\03_Supporting_Guidance\Procedure for K-RERA Conciliation and Dispute Resolution Cell_51ad5be5.pdf
move,Real Estate\KRERA_Documents\Procedure for transferring or assigning promoter's rights and liabilities to a third party_88738231.pdf,02_Corpus\RERA\03_Supporting_Guidance\Procedure for transferring or assigning promoter's rights and liabilities to a third party_88738231.pdf
move,Real Estate\KRERA_Documents\Public Notice_3391ed64.pdf,02_Corpus\RERA\04_Review\Public Notice_3391ed64.pdf
move,Real Estate\KRERA_Documents\Public Notification_8a4883e9.pdf,02_Corpus\RERA\04_Review\Public Notification_8a4883e9.pdf
move,Real Estate\KRERA_Documents\Publication of Guide for using National Building Code of India 2016 and Pamphlets for Homeowners and Home Buyers_f20d0e22.pdf,02_Corpus\RERA\03_Supporting_Guidance\Publication of Guide for using National Building Code of India 2016 and Pamphlets for Homeowners and Home Buyer_f20d0e22.pdf
move,Real Estate\KRERA_Documents\Regarding cancellation of Notification issued for the post of Legal Adviser to RERA Authority_b7cbac84.pdf,02_Corpus\RERA\04_Review\Regarding cancellation of Notification issued for the post of Legal Adviser to RERA Authority_b7cbac84.pdf
move,Real Estate\KRERA_Documents\Revised Charges for various services Rendered by the K-RERA_f45e8ea7.pdf,02_Corpus\RERA\02_Karnataka_RERA\Revised Charges for various services Rendered by the K-RERA_f45e8ea7.pdf
move,"Real Estate\KRERA_Documents\Submission of Annual Audit Report for the financial year 2024-25 as per section 4(2)(l)(D) of the RERA Act, 2016_6c8028d6.pdf","02_Corpus\RERA\02_Karnataka_RERA\Submission of Annual Audit Report for the financial year 2024-25 as per section 4(2)(l)(D) of the RERA Act, 2016_6c8028d6.pdf"
move,"Real Estate\KRERA_Documents\Submission of Annual Audit Report of the financial year 2025-26 as per section 4(2)(l)(D) of the RERA Act, 2016_2082b24e.pdf","02_Corpus\RERA\02_Karnataka_RERA\Submission of Annual Audit Report of the financial year 2025-26 as per section 4(2)(l)(D) of the RERA Act, 2016_2082b24e.pdf"
move,"Real Estate\KRERA_Documents\Submission of Annual Audit report as per Section 4(2)(l)(D) of the RERA Act, 2016_79a7c212.pdf","02_Corpus\RERA\02_Karnataka_RERA\Submission of Annual Audit report as per Section 4(2)(l)(D) of the RERA Act, 2016_79a7c212.pdf"
move,Real Estate\KRERA_Documents\The Fees _ Charges for various services Rendered by the Authority_45604d72.pdf,02_Corpus\RERA\02_Karnataka_RERA\The Fees _ Charges for various services Rendered by the Authority_45604d72.pdf
move,"Real Estate\KRERA_Documents\ಕರ್ನಾಟಕ ರಿಯಲ್ ಎಸ್ಟೇಟ್ (ನಿಯಂತ್ರಣ ಮತ್ತು ಅಭಿವೃದ್ದಿ) (ಮಾರಾಟ ಕರಾರು ಒಪ್ಪಂದ) ನಿಯಮಗಳು, 2020_76a865ea.pdf","02_Corpus\RERA\02_Karnataka_RERA\ಕರ್ನಾಟಕ ರಿಯಲ್ ಎಸ್ಟೇಟ್ (ನಿಯಂತ್ರಣ ಮತ್ತು ಅಭಿವೃದ್ದಿ) (ಮಾರಾಟ ಕರಾರು ಒಪ್ಪಂದ) ನಿಯಮಗಳು, 2020_76a865ea.pdf"
move,Real Estate\KRERA_Documents\ಕರ್ನಾಟಕ ರಿಯಲ್ ಎಸ್ಟೇಟ್ ನಿಯಂತ್ರಣ ಪ್ರಾಧಿಕಾರಧಲ್ಲಿ ಸಾರ್ವಜನಿಕ ಕುಂದುಕೊರತೆ ನಿರ್ವಹಣಾಧಿಕಾರಿ ನೇಮಿಸುವ ಬಗ್ಗೆ_05047832.pdf,02_Corpus\RERA\04_Review\ಕರ್ನಾಟಕ ರಿಯಲ್ ಎಸ್ಟೇಟ್ ನಿಯಂತ್ರಣ ಪ್ರಾಧಿಕಾರಧಲ್ಲಿ ಸಾರ್ವಜನಿಕ ಕುಂದುಕೊರತೆ ನಿರ್ವಹಣಾಧಿಕಾರಿ ನೇಮಿಸುವ ಬಗ್ಗೆ_05047832.pdf
move,"Real Estate\KRERA_Documents\ಕರ್ನಾಟಕ ರಿಯಲ್ ಎಸ್ಟೇಟ್ ಮೇಲ್ಮನವಿ ನ್ಯಾಯಾಧೀಕರಣ ವಿನಿಯಮಗಳು, 2019_634abfa7.pdf","02_Corpus\RERA\02_Karnataka_RERA\ಕರ್ನಾಟಕ ರಿಯಲ್ ಎಸ್ಟೇಟ್ ಮೇಲ್ಮನವಿ ನ್ಯಾಯಾಧೀಕರಣ ವಿನಿಯಮಗಳು, 2019_634abfa7.pdf"
move,Real Estate\KRERA_Documents\ತ್ರೈಮಾಸಿಕ ಹಾಗೂ ವಾರ್ಷಿಕ ಲೆಕ್ಕ ಪರಿಶೋಧನಾ ತಃಖ್ತೆ ಸಲ್ಲಿಕೆಯ ವಿಳಂಬಕ್ಕಾಗಿ ವಿಧಿಸಲಾದ ವಿಳಂಬ ಶುಲ್ಕ_024fd150.pdf,02_Corpus\RERA\02_Karnataka_RERA\ತ್ರೈಮಾಸಿಕ ಹಾಗೂ ವಾರ್ಷಿಕ ಲೆಕ್ಕ ಪರಿಶೋಧನಾ ತಃಖ್ತೆ ಸಲ್ಲಿಕೆಯ ವಿಳಂಬಕ್ಕಾಗಿ ವಿಧಿಸಲಾದ ವಿಳಂಬ ಶುಲ್ಕ_024fd150.pdf
move,Real Estate\KRERA_Documents\ಪುನರಾವೃತ ಪ್ರಶ್ನೆಗಳು_cdc5b8e2.pdf,02_Corpus\RERA\03_Supporting_Guidance\ಪುನರಾವೃತ ಪ್ರಶ್ನೆಗಳು_cdc5b8e2.pdf
move,Real Estate\KRERA_Documents\ಪ್ರಾಧಿಕಾರಕ್ಕೆ ಆಗಮಿಸುವ ಸಾರ್ವಜನಿಕರು ತಮ್ಮ ಕುಂದುಕೊರತೆಗಳ ಕುರಿತು ಯಾರನ್ನು ಭೇಟಿಯಾಗಬೇಕೆಂಬ ಬಗ್ಗೆ ಸೂಚನೆ_8b18e0c4.pdf,02_Corpus\RERA\04_Review\ಪ್ರಾಧಿಕಾರಕ್ಕೆ ಆಗಮಿಸುವ ಸಾರ್ವಜನಿಕರು ತಮ್ಮ ಕುಂದುಕೊರತೆಗಳ ಕುರಿತು ಯಾರನ್ನು ಭೇಟಿಯಾಗಬೇಕೆಂಬ ಬಗ್ಗೆ ಸೂಚನೆ_8b18e0c4.pdf
move,Real Estate\KRERA_Documents\ಪ್ರಾಧಿಕಾರದ ನ್ಯಾಯಾಲಯದ ವಿಚಾರಣೆಗೆ ಹಾಜರಾಗುವ ವಕೀಲರು ಹಾಗೂ ಸಾರ್ವಜನಿಕರು ಧರಿಸಬೇಕಾದ ಉಡುಗೆಯ ಮಾನದಂಡಗಳು_5ceea63a.pdf,02_Corpus\RERA\04_Review\ಪ್ರಾಧಿಕಾರದ ನ್ಯಾಯಾಲಯದ ವಿಚಾರಣೆಗೆ ಹಾಜರಾಗುವ ವಕೀಲರು ಹಾಗೂ ಸಾರ್ವಜನಿಕರು ಧರಿಸಬೇಕಾದ ಉಡುಗೆಯ ಮಾನದಂಡಗಳು_5ceea63a.pdf
move,Real Estate\KRERA_Documents\ಪ್ರಾಧಿಕಾರದಲ್ಲಿ ಹೆಚ್ಚುವರಿ ಪೀಠಗಳನ್ನು ರಚಿಸಿದ ಆದೇಶ_04b8bc97.pdf,02_Corpus\RERA\02_Karnataka_RERA\ಪ್ರಾಧಿಕಾರದಲ್ಲಿ ಹೆಚ್ಚುವರಿ ಪೀಠಗಳನ್ನು ರಚಿಸಿದ ಆದೇಶ_04b8bc97.pdf
move,"Real Estate\KRERA_Documents\ಭೂಕಂದಾಯ ಬಾಕಿ ವಸೂಲಾತಿ ಕೋರಿ ಸರ್ಕಾರದ ಪ್ರಧಾನ ಕಾರ್ಯದರ್ಶಿ, ಕಂದಾಯ ಇಲಾಖೆ, ಬೆಂಗಳೂರು ಇವರಿಗೆ ಪ್ರಾಧಿಕಾರದಿಂದ ಬರೆಯಲಾದ ಪತ್ರ_84043d72.pdf","02_Corpus\RERA\04_Review\ಭೂಕಂದಾಯ ಬಾಕಿ ವಸೂಲಾತಿ ಕೋರಿ ಸರ್ಕಾರದ ಪ್ರಧಾನ ಕಾರ್ಯದರ್ಶಿ, ಕಂದಾಯ ಇಲಾಖೆ, ಬೆಂಗಳೂರು ಇವರಿಗೆ ಪ್ರಾಧಿಕಾರದಿಂದ ಬರೆಯಲಾದ ಪತ್ರ_84043d72.pdf"
move,Real Estate\KRERA_Documents\ಯೋಜನಾ ವಿಸ್ತರಣೆ ಹಾಗೂ ಫಿರ್ಯಾದುಗಳ ವಿಚಾರಣೆಗೆ ಸಂಬಂಧಿಸಿದ ಪರಿಷ್ಕøತ ಸುತ್ತೋಲೆ_fc549b72.pdf,02_Corpus\RERA\02_Karnataka_RERA\ಯೋಜನಾ ವಿಸ್ತರಣೆ ಹಾಗೂ ಫಿರ್ಯಾದುಗಳ ವಿಚಾರಣೆಗೆ ಸಂಬಂಧಿಸಿದ ಪರಿಷ್ಕøತ ಸುತ್ತೋಲೆ_fc549b72.pdf
move,Real Estate\KRERA_Documents\ಯೋಜನಾ ವಿಸ್ತರಣೆ ಹಾಗೂ ಫಿರ್ಯಾದುಗಳ ವಿಚಾರಣೆಗೆ ಸಂಬಂಧಿಸಿದ ಸುತ್ತೋಲೆ_94b2ec02.pdf,02_Corpus\RERA\02_Karnataka_RERA\ಯೋಜನಾ ವಿಸ್ತರಣೆ ಹಾಗೂ ಫಿರ್ಯಾದುಗಳ ವಿಚಾರಣೆಗೆ ಸಂಬಂಧಿಸಿದ ಸುತ್ತೋಲೆ_94b2ec02.pdf
move,Real Estate\KRERA_Documents\ರಾಷ್ಟ್ರೀಯ ಲೋಕ-ಅದಾಲತ್ ಕುರಿತು ಅಧಿಸೂಚನೆ 08.09.2023_0034a1fc.pdf,02_Corpus\RERA\04_Review\ರಾಷ್ಟ್ರೀಯ ಲೋಕ-ಅದಾಲತ್ ಕುರಿತು ಅಧಿಸೂಚನೆ 08.09.2023_0034a1fc.pdf
move,Real Estate\KRERA_Documents\ರಾಷ್ಟ್ರೀಯ ಲೋಕ-ಅದಾಲತ್ ಕುರಿತು ಅಧಿಸೂಚನೆ 09.12.2023_14d61a3a.pdf,02_Corpus\RERA\04_Review\ರಾಷ್ಟ್ರೀಯ ಲೋಕ-ಅದಾಲತ್ ಕುರಿತು ಅಧಿಸೂಚನೆ 09.12.2023_14d61a3a.pdf
move,Real Estate\KRERA_Documents\ರಾಷ್ಟ್ರೀಯ ಲೋಕ-ಅದಾಲತ್ ಕುರಿತು ಅಧಿಸೂಚನೆ 11.02.2023_3cac89ac.pdf,02_Corpus\RERA\04_Review\ರಾಷ್ಟ್ರೀಯ ಲೋಕ-ಅದಾಲತ್ ಕುರಿತು ಅಧಿಸೂಚನೆ 11.02.2023_3cac89ac.pdf
move,Real Estate\KRERA_Documents\ರಾಷ್ಟ್ರೀಯ ಲೋಕ-ಅದಾಲತ್ ಕುರಿತು ಅಧಿಸೂಚನೆ 12.03.2022_d5254ca7.pdf,02_Corpus\RERA\04_Review\ರಾಷ್ಟ್ರೀಯ ಲೋಕ-ಅದಾಲತ್ ಕುರಿತು ಅಧಿಸೂಚನೆ 12.03.2022_d5254ca7.pdf
move,Real Estate\KRERA_Documents\ರಾಷ್ಟ್ರೀಯ ಲೋಕ-ಅದಾಲತ್ ಕುರಿತು ಅಧಿಸೂಚನೆ 12.07.2022_54414cf5.pdf,02_Corpus\RERA\04_Review\ರಾಷ್ಟ್ರೀಯ ಲೋಕ-ಅದಾಲತ್ ಕುರಿತು ಅಧಿಸೂಚನೆ 12.07.2022_54414cf5.pdf
move,Real Estate\KRERA_Documents\ರಾಷ್ಟ್ರೀಯ ಲೋಕ-ಅದಾಲತ್ ಕುರಿತು ಅಧಿಸೂಚನೆ 12.11.2022_0df575d4.pdf,02_Corpus\RERA\04_Review\ರಾಷ್ಟ್ರೀಯ ಲೋಕ-ಅದಾಲತ್ ಕುರಿತು ಅಧಿಸೂಚನೆ 12.11.2022_0df575d4.pdf
move,Real Estate\KRERA_Documents\ರಾಷ್ಟ್ರೀಯ ಲೋಕ-ಅದಾಲತ್ ಕುರಿತು ಅಧಿಸೂಚನೆ 13.07.2024_04e0dc82.pdf,02_Corpus\RERA\04_Review\ರಾಷ್ಟ್ರೀಯ ಲೋಕ-ಅದಾಲತ್ ಕುರಿತು ಅಧಿಸೂಚನೆ 13.07.2024_04e0dc82.pdf
move,Real Estate\KRERA_Documents\ರಾಷ್ಟ್ರೀಯ ಲೋಕ-ಅದಾಲತ್ ಕುರಿತು ಅಧಿಸೂಚನೆ 19.09.2026_f7b01b0e.pdf,02_Corpus\RERA\04_Review\ರಾಷ್ಟ್ರೀಯ ಲೋಕ-ಅದಾಲತ್ ಕುರಿತು ಅಧಿಸೂಚನೆ 19.09.2026_f7b01b0e.pdf
move,"Real Estate\KRERA_Documents\ರಿಯಲ್ ಎಸ್ಟೇಟ್ (ನಿಯಂತ್ರಣ ಮತ್ತು ಅಭಿವೃದ್ದಿ) ಕಾಯ್ದೆ, 2016 ರ ಕಲಂ 31 ರಡಿ ಪಾವತಿ ಶುಲ್ಕ_7b808c9c.pdf","02_Corpus\RERA\02_Karnataka_RERA\ರಿಯಲ್ ಎಸ್ಟೇಟ್ (ನಿಯಂತ್ರಣ ಮತ್ತು ಅಭಿವೃದ್ದಿ) ಕಾಯ್ದೆ, 2016 ರ ಕಲಂ 31 ರಡಿ ಪಾವತಿ ಶುಲ್ಕ_7b808c9c.pdf"
move,Real Estate\KRERA_Documents\ರೇರಾ ಕಾಯ್ದೆಯ ಪುನರಾವೃತ ಪ್ರಶ್ನೆಗಳು_1123e3ae.pdf,02_Corpus\RERA\03_Supporting_Guidance\ರೇರಾ ಕಾಯ್ದೆಯ ಪುನರಾವೃತ ಪ್ರಶ್ನೆಗಳು_1123e3ae.pdf
move,Real Estate\KRERA_Documents\ರೇರಾ ನಿಯಮಗಳ ಪುನರಾವೃತ ಪ್ರಶ್ನೆಗಳು_0a86b999.pdf,02_Corpus\RERA\03_Supporting_Guidance\ರೇರಾ ನಿಯಮಗಳ ಪುನರಾವೃತ ಪ್ರಶ್ನೆಗಳು_0a86b999.pdf
move,Real Estate\KRERA_Documents\ರೇರಾ ಪ್ರಾಧಿಕಾರಕ್ಕೆ ಡಿಸೆಂಬರ್ 30 ರೊಳಗೆ ತ್ರೈಮಾಸಿಕ ವರದಿ ಸಲ್ಲಿಸಲು ಸೂಚನೆ_2aef7542.pdf,02_Corpus\RERA\02_Karnataka_RERA\ರೇರಾ ಪ್ರಾಧಿಕಾರಕ್ಕೆ ಡಿಸೆಂಬರ್ 30 ರೊಳಗೆ ತ್ರೈಮಾಸಿಕ ವರದಿ ಸಲ್ಲಿಸಲು ಸೂಚನೆ_2aef7542.pdf
move,"Real Estate\KRERA_Documents\ರೇರಾ ಬ್ಯಾಂಕ್ ಖಾತೆ ನಿರ್ದೇಶನಗಳು, 2020_e4ab709d.pdf","02_Corpus\RERA\02_Karnataka_RERA\ರೇರಾ ಬ್ಯಾಂಕ್ ಖಾತೆ ನಿರ್ದೇಶನಗಳು, 2020_e4ab709d.pdf"
move,Real Estate\Karnataka Real_Estate_Act.pdf,02_Corpus\RERA\01_Central_RERA\Karnataka Real_Estate_Act.pdf
move,Real Estate\Karnataka FinalRERA_Rules-2017.pdf,02_Corpus\RERA\02_Karnataka_RERA\Karnataka FinalRERA_Rules-2017.pdf
move,download_abdm.py,04_Scripts\Healthcare\download\download_abdm.py
move,download_all_healthcare.py,04_Scripts\Healthcare\download\download_all_healthcare.py
move,download_clinical_establishments.py,04_Scripts\Healthcare\download\download_clinical_establishments.py
move,download_haryana_pmjay.py,04_Scripts\Healthcare\download\download_haryana_pmjay.py
move,download_healthcare_remaining.py,04_Scripts\Healthcare\download\download_healthcare_remaining.py
move,download_healthcare_remaining_v2.py,04_Scripts\Healthcare\download\download_healthcare_remaining_v2.py
move,classify_healthcare_123_content.ps1,04_Scripts\Healthcare\classification\classify_healthcare_123_content.ps1
move,classify_healthcare_123_content.py,04_Scripts\Healthcare\classification\classify_healthcare_123_content.py
move,classify_healthcare_125.ps1,04_Scripts\Healthcare\classification\classify_healthcare_125.ps1
move,classify_healthcare_documents.ps1,04_Scripts\Healthcare\classification\classify_healthcare_documents.ps1
move,review_healthcare_other.ps1,04_Scripts\Healthcare\classification\review_healthcare_other.ps1
move,combine_healthcare_files.ps1,04_Scripts\Utilities\combine_healthcare_files.ps1
move,Real Estate\download_krera_documents.py,04_Scripts\RERA\download\download_krera_documents.py
move,Real Estate\download_rera.py,04_Scripts\RERA\download\download_rera.py
move,Real Estate\download_rera_act_fallback.py,04_Scripts\RERA\download\download_rera_act_fallback.py
move,Real Estate\retry_krera_core_failed.py,04_Scripts\RERA\download\retry_krera_core_failed.py
move,RAG_Project_structure.txt,07_Documentation\Research\RAG_Project_structure.txt
copy,Healthcare_Master\healthcare_file_inventory.csv,03_Metadata\Healthcare\healthcare_file_inventory.csv
copy,Healthcare_Master\healthcare_document_catalog.csv,03_Metadata\Healthcare\healthcare_document_catalog.csv
copy,Healthcare_Master\healthcare_content_classification.csv,03_Metadata\Healthcare\healthcare_content_classification.csv
copy,Healthcare_Master\healthcare_manual_review_classified.csv,03_Metadata\Healthcare\healthcare_manual_review_classified.csv
copy,Healthcare_Master\healthcare_other_review.csv,03_Metadata\Healthcare\healthcare_other_review.csv
copy,Healthcare_Master\healthcare_high_priority_review.csv,03_Metadata\Healthcare\healthcare_high_priority_review.csv
copy,Healthcare_RAG_Raw\healthcare_master_index.csv,03_Metadata\Healthcare\healthcare_master_index.csv
copy,Healthcare_RAG_Raw\03_ABDM\abdm_master_index.csv,03_Metadata\Healthcare\abdm_master_index.csv
copy,Healthcare_RAG_Raw\08_Remaining_Official\remaining_master_index.csv,03_Metadata\Healthcare\remaining_master_index.csv
copy,Healthcare_Clinical_Establishments\clinical_establishments_index.csv,03_Metadata\Healthcare\clinical_establishments_index.csv
copy,Haryana_PMJAY_Policy_Guidelines\document_index.csv,03_Metadata\Healthcare\document_index.csv
copy,Real Estate\KRERA_Documents\krera_metadata.csv,03_Metadata\RERA\krera_metadata.csv
copy,Real Estate\KRERA_Documents\krera_core_retry_results.csv,03_Metadata\RERA\krera_core_retry_results.csv
copy,Real Estate\RealEstate_RAG_Raw\rera_master_index.csv,03_Metadata\RERA\rera_master_index.csv
movedir,Healthcare_Master,08_Archive\Superseded_Collections\Healthcare_Master
movedir,Healthcare_RAG_Raw,08_Archive\Superseded_Collections\Healthcare_RAG_Raw
movedir,Healthcare_Clinical_Establishments,08_Archive\Superseded_Collections\Healthcare_Clinical_Establishments
movedir,Haryana_PMJAY_Policy_Guidelines,08_Archive\Superseded_Collections\Haryana_PMJAY_Policy_Guidelines
movedir,Real Estate\RealEstate_RAG_Raw,08_Archive\Raw_Downloads\UP_RERA_Reference
movedir,Real Estate,08_Archive\Superseded_Collections\Real Estate
