title,url,filename,source_page,status
"Gazette Notification of Clinical Establishments (Registration and Regulation) ACT, 2010, Dated 28 Febtruary 2012 (32 KB )",https://clinicalestablishments.mohfw.gov.in/sites/default/files/2023-06/511_0.pdf,"Gazette Notification of Clinical Establishments (Registration and Regulation) ACT, 2010, Dated 28 Febtruary 2012 (32 KB )_6aa325cc.pdf",https://clinicalestablishments.mohfw.gov.in/notification,Downloaded
Cosmetology Clinic (329.69 KB ),https://clinicalestablishments.mohfw.gov.in/sites/default/files/2025-12/14.%20Cosmetology%20Minimum%20standards.pdf,Cosmetology Clinic (329.69 KB )_48435b8b.pdf,https://clinicalestablishments.mohfw.gov.in/en/allopathic,Downloaded
Gazette Notification Dated 24th May 2021 for Constitution of National Council for Clinical Establishments (1.14 MB ),https://clinicalestablishments.mohfw.gov.in/sites/default/files/2023-06/2141_0_0_0.pdf,Gazette Notification Dated 24th May 2021 for Constitution of National Council for Clinical Establishments (1.14 MB )_08cdba75.pdf,https://clinicalestablishments.mohfw.gov.in/notification,Downloaded
Clinical Establishment Act Standards for Mortuary (223.15 KB ),https://clinicalestablishments.mohfw.gov.in/sites/default/files/2025-12/5.Mortuary%20PM%20minimum%20standards%20_0.pdf,Clinical Establishment Act Standards for Mortuary (223.15 KB )_97a96cde.pdf,https://clinicalestablishments.mohfw.gov.in/en/allopathic,Downloaded
Clinical Establishments (Central Government) Rules 2012(Hindi and English),https://clinicalestablishments.mohfw.gov.in/themes/clinical/images/Clinical_Establishment_Gazette_rules_2012_compressed.pdf,Clinical Establishments (Central Government) Rules 2012(Hindi and English)_e575418c.pdf,https://clinicalestablishments.mohfw.gov.in/en/standard-treatment-guidelines,Downloaded
Hair Transplant Center (83.87 KB ),https://clinicalestablishments.mohfw.gov.in/sites/default/files/2025-11/Hair%20Transplant%20Centre.pdf,Hair Transplant Center (83.87 KB )_9c34a4c9.pdf,https://clinicalestablishments.mohfw.gov.in/en/allopathic,Downloaded
Clinical Establishment Act Standards for Sample Collection And Sample Transport policy (289.98 KB ),https://clinicalestablishments.mohfw.gov.in/sites/default/files/2025-09/Draft%20Minimum%20standards%20sample%20collection%20and%20transport%20policy%2029-8-25.pdf,Clinical Establishment Act Standards for Sample Collection And Sample Transport policy (289.98 KB )_1e37b970.pdf,https://clinicalestablishments.mohfw.gov.in/en/allopathic,Downloaded
Collection Centres and point of care testing etc.  (502.31 KB ),https://clinicalestablishments.mohfw.gov.in/sites/default/files/2022-06/1661.pdf,Collection Centres and point of care testing etc. (502.31 KB )_1f5ace4e.pdf,https://clinicalestablishments.mohfw.gov.in/en/allopathic,Downloaded
Clinic/Polyclinic With Observation (346.75 KB ),https://clinicalestablishments.mohfw.gov.in/sites/default/files/2022-06/3021.pdf,Clinic_Polyclinic With Observation (346.75 KB )_c6378358.pdf,https://clinicalestablishments.mohfw.gov.in/en/allopathic,Downloaded
Clinic/Polyclinic With Diagnostic Support (294.36 KB ),https://clinicalestablishments.mohfw.gov.in/sites/default/files/2022-06/2941%20%281%29.pdf,Clinic_Polyclinic With Diagnostic Support (294.36 KB )_c53f2be6.pdf,https://clinicalestablishments.mohfw.gov.in/en/allopathic,Downloaded
Clinic/Polyclinic With Dispensary (235.48 KB ),https://clinicalestablishments.mohfw.gov.in/sites/default/files/2022-06/5541.pdf,Clinic_Polyclinic With Dispensary (235.48 KB )_f3126b34.pdf,https://clinicalestablishments.mohfw.gov.in/en/allopathic,Downloaded
Clinic/Polyclinic Only Consultation (227.68 KB ),https://clinicalestablishments.mohfw.gov.in/sites/default/files/2022-06/9361.pdf,Clinic_Polyclinic Only Consultation (227.68 KB )_89cc5997.pdf,https://clinicalestablishments.mohfw.gov.in/en/allopathic,Downloaded
National Standards for Blood Centres and Blood Transfusion Services (2nd Edition) (7.04 MB ),https://clinicalestablishments.mohfw.gov.in/sites/default/files/2022-07/1491_0.pdf,National Standards for Blood Centres and Blood Transfusion Services (2nd Edition) (7.04 MB )_a550ce29.pdf,https://clinicalestablishments.mohfw.gov.in/en/allopathic,Downloaded
Physiotherapy Centre (290.18 KB ),https://clinicalestablishments.mohfw.gov.in/sites/default/files/2022-06/597.pdf,Physiotherapy Centre (290.18 KB )_4ba34dd3.pdf,https://clinicalestablishments.mohfw.gov.in/en/allopathic,Downloaded
Dental Lab (204.6 KB ),https://clinicalestablishments.mohfw.gov.in/sites/default/files/2022-06/3191.pdf,Dental Lab (204.6 KB )_386aa5c5.pdf,https://clinicalestablishments.mohfw.gov.in/en/allopathic,Downloaded
Mobile Dental Van (284.1 KB ),https://clinicalestablishments.mohfw.gov.in/sites/default/files/2022-06/1471.pdf,Mobile Dental Van (284.1 KB )_48efd80d.pdf,https://clinicalestablishments.mohfw.gov.in/en/allopathic,Downloaded
Mobile  Clinic With Procedure (263.74 KB ),https://clinicalestablishments.mohfw.gov.in/sites/default/files/2022-06/978.pdf,Mobile Clinic With Procedure (263.74 KB )_c7e80923.pdf,https://clinicalestablishments.mohfw.gov.in/en/allopathic,Downloaded
Mobile  Clinic Only Consultation (202.75 KB ),https://clinicalestablishments.mohfw.gov.in/sites/default/files/2022-06/651.pdf,Mobile Clinic Only Consultation (202.75 KB )_d24789a8.pdf,https://clinicalestablishments.mohfw.gov.in/en/allopathic,Downloaded
Hospital(Level 3) (734.36 KB ),https://clinicalestablishments.mohfw.gov.in/sites/default/files/2022-06/776.pdf,Hospital(Level 3) (734.36 KB )_6c46efa2.pdf,https://clinicalestablishments.mohfw.gov.in/en/allopathic,Downloaded
Hospital(Level 2) (832.09 KB ),https://clinicalestablishments.mohfw.gov.in/sites/default/files/2022-06/885.pdf,Hospital(Level 2) (832.09 KB )_93a6641a.pdf,https://clinicalestablishments.mohfw.gov.in/en/allopathic,Downloaded
Ayurveda (587.56 KB ),https://clinicalestablishments.mohfw.gov.in/sites/default/files/2021-12/86.pdf,Ayurveda (587.56 KB )_b42daed5.pdf,https://clinicalestablishments.mohfw.gov.in/en/ayush,Downloaded
सीईए के लिए परिचालन दिशानिर्देश,https://clinicalestablishments.mohfw.gov.in/sites/default/files/2021-09/2591.pdf,सीईए के लिए परिचालन दिशानिर्देश_83c8fb9b.pdf,https://clinicalestablishments.mohfw.gov.in/en/allopathic,Downloaded
Homoeopathy (1.23 MB ),https://clinicalestablishments.mohfw.gov.in/sites/default/files/2021-12/234.pdf,Homoeopathy (1.23 MB )_f2f51a3d.pdf,https://clinicalestablishments.mohfw.gov.in/en/ayush,Downloaded
Naturopathy (921.3 KB ),https://clinicalestablishments.mohfw.gov.in/sites/default/files/2021-12/476.pdf,Naturopathy (921.3 KB )_ab458bbe.pdf,https://clinicalestablishments.mohfw.gov.in/en/ayush,Downloaded
Siddha (1.27 MB ),https://clinicalestablishments.mohfw.gov.in/sites/default/files/2021-12/992_0.pdf,Siddha (1.27 MB )_759592c7.pdf,https://clinicalestablishments.mohfw.gov.in/en/ayush,Downloaded
Sowa-Rigpa  (1.16 MB ),https://clinicalestablishments.mohfw.gov.in/sites/default/files/2021-12/54_0.pdf,Sowa-Rigpa (1.16 MB )_ffb9616f.pdf,https://clinicalestablishments.mohfw.gov.in/en/ayush,Downloaded
"Gazette Notification of  Clinical Establishments (Central Government)Amendment Rules, 2020 [Amendment in part III a) in respect of human resource minimum standards for Medical Diagnostic Laboratories (or Pathological Laboratories)]  (1.07 MB )",https://clinicalestablishments.mohfw.gov.in/sites/default/files/2023-06/5511_0.pdf,"Gazette Notification of Clinical Establishments (Central Government)Amendment Rules, 2020 [Amendment in part III a) in respect of human resource minimum standards for Medical Diagnostic Laboratories (or Pathological Laboratories)] (1.07 MB )_9f6351b1.pdf",https://clinicalestablishments.mohfw.gov.in/notification,"FAILED: [Errno 2] No such file or directory: 'Healthcare_Clinical_Establishments\\Gazette Notification of Clinical Establishments (Central Government)Amendment Rules, 2020 [Amendment in part III a) in respect of human resource minimum standards for Medical Diagnostic Laboratories (or Pathological Laboratories)] (1.07 MB )_9f6351b1.pdf'"
"Gazette Notification of  Clinical Establishments (Central Government) Amendment Rules, 2018 [Minimum Standards for Medical Diagnostic Laboratories (or Pathological Laboratories)] (1.94 MB )",https://clinicalestablishments.mohfw.gov.in/sites/default/files/2023-06/4161.pdf,"Gazette Notification of Clinical Establishments (Central Government) Amendment Rules, 2018 [Minimum Standards for Medical Diagnostic Laboratories (or Pathological Laboratories)] (1.94 MB )_c5326361.pdf",https://clinicalestablishments.mohfw.gov.in/notification,"FAILED: [Errno 2] No such file or directory: 'Healthcare_Clinical_Establishments\\Gazette Notification of Clinical Establishments (Central Government) Amendment Rules, 2018 [Minimum Standards for Medical Diagnostic Laboratories (or Pathological Laboratories)] (1.94 MB )_c5326361.pdf'"
Unani (1.35 MB ),https://clinicalestablishments.mohfw.gov.in/sites/default/files/2021-12/161.pdf,Unani (1.35 MB )_e48ef983.pdf,https://clinicalestablishments.mohfw.gov.in/en/ayush,Downloaded
YOGA (822.68 KB ),https://clinicalestablishments.mohfw.gov.in/sites/default/files/2021-12/382.pdf,YOGA (822.68 KB )_a0b00ce1.pdf,https://clinicalestablishments.mohfw.gov.in/en/ayush,Downloaded
2. Guidelines for Critical Care,https://clinicalestablishments.mohfw.gov.in/sites/default/files/standard-treatment-guidelines/5821.pdf,2. Guidelines for Critical Care_6e448147.pdf,https://clinicalestablishments.mohfw.gov.in/en/standard-treatment-guidelines,Downloaded
6. Guidelines for Ophthalmology,https://clinicalestablishments.mohfw.gov.in/sites/default/files/standard-treatment-guidelines/6251.pdf,6. Guidelines for Ophthalmology_400be7af.pdf,https://clinicalestablishments.mohfw.gov.in/en/standard-treatment-guidelines,Downloaded
1. Guidelines for Cardiovascular Diseases,https://clinicalestablishments.mohfw.gov.in/sites/default/files/standard-treatment-guidelines/3811.pdf,1. Guidelines for Cardiovascular Diseases_db942697.pdf,https://clinicalestablishments.mohfw.gov.in/en/standard-treatment-guidelines,Downloaded
3. Guidelines for Gastroenterological Diseases,https://clinicalestablishments.mohfw.gov.in/sites/default/files/standard-treatment-guidelines/9721.pdf,3. Guidelines for Gastroenterological Diseases_e256bbbe.pdf,https://clinicalestablishments.mohfw.gov.in/en/standard-treatment-guidelines,Downloaded
4. Guidelines for Obstetrics and Gynaecology,https://clinicalestablishments.mohfw.gov.in/sites/default/files/standard-treatment-guidelines/4571.pdf,4. Guidelines for Obstetrics and Gynaecology_ab3b0881.pdf,https://clinicalestablishments.mohfw.gov.in/en/standard-treatment-guidelines,Downloaded
7. Guidelines for ENT,https://clinicalestablishments.mohfw.gov.in/sites/default/files/standard-treatment-guidelines/4251.pdf,7. Guidelines for ENT_93801303.pdf,https://clinicalestablishments.mohfw.gov.in/en/standard-treatment-guidelines,Downloaded
11. Guidelines for Paediatrics and Paediatrics Surgery,https://clinicalestablishments.mohfw.gov.in/sites/default/files/standard-treatment-guidelines/891.pdf,11. Guidelines for Paediatrics and Paediatrics Surgery_659795be.pdf,https://clinicalestablishments.mohfw.gov.in/en/standard-treatment-guidelines,Downloaded
9. Guidelines for Medicine (Respiratory),https://clinicalestablishments.mohfw.gov.in/sites/default/files/standard-treatment-guidelines/3261.pdf,9. Guidelines for Medicine (Respiratory)_bb0522e1.pdf,https://clinicalestablishments.mohfw.gov.in/en/standard-treatment-guidelines,Downloaded
10. Guidelines for Medicine (Non Respiratory Medical Conditions),https://clinicalestablishments.mohfw.gov.in/sites/default/files/standard-treatment-guidelines/8721.pdf,10. Guidelines for Medicine (Non Respiratory Medical Conditions)_3c186750.pdf,https://clinicalestablishments.mohfw.gov.in/en/standard-treatment-guidelines,Downloaded
12. Guidelines for General Surgery,https://clinicalestablishments.mohfw.gov.in/sites/default/files/standard-treatment-guidelines/6191.pdf,12. Guidelines for General Surgery_20fde274.pdf,https://clinicalestablishments.mohfw.gov.in/en/standard-treatment-guidelines,Downloaded
13. Guidelines for Interventional Radiology,https://clinicalestablishments.mohfw.gov.in/sites/default/files/standard-treatment-guidelines/2281.pdf,13. Guidelines for Interventional Radiology_e708ac43.pdf,https://clinicalestablishments.mohfw.gov.in/en/standard-treatment-guidelines,Downloaded
8. Guidelines for Orthopaedics,https://clinicalestablishments.mohfw.gov.in/sites/default/files/standard-treatment-guidelines/8611.pdf,8. Guidelines for Orthopaedics_a1992caa.pdf,https://clinicalestablishments.mohfw.gov.in/en/standard-treatment-guidelines,Downloaded
14. Guidelines for Oncology,https://clinicalestablishments.mohfw.gov.in/sites/default/files/standard-treatment-guidelines/2611.pdf,14. Guidelines for Oncology_fcaee86a.pdf,https://clinicalestablishments.mohfw.gov.in/en/standard-treatment-guidelines,Downloaded
15. Guidelines for Organ Transplant - Liver,https://clinicalestablishments.mohfw.gov.in/sites/default/files/standard-treatment-guidelines/1511.pdf,15. Guidelines for Organ Transplant - Liver_a38a1849.pdf,https://clinicalestablishments.mohfw.gov.in/en/standard-treatment-guidelines,Downloaded
16. Guidelines for Urology,https://clinicalestablishments.mohfw.gov.in/sites/default/files/standard-treatment-guidelines/9471.pdf,16. Guidelines for Urology_84326f7c.pdf,https://clinicalestablishments.mohfw.gov.in/en/standard-treatment-guidelines,Downloaded
18. Guidelines for G. I. Surgery,https://clinicalestablishments.mohfw.gov.in/sites/default/files/standard-treatment-guidelines/2101.pdf,18. Guidelines for G. I. Surgery_e4a0cfac.pdf,https://clinicalestablishments.mohfw.gov.in/en/standard-treatment-guidelines,Downloaded
17. Guidelines for Laboratory Medicine,https://clinicalestablishments.mohfw.gov.in/sites/default/files/standard-treatment-guidelines/6491.pdf,17. Guidelines for Laboratory Medicine_846b1dcd.pdf,https://clinicalestablishments.mohfw.gov.in/en/standard-treatment-guidelines,Downloaded
21. Guidelines for Endocrinology,https://clinicalestablishments.mohfw.gov.in/sites/default/files/standard-treatment-guidelines/3601.pdf,21. Guidelines for Endocrinology_e8b1a18e.pdf,https://clinicalestablishments.mohfw.gov.in/en/standard-treatment-guidelines,Downloaded
19. Guidelines for Neurology,https://clinicalestablishments.mohfw.gov.in/sites/default/files/standard-treatment-guidelines/1621.pdf,19. Guidelines for Neurology_13ce06cb.pdf,https://clinicalestablishments.mohfw.gov.in/en/standard-treatment-guidelines,Downloaded
a) Full Document,https://clinicalestablishments.mohfw.gov.in/sites/default/files/standard-treatment-guidelines/9451.pdf,a) Full Document_54636977.pdf,https://clinicalestablishments.mohfw.gov.in/en/standard-treatment-guidelines,Downloaded
b) Quick Reference Guide,https://clinicalestablishments.mohfw.gov.in/sites/default/files/standard-treatment-guidelines/7241.pdf,b) Quick Reference Guide_0d2df81f.pdf,https://clinicalestablishments.mohfw.gov.in/en/standard-treatment-guidelines,Downloaded
a) Full Document,https://clinicalestablishments.mohfw.gov.in/sites/default/files/standard-treatment-guidelines/5191.pdf,a) Full Document_83ac33fe.pdf,https://clinicalestablishments.mohfw.gov.in/en/standard-treatment-guidelines,Downloaded
a) Full Document,https://clinicalestablishments.mohfw.gov.in/sites/default/files/standard-treatment-guidelines/7661.pdf,a) Full Document_ca071578.pdf,https://clinicalestablishments.mohfw.gov.in/en/standard-treatment-guidelines,Downloaded
b) Quick Reference Guide,https://clinicalestablishments.mohfw.gov.in/sites/default/files/standard-treatment-guidelines/6591.pdf,b) Quick Reference Guide_e2c82758.pdf,https://clinicalestablishments.mohfw.gov.in/en/standard-treatment-guidelines,Downloaded
b) Quick Reference Guide,https://clinicalestablishments.mohfw.gov.in/sites/default/files/standard-treatment-guidelines/8291.pdf,b) Quick Reference Guide_5cbc8467.pdf,https://clinicalestablishments.mohfw.gov.in/en/standard-treatment-guidelines,Downloaded
5. Guidelines for Haemodialysis,https://clinicalestablishments.mohfw.gov.in/sites/default/files/standard-treatment-guidelines/358.pdf,5. Guidelines for Haemodialysis_9dd41e55.pdf,https://clinicalestablishments.mohfw.gov.in/en/standard-treatment-guidelines,FAILED: 404 Client Error: Not Found for url: https://clinicalestablishments.mohfw.gov.in/sites/default/files/standard-treatment-guidelines/358.pdf
a) Full Document,https://clinicalestablishments.mohfw.gov.in/sites/default/files/standard-treatment-guidelines/6411.pdf,a) Full Document_0d7e8ad1.pdf,https://clinicalestablishments.mohfw.gov.in/en/standard-treatment-guidelines,Downloaded
b) Quick Reference Guide,https://clinicalestablishments.mohfw.gov.in/sites/default/files/standard-treatment-guidelines/3921.pdf,b) Quick Reference Guide_98a2299e.pdf,https://clinicalestablishments.mohfw.gov.in/en/standard-treatment-guidelines,Downloaded
b) Quick Reference Guide,https://clinicalestablishments.mohfw.gov.in/sites/default/files/standard-treatment-guidelines/5341.pdf,b) Quick Reference Guide_af9910df.pdf,https://clinicalestablishments.mohfw.gov.in/en/standard-treatment-guidelines,Downloaded
a) Full Document,https://clinicalestablishments.mohfw.gov.in/sites/default/files/standard-treatment-guidelines/3941.pdf,a) Full Document_145bcabf.pdf,https://clinicalestablishments.mohfw.gov.in/en/standard-treatment-guidelines,Downloaded
b) Quick Reference Guide,https://clinicalestablishments.mohfw.gov.in/sites/default/files/standard-treatment-guidelines/9761.pdf,b) Quick Reference Guide_4c51b27b.pdf,https://clinicalestablishments.mohfw.gov.in/en/standard-treatment-guidelines,Downloaded
a) Quick Reference Guide,https://clinicalestablishments.mohfw.gov.in/sites/default/files/standard-treatment-guidelines/3361.pdf,a) Quick Reference Guide_9860dfda.pdf,https://clinicalestablishments.mohfw.gov.in/en/standard-treatment-guidelines,Downloaded
a) Full Document,https://clinicalestablishments.mohfw.gov.in/sites/default/files/standard-treatment-guidelines/5381.pdf,a) Full Document_12d1e7c9.pdf,https://clinicalestablishments.mohfw.gov.in/en/standard-treatment-guidelines,Downloaded
a) Quick Reference Guide,https://clinicalestablishments.mohfw.gov.in/sites/default/files/standard-treatment-guidelines/4671.pdf,a) Quick Reference Guide_7c941c61.pdf,https://clinicalestablishments.mohfw.gov.in/en/standard-treatment-guidelines,Downloaded
a) Full Document,https://clinicalestablishments.mohfw.gov.in/sites/default/files/standard-treatment-guidelines/4221.pdf,a) Full Document_a71f4752.pdf,https://clinicalestablishments.mohfw.gov.in/en/standard-treatment-guidelines,Downloaded
a) Full Document,https://clinicalestablishments.mohfw.gov.in/sites/default/files/standard-treatment-guidelines/8361.pdf,a) Full Document_9dcede56.pdf,https://clinicalestablishments.mohfw.gov.in/en/standard-treatment-guidelines,Downloaded
a) Full Document,https://clinicalestablishments.mohfw.gov.in/sites/default/files/standard-treatment-guidelines/8591.pdf,a) Full Document_aa6a7aa2.pdf,https://clinicalestablishments.mohfw.gov.in/en/standard-treatment-guidelines,Downloaded
b) Quick Reference Guide,https://clinicalestablishments.mohfw.gov.in/sites/default/files/standard-treatment-guidelines/8521.pdf,b) Quick Reference Guide_6c52ed7f.pdf,https://clinicalestablishments.mohfw.gov.in/en/standard-treatment-guidelines,Downloaded
(vi) National Guidelines for Clinical Management of Dengue Fever,https://clinicalestablishments.mohfw.gov.in/sites/default/files/standard-treatment-guidelines/.pdf,(vi) National Guidelines for Clinical Management of Dengue Fever_cfac70b4.pdf,https://clinicalestablishments.mohfw.gov.in/en/standard-treatment-guidelines,FAILED: 403 Client Error: Forbidden for url: https://clinicalestablishments.mohfw.gov.in/sites/default/files/standard-treatment-guidelines/.pdf
a) Full Document,https://clinicalestablishments.mohfw.gov.in/sites/default/files/standard-treatment-guidelines/31911.pdf,a) Full Document_5e6ad719.pdf,https://clinicalestablishments.mohfw.gov.in/en/standard-treatment-guidelines,Downloaded
(i) Standards for TB Care in India,https://clinicalestablishments.mohfw.gov.in/sites/default/files/standard-treatment-guidelines/93.pdf,(i) Standards for TB Care in India_3ea6ec68.pdf,https://clinicalestablishments.mohfw.gov.in/en/standard-treatment-guidelines,Downloaded
b) Quick Reference Guide,https://clinicalestablishments.mohfw.gov.in/sites/default/files/standard-treatment-guidelines/5461.pdf,b) Quick Reference Guide_51682d59.pdf,https://clinicalestablishments.mohfw.gov.in/en/standard-treatment-guidelines,Downloaded
(i) Management of Common Mental Disorders,https://clinicalestablishments.mohfw.gov.in/sites/default/files/standard-treatment-guidelines/606.pdf,(i) Management of Common Mental Disorders_5484a005.pdf,https://clinicalestablishments.mohfw.gov.in/en/standard-treatment-guidelines,Downloaded
(ii) Management of Common Ear Conditions,https://clinicalestablishments.mohfw.gov.in/sites/default/files/standard-treatment-guidelines/290.pdf,(ii) Management of Common Ear Conditions_432b3107.pdf,https://clinicalestablishments.mohfw.gov.in/en/standard-treatment-guidelines,Downloaded
(i) Dental Caries and Periodontitis,https://clinicalestablishments.mohfw.gov.in/sites/default/files/standard-treatment-guidelines/475.pdf,(i) Dental Caries and Periodontitis_3d17f785.pdf,https://clinicalestablishments.mohfw.gov.in/en/standard-treatment-guidelines,Downloaded
(ii) Guidelines for Prevention and Control of Fluorosis,https://clinicalestablishments.mohfw.gov.in/sites/default/files/standard-treatment-guidelines/9711.pdf,(ii) Guidelines for Prevention and Control of Fluorosis_13f59c0f.pdf,https://clinicalestablishments.mohfw.gov.in/en/standard-treatment-guidelines,Downloaded
(i) Case Management of Acute Encephalitis Syndrome / J. E.,https://clinicalestablishments.mohfw.gov.in/sites/default/files/standard-treatment-guidelines/5041.pdf,(i) Case Management of Acute Encephalitis Syndrome _ J. E_078954f7.pdf,https://clinicalestablishments.mohfw.gov.in/en/standard-treatment-guidelines,Downloaded
(ii) Disability Prevention & Medical Rehabilitation,https://clinicalestablishments.mohfw.gov.in/sites/default/files/standard-treatment-guidelines/516.pdf,(ii) Disability Prevention & Medical Rehabilitation_cd9e5e1d.pdf,https://clinicalestablishments.mohfw.gov.in/en/standard-treatment-guidelines,Downloaded
(i) Training Manual for Medical officer,https://clinicalestablishments.mohfw.gov.in/sites/default/files/standard-treatment-guidelines/50.pdf,(i) Training Manual for Medical officer_425cf695.pdf,https://clinicalestablishments.mohfw.gov.in/en/standard-treatment-guidelines,Downloaded
"(i) Prevention, Management and control of RTI & STI",https://clinicalestablishments.mohfw.gov.in/sites/default/files/standard-treatment-guidelines/448.pdf,"(i) Prevention, Management and control of RTI & STI_448ca091.pdf",https://clinicalestablishments.mohfw.gov.in/en/standard-treatment-guidelines,Downloaded
(iv) Chikungunya Fever,https://clinicalestablishments.mohfw.gov.in/sites/default/files/standard-treatment-guidelines/155.pdf,(iv) Chikungunya Fever_f1de1a20.pdf,https://clinicalestablishments.mohfw.gov.in/en/standard-treatment-guidelines,Downloaded
(iii) Filariasis control in India and Its Elimination,https://clinicalestablishments.mohfw.gov.in/sites/default/files/standard-treatment-guidelines/5021.pdf,(iii) Filariasis control in India and Its Elimination_bbec7cd6.pdf,https://clinicalestablishments.mohfw.gov.in/en/standard-treatment-guidelines,Downloaded
(ii) Diagnosis and treatment of Malaria,https://clinicalestablishments.mohfw.gov.in/sites/default/files/standard-treatment-guidelines/892.pdf,(ii) Diagnosis and treatment of Malaria_1b64ed9a.pdf,https://clinicalestablishments.mohfw.gov.in/en/standard-treatment-guidelines,Downloaded
"(i) Pre-operative, Operative and Post-operative precautions for Eye Surgery",https://clinicalestablishments.mohfw.gov.in/sites/default/files/standard-treatment-guidelines/5801.pdf,"(i) Pre-operative, Operative and Post-operative precautions for Eye Surgery_6ae48a4d.pdf",https://clinicalestablishments.mohfw.gov.in/en/standard-treatment-guidelines,Downloaded
(v) Road Map for Kala-Azar Elimination,https://clinicalestablishments.mohfw.gov.in/sites/default/files/standard-treatment-guidelines/7051.pdf,(v) Road Map for Kala-Azar Elimination_446871ba.pdf,https://clinicalestablishments.mohfw.gov.in/en/standard-treatment-guidelines,Downloaded
(i) National Guidelines on Rabies Prophylaxis,https://clinicalestablishments.mohfw.gov.in/sites/default/files/standard-treatment-guidelines/238.pdf,(i) National Guidelines on Rabies Prophylaxis_9d94c034.pdf,https://clinicalestablishments.mohfw.gov.in/en/standard-treatment-guidelines,Downloaded
(i) Prevention and Management of Burn Injuries,https://clinicalestablishments.mohfw.gov.in/sites/default/files/standard-treatment-guidelines/520.pdf,(i) Prevention and Management of Burn Injuries_8f52adf1.pdf,https://clinicalestablishments.mohfw.gov.in/en/standard-treatment-guidelines,Downloaded
(i) A Manual for Medical Officer,https://clinicalestablishments.mohfw.gov.in/sites/default/files/standard-treatment-guidelines/58.pdf,(i) A Manual for Medical Officer_a7094f89.pdf,https://clinicalestablishments.mohfw.gov.in/en/standard-treatment-guidelines,Downloaded
"(i) National Guidelines Diagnosis, Case Management Prevention and Control of Leptospirosis",https://clinicalestablishments.mohfw.gov.in/sites/default/files/standard-treatment-guidelines/919.pdf,"(i) National Guidelines Diagnosis, Case Management Prevention and Control of Leptospirosis_ff8e25ab.pdf",https://clinicalestablishments.mohfw.gov.in/en/standard-treatment-guidelines,Downloaded
Guidelines for Ayurveda,https://clinicalestablishments.mohfw.gov.in/sites/default/files/standard-treatment-guidelines/6391.pdf,Guidelines for Ayurveda_1e8976c3.pdf,https://clinicalestablishments.mohfw.gov.in/en/standard-treatment-guidelines,Downloaded
14. National Guidelines for Diagnosis & Management of Viral Hepatitis,https://clinicalestablishments.mohfw.gov.in/sites/default/files/standard-treatment-guidelines/3591.pdf,14. National Guidelines for Diagnosis & Management of Viral Hepatitis_7d298463.pdf,https://clinicalestablishments.mohfw.gov.in/en/standard-treatment-guidelines,Downloaded
Guidelines for Siddha (Draft),https://clinicalestablishments.mohfw.gov.in/sites/default/files/standard-treatment-guidelines/2501.pdf,Guidelines for Siddha (Draft)_3c871acb.pdf,https://clinicalestablishments.mohfw.gov.in/en/standard-treatment-guidelines,Downloaded
13. National Treatment Guidelines for Antimicrobial Use in Infectious Diseases,https://clinicalestablishments.mohfw.gov.in/sites/default/files/standard-treatment-guidelines/86111.pdf,13. National Treatment Guidelines for Antimicrobial Use in Infectious Diseases_ba9fda59.pdf,https://clinicalestablishments.mohfw.gov.in/en/standard-treatment-guidelines,Downloaded
Guidelines for Management of Epilepsy in India,http://www.clinicalestablishments.gov.in/WriteReadData/epilepsy-guidelines.pdf,Guidelines for Management of Epilepsy in India_60e93f49.pdf,https://clinicalestablishments.mohfw.gov.in/en/standard-treatment-guidelines,"FAILED: HTTPConnectionPool(host='www.clinicalestablishments.gov.in', port=80): Max retries exceeded with url: /WriteReadData/epilepsy-guidelines.pdf (Caused by ConnectTimeoutError(<HTTPConnection(host='www.clinicalestablishments.gov.in', port=80) at 0x1963a3861b0>, 'Connection to www.clinicalestablishments.gov.in timed out. (connect timeout=90)'))"
