title,url,filename,status
Guidelines for Ayushman Mitra (PDF 412 KB),https://cdnbbsr.s3waas.gov.in/s3169779d3852b32ce8b1a1724dbf5217d/uploads/2022/05/2022051064.pdf,Guidelines for Ayushman Mitra.pdf,Downloaded
Guidelines for Portability of Services (PDF 483 KB),https://cdnbbsr.s3waas.gov.in/s3169779d3852b32ce8b1a1724dbf5217d/uploads/2022/05/2022051083.pdf,Guidelines for Portability of Services.pdf,Downloaded
Guidelines on Claim Settlement (PDF 507 KB),https://cdnbbsr.s3waas.gov.in/s3169779d3852b32ce8b1a1724dbf5217d/uploads/2022/05/2022051079-1.pdf,Guidelines on Claim Settlement.pdf,Downloaded
Guidelines on Process of Beneficiary Identification (PDF 3.39 MB),https://cdnbbsr.s3waas.gov.in/s3169779d3852b32ce8b1a1724dbf5217d/uploads/2022/05/2022051092.pdf,Guidelines on Process of Beneficiary Identification.pdf,Downloaded
Guidelines on Release of Premium and Escrow account (PDF 609 KB),https://cdnbbsr.s3waas.gov.in/s3169779d3852b32ce8b1a1724dbf5217d/uploads/2022/05/2022051095.pdf,Guidelines on Release of Premium and Escrow account.pdf,Downloaded
Guidelines on Process of Empanelment for Hospital (PDF 607 KB),https://cdnbbsr.s3waas.gov.in/s3169779d3852b32ce8b1a1724dbf5217d/uploads/2022/05/2022051092-1.pdf,Guidelines on Process of Empanelment for Hospital.pdf,Downloaded
Guidelines on Process for Hospital Transaction (PDF 760 KB),https://cdnbbsr.s3waas.gov.in/s3169779d3852b32ce8b1a1724dbf5217d/uploads/2022/05/2022051095-1.pdf,Guidelines on Process for Hospital Transaction.pdf,Downloaded
Guidelines for Claim Amount Utilisation by Public Hospitals (PDF 335 KB),https://cdnbbsr.s3waas.gov.in/s3169779d3852b32ce8b1a1724dbf5217d/uploads/2022/05/2022051022.pdf,Guidelines for Claim Amount Utilisation by Public Hospitals.pdf,Downloaded
BIS - Guidelines on disabling BIS e-Card (PDF 285 KB),https://cdnbbsr.s3waas.gov.in/s3169779d3852b32ce8b1a1724dbf5217d/uploads/2022/05/2022051084.pdf,BIS - Guidelines on disabling BIS e-Card.pdf,Downloaded
PM-JAY Process Flow at Empanelled Hospitals (PDF 344 KB),https://cdnbbsr.s3waas.gov.in/s3169779d3852b32ce8b1a1724dbf5217d/uploads/2022/05/2022051041.pdf,PM-JAY Process Flow at Empanelled Hospitals.pdf,Downloaded
Guidelines for Grievance Redressal (PDF 756 KB),https://cdnbbsr.s3waas.gov.in/s3169779d3852b32ce8b1a1724dbf5217d/uploads/2022/05/2022051099.pdf,Guidelines for Grievance Redressal.pdf,Downloaded
Annexure I Pre-Authorization Form (PDF 204 KB),https://cdnbbsr.s3waas.gov.in/s3169779d3852b32ce8b1a1724dbf5217d/uploads/2022/05/2022051053.pdf,Annexure I Pre-Authorization Form.pdf,Downloaded
Guidelines on Formation of State Health Agency and District Implementation Unit (PDF 284 KB),https://cdnbbsr.s3waas.gov.in/s3169779d3852b32ce8b1a1724dbf5217d/uploads/2022/05/2022051091.pdf,Guidelines on Formation of State Health Agency and District Implementation Unit.pdf,Downloaded
Download this Document (PDF 2.57 MB),https://cdnbbsr.s3waas.gov.in/s3169779d3852b32ce8b1a1724dbf5217d/uploads/2022/05/2022051036.pdf,Download this Document.pdf,Downloaded
Annexure II - Discharge Summary (PDF 440 KB),https://cdnbbsr.s3waas.gov.in/s3169779d3852b32ce8b1a1724dbf5217d/uploads/2022/05/2022051077.pdf,Annexure II - Discharge Summary.pdf,Downloaded
Anti Fraud Guidelines(PDF 1.14 MB),https://cdnbbsr.s3waas.gov.in/s3169779d3852b32ce8b1a1724dbf5217d/uploads/2022/05/2022051051-1.pdf,Anti Fraud Guidelines.pdf,Downloaded
Download(PDF 2.65 MB),https://cdnbbsr.s3waas.gov.in/s3169779d3852b32ce8b1a1724dbf5217d/uploads/2022/05/2022051036-2.pdf,Download.pdf,Downloaded
Download(PDF 2.05 MB),https://cdnbbsr.s3waas.gov.in/s3169779d3852b32ce8b1a1724dbf5217d/uploads/2022/05/2022051018-1.pdf,Download.pdf,Downloaded
Download (PDF 131 KB),https://cdnbbsr.s3waas.gov.in/s3169779d3852b32ce8b1a1724dbf5217d/uploads/2022/05/2022051078.pdf,Download.pdf,Already exists
Download (PDF 185 KB),https://cdnbbsr.s3waas.gov.in/s3169779d3852b32ce8b1a1724dbf5217d/uploads/2022/05/2022051026.pdf,Download.pdf,Already exists
"Model agreement between Empanelled Healthcare Provider, SHA and insurer or ISA (PDF 390 KB)",https://cdnbbsr.s3waas.gov.in/s3169779d3852b32ce8b1a1724dbf5217d/uploads/2022/05/2022051074.pdf,"Model agreement between Empanelled Healthcare Provider, SHA and insurer or ISA.pdf",Downloaded
Capacity Building Guideline (PDF 3.40 MB),https://cdnbbsr.s3waas.gov.in/s3169779d3852b32ce8b1a1724dbf5217d/uploads/2022/05/2022051013.pdf,Capacity Building Guideline.pdf,Downloaded
Insurance Model Download (PDF 493 KB),https://cdnbbsr.s3waas.gov.in/s3169779d3852b32ce8b1a1724dbf5217d/uploads/2022/05/2022051068.pdf,Insurance Model Download.pdf,Downloaded
Assurance Model Download (PDF 910 KB),https://cdnbbsr.s3waas.gov.in/s3169779d3852b32ce8b1a1724dbf5217d/uploads/2022/05/2022051052.pdf,Assurance Model Download.pdf,Downloaded
Model Tender Document for Selection of Insurance Company for the implementation of Ayushman Bharat - Vol III (PDF 6.05 MB),https://cdnbbsr.s3waas.gov.in/s3169779d3852b32ce8b1a1724dbf5217d/uploads/2022/05/2022051012.pdf,Model Tender Document for Selection of Insurance Company for the implementation of Ayushman Bharat - Vol III.pdf,Downloaded
Advisory on MTD for the Selection of Implementation Support Agency (ISA) Volume I (PDF 119 KB),https://cdnbbsr.s3waas.gov.in/s3169779d3852b32ce8b1a1724dbf5217d/uploads/2022/05/2022051085-1.pdf,Advisory on MTD for the Selection of Implementation Support Agency (ISA) Volume I.pdf,Downloaded
Download (PDF 11.1 MB),https://cdnbbsr.s3waas.gov.in/s3169779d3852b32ce8b1a1724dbf5217d/uploads/2022/05/2022051054.pdf,Download.pdf,Downloaded
Model Tender Document for Selection of Insurance Company for the implementation of Ayushman Bharat - Vol I (PDF 1.32 MB),https://cdnbbsr.s3waas.gov.in/s3169779d3852b32ce8b1a1724dbf5217d/uploads/2022/05/2022051087.pdf,Model Tender Document for Selection of Insurance Company for the implementation of Ayushman Bharat - Vol I.pdf,Downloaded
Download this Document (PDF 88.9 KB),https://cdnbbsr.s3waas.gov.in/s3169779d3852b32ce8b1a1724dbf5217d/uploads/2022/05/2022051012-1.pdf,Download this Document.pdf,Already exists
Download this Document (PDF 383 KB),https://cdnbbsr.s3waas.gov.in/s3169779d3852b32ce8b1a1724dbf5217d/uploads/2022/05/2022051017.pdf,Download this Document.pdf,Already exists
Model Tender Document for Selection of Insurance Company for the implementation of Ayushman Bharat - Vol II (PDF 2.27 MB),https://cdnbbsr.s3waas.gov.in/s3169779d3852b32ce8b1a1724dbf5217d/uploads/2022/05/2022051085.pdf,Model Tender Document for Selection of Insurance Company for the implementation of Ayushman Bharat - Vol II.pdf,Downloaded
Checklist for State Secretaries (PDF 456 KB),https://cdnbbsr.s3waas.gov.in/s3169779d3852b32ce8b1a1724dbf5217d/uploads/2022/05/2022051080.pdf,Checklist for State Secretaries.pdf,Downloaded
Model Tender Document for ISA Volume I (PDF 1.26 MB),https://cdnbbsr.s3waas.gov.in/s3169779d3852b32ce8b1a1724dbf5217d/uploads/2022/05/2022051023.pdf,Model Tender Document for ISA Volume I.pdf,Downloaded
Model Tender Document for ISA Volume III version 2.0 (PDF 2.40 MB),https://cdnbbsr.s3waas.gov.in/s3169779d3852b32ce8b1a1724dbf5217d/uploads/2022/05/2022051026-1.pdf,Model Tender Document for ISA Volume III version 2.0.pdf,Downloaded
Checklist for District Collectors/Coordinators (PDF 455 KB),https://cdnbbsr.s3waas.gov.in/s3169779d3852b32ce8b1a1724dbf5217d/uploads/2022/05/2022051012-2.pdf,Checklist for District Collectors_Coordinators.pdf,Downloaded
Background note (PDF 517 KB),https://cdnbbsr.s3waas.gov.in/s3169779d3852b32ce8b1a1724dbf5217d/uploads/2022/05/2022051096.pdf,Background note.pdf,Downloaded
Model Tender Document for ISA Volume II (PDF 5.46 MB),https://cdnbbsr.s3waas.gov.in/s3169779d3852b32ce8b1a1724dbf5217d/uploads/2022/05/2022051051.pdf,Model Tender Document for ISA Volume II.pdf,Downloaded
Download (PDF 1.22 MB),https://cdnbbsr.s3waas.gov.in/s3169779d3852b32ce8b1a1724dbf5217d/uploads/2022/05/2022051078-1.pdf,Download.pdf,Already exists
Checklist for ULB/Ward Nodal Officers (PDF 348 KB),https://cdnbbsr.s3waas.gov.in/s3169779d3852b32ce8b1a1724dbf5217d/uploads/2022/05/2022051081.pdf,Checklist for ULB_Ward Nodal Officers.pdf,Downloaded
Guidelines for Additional Collection Drive in Urban Area (PDF 283 KB),https://cdnbbsr.s3waas.gov.in/s3169779d3852b32ce8b1a1724dbf5217d/uploads/2022/05/2022051079.pdf,Guidelines for Additional Collection Drive in Urban Area.pdf,Downloaded
Posters for Urban Additional Data Collection Drive (PDF 489 KB),https://cdnbbsr.s3waas.gov.in/s3169779d3852b32ce8b1a1724dbf5217d/uploads/2022/05/2022051029.pdf,Posters for Urban Additional Data Collection Drive.pdf,Downloaded
Presentation (PDF 2.74 KB),https://cdnbbsr.s3waas.gov.in/s3169779d3852b32ce8b1a1724dbf5217d/uploads/2022/05/2022051063.pdf,Presentation.pdf,Downloaded
Volunteer Application Form (PDF 336 KB),https://cdnbbsr.s3waas.gov.in/s3169779d3852b32ce8b1a1724dbf5217d/uploads/2022/05/2022051061.pdf,Volunteer Application Form.pdf,Downloaded
NHA Volunteer Guidelines (PDF 788 KB),https://cdnbbsr.s3waas.gov.in/s3169779d3852b32ce8b1a1724dbf5217d/uploads/2022/05/2022051033.pdf,NHA Volunteer Guidelines.pdf,Downloaded
Escrow Bank Account Guidelines(PDF 273 KB),https://cdnbbsr.s3waas.gov.in/s3169779d3852b32ce8b1a1724dbf5217d/uploads/2022/05/2022051092-2.pdf,Escrow Bank Account Guidelines.pdf,Downloaded
Guidelines for Young Professional Program(PDF 557 KB),https://cdnbbsr.s3waas.gov.in/s3169779d3852b32ce8b1a1724dbf5217d/uploads/2022/05/2022051094.pdf,Guidelines for Young Professional Program.pdf,Downloaded
Download(PDF 1.27 MB),https://cdnbbsr.s3waas.gov.in/s3169779d3852b32ce8b1a1724dbf5217d/uploads/2022/05/2022051095-2.pdf,Download.pdf,Already exists
Download(PDF 298 KB),https://cdnbbsr.s3waas.gov.in/s3169779d3852b32ce8b1a1724dbf5217d/uploads/2022/05/2022051036-1.pdf,Download.pdf,Already exists
Download(PDF 1.76 MB),https://cdnbbsr.s3waas.gov.in/s3169779d3852b32ce8b1a1724dbf5217d/uploads/2022/05/2022051054-1.pdf,Download.pdf,Already exists
Download(PDF 807 KB),https://cdnbbsr.s3waas.gov.in/s3169779d3852b32ce8b1a1724dbf5217d/uploads/2022/05/2022051067.pdf,Download.pdf,Already exists
Download(PDF 3.45 MB),https://cdnbbsr.s3waas.gov.in/s3169779d3852b32ce8b1a1724dbf5217d/uploads/2022/05/2022051028.pdf,Download.pdf,Already exists
Download(PDF 513 KB),https://cdnbbsr.s3waas.gov.in/s3169779d3852b32ce8b1a1724dbf5217d/uploads/2022/05/2022051039.pdf,Download.pdf,Already exists
Release of Grant in Aid-Trust Mode(PDF 270 KB),https://cdnbbsr.s3waas.gov.in/s3169779d3852b32ce8b1a1724dbf5217d/uploads/2022/05/2022051070.pdf,Release of Grant in Aid-Trust Mode.pdf,Downloaded
NHA Data Privacy Policy Version 1.0(PDF 502 KB),https://cdnbbsr.s3waas.gov.in/s3169779d3852b32ce8b1a1724dbf5217d/uploads/2022/05/2022051033-1.pdf,NHA Data Privacy Policy Version 1.0.pdf,Downloaded
Guidelines for usage of Software in Poor Connectivity Scenarios(PDF 296 KB),https://cdnbbsr.s3waas.gov.in/s3169779d3852b32ce8b1a1724dbf5217d/uploads/2022/05/2022051052-1.pdf,Guidelines for usage of Software in Poor Connectivity Scenarios.pdf,Downloaded
NHA OM on Covid - 1 (PDF 294 KB),https://cdnbbsr.s3waas.gov.in/s3169779d3852b32ce8b1a1724dbf5217d/uploads/2022/05/2022051065.pdf,NHA OM on Covid - 1.pdf,Downloaded
OM Dt. 1 Dec - 2 (PDF 254 KB),https://cdnbbsr.s3waas.gov.in/s3169779d3852b32ce8b1a1724dbf5217d/uploads/2022/05/2022051025-1.pdf,OM Dt. 1 Dec - 2.pdf,Downloaded
Guidelines on Security & Privacy(PDF 918 KB),https://cdnbbsr.s3waas.gov.in/s3169779d3852b32ce8b1a1724dbf5217d/uploads/2022/05/2022051025.pdf,Guidelines on Security & Privacy.pdf,Downloaded
Download (PDF 677 KB),https://cdnbbsr.s3waas.gov.in/s3169779d3852b32ce8b1a1724dbf5217d/uploads/2022/05/2022051091-1.pdf,Download.pdf,Already exists
Download (PDF 3.0 MB),https://cdnbbsr.s3waas.gov.in/s3169779d3852b32ce8b1a1724dbf5217d/uploads/2024/08/20240828153687657.pdf,Download.pdf,Already exists
Download (PDF 308 KB),https://cdnbbsr.s3waas.gov.in/s3169779d3852b32ce8b1a1724dbf5217d/uploads/2024/08/202408282049810185.pdf,Download.pdf,Already exists
Download (PDF 196 KB),https://cdnbbsr.s3waas.gov.in/s3169779d3852b32ce8b1a1724dbf5217d/uploads/2023/04/2023042133.pdf,Download.pdf,Already exists
Download (PDF 3.72 MB),https://cdnbbsr.s3waas.gov.in/s3169779d3852b32ce8b1a1724dbf5217d/uploads/2024/09/20240924831436164.pdf,Download.pdf,Already exists
Download (PDF 340 KB),https://cdnbbsr.s3waas.gov.in/s3169779d3852b32ce8b1a1724dbf5217d/uploads/2024/09/20240925185541293.pdf,Download.pdf,Already exists
Download (PDF 1.37 MB),https://cdnbbsr.s3waas.gov.in/s3169779d3852b32ce8b1a1724dbf5217d/uploads/2024/09/20240925686009399.pdf,Download.pdf,Already exists
Download (PDF 660 KB),https://cdnbbsr.s3waas.gov.in/s3169779d3852b32ce8b1a1724dbf5217d/uploads/2024/09/202409251498496928.pdf,Download.pdf,Already exists
Download (PDF 1.52 MB),https://cdnbbsr.s3waas.gov.in/s3169779d3852b32ce8b1a1724dbf5217d/uploads/2024/09/202409251770905432.pdf,Download.pdf,Already exists
Download (PDF 336 KB),https://cdnbbsr.s3waas.gov.in/s3169779d3852b32ce8b1a1724dbf5217d/uploads/2024/09/20240925219433972.pdf,Download.pdf,Already exists
Download (PDF 336 KB),https://cdnbbsr.s3waas.gov.in/s3169779d3852b32ce8b1a1724dbf5217d/uploads/2024/10/202410232073926223.pdf,Download.pdf,Already exists
Download (PDF 5.78 MB),https://cdnbbsr.s3waas.gov.in/s3169779d3852b32ce8b1a1724dbf5217d/uploads/2024/11/20241104222942183.pdf,Download.pdf,Already exists
Download (pdf 5.23 MB),https://cdnbbsr.s3waas.gov.in/s3169779d3852b32ce8b1a1724dbf5217d/uploads/2025/02/202502111228430391.pdf,Download.pdf,Already exists
Download (pdf 2.80 MB),https://cdnbbsr.s3waas.gov.in/s3169779d3852b32ce8b1a1724dbf5217d/uploads/2025/05/202505081575684259.pdf,Download.pdf,Already exists
Download (PDF 324 KB),https://cdnbbsr.s3waas.gov.in/s3169779d3852b32ce8b1a1724dbf5217d/uploads/2025/06/20250625846048542.pdf,Download.pdf,Already exists
Download (PDF 5.78 MB),https://cdnbbsr.s3waas.gov.in/s3169779d3852b32ce8b1a1724dbf5217d/uploads/2026/07/20260709194642460.pdf,Download.pdf,Already exists
Download (PDF 8.31 MB),https://cdnbbsr.s3waas.gov.in/s3169779d3852b32ce8b1a1724dbf5217d/uploads/2026/09/202609031194350508.pdf,Download.pdf,Already exists
Download (PDF 1.92 MB),https://cdnbbsr.s3waas.gov.in/s3169779d3852b32ce8b1a1724dbf5217d/uploads/2026/09/202609031776794593.pdf,Download.pdf,Already exists
Download (PDF 87 KB),https://cdnbbsr.s3waas.gov.in/s3169779d3852b32ce8b1a1724dbf5217d/uploads/2023/04/2023042165.pdf,Download.pdf,Already exists
2nd OM COVID-19 - 3 (PDF 310 KB),https://cdnbbsr.s3waas.gov.in/s3169779d3852b32ce8b1a1724dbf5217d/uploads/2022/05/2022051097.pdf,2nd OM COVID-19 - 3.pdf,Downloaded
5th OM COVID-19 - 5(PDF 798 KB),https://cdnbbsr.s3waas.gov.in/s3169779d3852b32ce8b1a1724dbf5217d/uploads/2022/05/2022051061-1.pdf,5th OM COVID-19 - 5.pdf,Downloaded
NHA OM - 6(PDF 341 KB),https://cdnbbsr.s3waas.gov.in/s3169779d3852b32ce8b1a1724dbf5217d/uploads/2022/05/2022051058.pdf,NHA OM - 6.pdf,Downloaded
"3rd OM on Covid-19, mandating tests -4 (PDF 747 KB)",https://cdnbbsr.s3waas.gov.in/s3169779d3852b32ce8b1a1724dbf5217d/uploads/2022/05/2022051047.pdf,"3rd OM on Covid-19, mandating tests -4.pdf",Downloaded
