"FileName","SourceFolder","OriginalPath","SuggestedCategory","Score","SecondBestScore","SuggestedBucket","SuggestedPriority","DraftOrProposed","ClassificationReason","FinalDecision","Notes"
"NHA OM - 6.pdf","","","PM-JAY / Insurance","8","0","KEEP - CORE PM-JAY / INSURANCE","HIGH","False","Strong healthcare financing/insurance compliance signal","",""
"NHA OM on Covid - 1.pdf","","","PM-JAY / Insurance","8","0","KEEP - CORE PM-JAY / INSURANCE","HIGH","False","Strong healthcare financing/insurance compliance signal","",""
"(i) A Manual for Medical Officer_a7094f89.pdf","","","Medical Education / NMC","0","0","MANUAL REVIEW","REVIEW","False","No meaningful regulatory signal detected from filename","",""
"(i) Dental Caries and Periodontitis_3d17f785.pdf","","","Medical Education / NMC","0","0","MANUAL REVIEW","REVIEW","False","No meaningful regulatory signal detected from filename","",""
"(i) Training Manual for Medical officer_425cf695.pdf","","","Medical Education / NMC","0","0","MANUAL REVIEW","REVIEW","False","No meaningful regulatory signal detected from filename","",""
"(ii) Disability Prevention & Medical Rehabilitation_cd9e5e1d.pdf","","","Medical Education / NMC","0","0","MANUAL REVIEW","REVIEW","False","No meaningful regulatory signal detected from filename","",""
"(iii) Filariasis control in India and Its Elimination_bbec7cd6.pdf","","","Medical Education / NMC","0","0","MANUAL REVIEW","REVIEW","False","No meaningful regulatory signal detected from filename","",""
"(iv) Chikungunya Fever_f1de1a20.pdf","","","Medical Education / NMC","0","0","MANUAL REVIEW","REVIEW","False","No meaningful regulatory signal detected from filename","",""
"(v) Road Map for Kala-Azar Elimination_446871ba.pdf","","","Medical Education / NMC","0","0","MANUAL REVIEW","REVIEW","False","No meaningful regulatory signal detected from filename","",""
"1023_87c61a52da.pdf","","","Medical Education / NMC","0","0","MANUAL REVIEW","REVIEW","False","No meaningful regulatory signal detected from filename","",""
"1799_82e5f4c573.pdf","","","Medical Education / NMC","0","0","MANUAL REVIEW","REVIEW","False","No meaningful regulatory signal detected from filename","",""
"1803_2fdb516cac.pdf","","","Medical Education / NMC","0","0","MANUAL REVIEW","REVIEW","False","No meaningful regulatory signal detected from filename","",""
"1804_3e000fd004.pdf","","","Medical Education / NMC","0","0","MANUAL REVIEW","REVIEW","False","No meaningful regulatory signal detected from filename","",""
"1805_57f7fdc221.pdf","","","Medical Education / NMC","0","0","MANUAL REVIEW","REVIEW","False","No meaningful regulatory signal detected from filename","",""
"1807_75c389383b.pdf","","","Medical Education / NMC","0","0","MANUAL REVIEW","REVIEW","False","No meaningful regulatory signal detected from filename","",""
"2022051012-1_4f75c8c2.pdf","","","Medical Education / NMC","0","0","MANUAL REVIEW","REVIEW","False","No meaningful regulatory signal detected from filename","",""
"2022051017_591e5fd2.pdf","","","Medical Education / NMC","0","0","MANUAL REVIEW","REVIEW","False","No meaningful regulatory signal detected from filename","",""
"2022051018-1_0801124f.pdf","","","Medical Education / NMC","0","0","MANUAL REVIEW","REVIEW","False","No meaningful regulatory signal detected from filename","",""
"2022051026_62a1b010.pdf","","","Medical Education / NMC","0","0","MANUAL REVIEW","REVIEW","False","No meaningful regulatory signal detected from filename","",""
"2022051028_870c94cb.pdf","","","Medical Education / NMC","0","0","MANUAL REVIEW","REVIEW","False","No meaningful regulatory signal detected from filename","",""
"2022051036-1_a2a62f5c.pdf","","","Medical Education / NMC","0","0","MANUAL REVIEW","REVIEW","False","No meaningful regulatory signal detected from filename","",""
"2022051036-2_84903cca.pdf","","","Medical Education / NMC","0","0","MANUAL REVIEW","REVIEW","False","No meaningful regulatory signal detected from filename","",""
"2022051039_be62469a.pdf","","","Medical Education / NMC","0","0","MANUAL REVIEW","REVIEW","False","No meaningful regulatory signal detected from filename","",""
"2022051054-1_45c044e9.pdf","","","Medical Education / NMC","0","0","MANUAL REVIEW","REVIEW","False","No meaningful regulatory signal detected from filename","",""
"2022051067_9f475305.pdf","","","Medical Education / NMC","0","0","MANUAL REVIEW","REVIEW","False","No meaningful regulatory signal detected from filename","",""
"2022051078_30d94d70.pdf","","","Medical Education / NMC","0","0","MANUAL REVIEW","REVIEW","False","No meaningful regulatory signal detected from filename","",""
"2022051078-1_84a2ae77.pdf","","","Medical Education / NMC","0","0","MANUAL REVIEW","REVIEW","False","No meaningful regulatory signal detected from filename","",""
"2022051091-1_6c9bc5a1.pdf","","","Medical Education / NMC","0","0","MANUAL REVIEW","REVIEW","False","No meaningful regulatory signal detected from filename","",""
"2022051095-2_dc2bf0b9.pdf","","","Medical Education / NMC","0","0","MANUAL REVIEW","REVIEW","False","No meaningful regulatory signal detected from filename","",""
"2023042133_dea41d30.pdf","","","Medical Education / NMC","0","0","MANUAL REVIEW","REVIEW","False","No meaningful regulatory signal detected from filename","",""
"2023042165_3e1f47f4.pdf","","","Medical Education / NMC","0","0","MANUAL REVIEW","REVIEW","False","No meaningful regulatory signal detected from filename","",""
"20240828153687657_29a5bdfc.pdf","","","Medical Education / NMC","0","0","MANUAL REVIEW","REVIEW","False","No meaningful regulatory signal detected from filename","",""
"202408282049810185_494748df.pdf","","","Medical Education / NMC","0","0","MANUAL REVIEW","REVIEW","False","No meaningful regulatory signal detected from filename","",""
"20240924831436164_2c5eded9.pdf","","","Medical Education / NMC","0","0","MANUAL REVIEW","REVIEW","False","No meaningful regulatory signal detected from filename","",""
"202409251498496928_05fc5863.pdf","","","Medical Education / NMC","0","0","MANUAL REVIEW","REVIEW","False","No meaningful regulatory signal detected from filename","",""
"202409251770905432_015bc730.pdf","","","Medical Education / NMC","0","0","MANUAL REVIEW","REVIEW","False","No meaningful regulatory signal detected from filename","",""
"20240925185541293_7ce7d80b.pdf","","","Medical Education / NMC","0","0","MANUAL REVIEW","REVIEW","False","No meaningful regulatory signal detected from filename","",""
"20240925219433972_7280a017.pdf","","","Medical Education / NMC","0","0","MANUAL REVIEW","REVIEW","False","No meaningful regulatory signal detected from filename","",""
"20240925686009399_25ac42cd.pdf","","","Medical Education / NMC","0","0","MANUAL REVIEW","REVIEW","False","No meaningful regulatory signal detected from filename","",""
"202410232073926223_a1c050f6.pdf","","","Medical Education / NMC","0","0","MANUAL REVIEW","REVIEW","False","No meaningful regulatory signal detected from filename","",""
"20241104222942183_6cf631d2.pdf","","","Medical Education / NMC","0","0","MANUAL REVIEW","REVIEW","False","No meaningful regulatory signal detected from filename","",""
"202502111228430391_fe63a31e.pdf","","","Medical Education / NMC","0","0","MANUAL REVIEW","REVIEW","False","No meaningful regulatory signal detected from filename","",""
"202505081575684259_fe282ed7.pdf","","","Medical Education / NMC","0","0","MANUAL REVIEW","REVIEW","False","No meaningful regulatory signal detected from filename","",""
"20250625846048542_c7604bab.pdf","","","Medical Education / NMC","0","0","MANUAL REVIEW","REVIEW","False","No meaningful regulatory signal detected from filename","",""
"202609031194350508_70532cc3.pdf","","","Medical Education / NMC","0","0","MANUAL REVIEW","REVIEW","False","No meaningful regulatory signal detected from filename","",""
"202609031776794593_3c961873.pdf","","","Medical Education / NMC","0","0","MANUAL REVIEW","REVIEW","False","No meaningful regulatory signal detected from filename","",""
"263f3ca26df87dc44b7687c1b9cf0c15_21bd516c.pdf","","","Medical Education / NMC","0","0","MANUAL REVIEW","REVIEW","False","No meaningful regulatory signal detected from filename","",""
"2nd OM COVID-19 - 3.pdf","","","Medical Education / NMC","0","0","MANUAL REVIEW","REVIEW","False","No meaningful regulatory signal detected from filename","",""
"3rd OM on Covid-19, mandating tests -4.pdf","","","Medical Education / NMC","0","0","MANUAL REVIEW","REVIEW","False","No meaningful regulatory signal detected from filename","",""
"4.1 RevisedSR-2024 dated 23.08.2024_2c881de5.pdf","","","Medical Education / NMC","0","0","MANUAL REVIEW","REVIEW","False","No meaningful regulatory signal detected from filename","",""
"4161_9260aec018.pdf","","","Medical Education / NMC","0","0","MANUAL REVIEW","REVIEW","False","No meaningful regulatory signal detected from filename","",""
"45a4ab64b74ab124cfd853ec9a0127e4_88505f99.pdf","","","Medical Education / NMC","0","0","MANUAL REVIEW","REVIEW","False","No meaningful regulatory signal detected from filename","",""
"47b077f6bfcded85af8bf2f319136186_de39ae86.pdf","","","Medical Education / NMC","0","0","MANUAL REVIEW","REVIEW","False","No meaningful regulatory signal detected from filename","",""
"47c15fa0edba7559a0773830a712894a_c7e5e4b9.pdf","","","Medical Education / NMC","0","0","MANUAL REVIEW","REVIEW","False","No meaningful regulatory signal detected from filename","",""
"48_d888d00635.pdf","","","Medical Education / NMC","0","0","MANUAL REVIEW","REVIEW","False","No meaningful regulatory signal detected from filename","",""
"53450e6e5dc0bfa85ebd78686cadad39_699aa0b027.pdf","","","Medical Education / NMC","0","0","MANUAL REVIEW","REVIEW","False","No meaningful regulatory signal detected from filename","",""
"5511_0_f0abdc3469.pdf","","","Medical Education / NMC","0","0","MANUAL REVIEW","REVIEW","False","No meaningful regulatory signal detected from filename","",""
"5th OM COVID-19 - 5.pdf","","","Medical Education / NMC","0","0","MANUAL REVIEW","REVIEW","False","No meaningful regulatory signal detected from filename","",""
"6381b33c4d25c4363679438afea500af_c583d416.pdf","","","Medical Education / NMC","0","0","MANUAL REVIEW","REVIEW","False","No meaningful regulatory signal detected from filename","",""
"73f6292ba65a28d63c70b4d836896318_b814dd9d.pdf","","","Medical Education / NMC","0","0","MANUAL REVIEW","REVIEW","False","No meaningful regulatory signal detected from filename","",""
"829bf86e304132dfae9962855c57dcd8_204ecd23.pdf","","","Medical Education / NMC","0","0","MANUAL REVIEW","REVIEW","False","No meaningful regulatory signal detected from filename","",""
"a) Full Document_0d7e8ad1.pdf","","","Medical Education / NMC","0","0","MANUAL REVIEW","REVIEW","False","No meaningful regulatory signal detected from filename","",""
"a) Full Document_12d1e7c9.pdf","","","Medical Education / NMC","0","0","MANUAL REVIEW","REVIEW","False","No meaningful regulatory signal detected from filename","",""
"a) Full Document_145bcabf.pdf","","","Medical Education / NMC","0","0","MANUAL REVIEW","REVIEW","False","No meaningful regulatory signal detected from filename","",""
"a) Full Document_54636977.pdf","","","Medical Education / NMC","0","0","MANUAL REVIEW","REVIEW","False","No meaningful regulatory signal detected from filename","",""
"a) Full Document_5e6ad719.pdf","","","Medical Education / NMC","0","0","MANUAL REVIEW","REVIEW","False","No meaningful regulatory signal detected from filename","",""
"a) Full Document_83ac33fe.pdf","","","Medical Education / NMC","0","0","MANUAL REVIEW","REVIEW","False","No meaningful regulatory signal detected from filename","",""
"a) Full Document_9dcede56.pdf","","","Medical Education / NMC","0","0","MANUAL REVIEW","REVIEW","False","No meaningful regulatory signal detected from filename","",""
"a) Full Document_a71f4752.pdf","","","Medical Education / NMC","0","0","MANUAL REVIEW","REVIEW","False","No meaningful regulatory signal detected from filename","",""
"a) Full Document_aa6a7aa2.pdf","","","Medical Education / NMC","0","0","MANUAL REVIEW","REVIEW","False","No meaningful regulatory signal detected from filename","",""
"a) Full Document_ca071578.pdf","","","Medical Education / NMC","0","0","MANUAL REVIEW","REVIEW","False","No meaningful regulatory signal detected from filename","",""
"a) Quick Reference Guide_7c941c61.pdf","","","Medical Education / NMC","0","0","MANUAL REVIEW","REVIEW","False","No meaningful regulatory signal detected from filename","",""
"a) Quick Reference Guide_9860dfda.pdf","","","Medical Education / NMC","0","0","MANUAL REVIEW","REVIEW","False","No meaningful regulatory signal detected from filename","",""
"ac403676f3b66475ba027e70b06b1a7c_3b77f427.pdf","","","Medical Education / NMC","0","0","MANUAL REVIEW","REVIEW","False","No meaningful regulatory signal detected from filename","",""
"Annexure I Pre-Authorization Form.pdf","","","Medical Education / NMC","0","0","MANUAL REVIEW","REVIEW","False","No meaningful regulatory signal detected from filename","",""
"Annexure II - Discharge Summary.pdf","","","Medical Education / NMC","0","0","MANUAL REVIEW","REVIEW","False","No meaningful regulatory signal detected from filename","",""
"Assurance Model Download.pdf","","","Medical Education / NMC","0","0","MANUAL REVIEW","REVIEW","False","No meaningful regulatory signal detected from filename","",""
"Ayurveda (587.56 KB )_b42daed5.pdf","","","Medical Education / NMC","0","0","MANUAL REVIEW","REVIEW","False","No meaningful regulatory signal detected from filename","",""
"b) Quick Reference Guide_0d2df81f.pdf","","","Medical Education / NMC","0","0","MANUAL REVIEW","REVIEW","False","No meaningful regulatory signal detected from filename","",""
"b) Quick Reference Guide_4c51b27b.pdf","","","Medical Education / NMC","0","0","MANUAL REVIEW","REVIEW","False","No meaningful regulatory signal detected from filename","",""
"b) Quick Reference Guide_51682d59.pdf","","","Medical Education / NMC","0","0","MANUAL REVIEW","REVIEW","False","No meaningful regulatory signal detected from filename","",""
"b) Quick Reference Guide_5cbc8467.pdf","","","Medical Education / NMC","0","0","MANUAL REVIEW","REVIEW","False","No meaningful regulatory signal detected from filename","",""
"b) Quick Reference Guide_6c52ed7f.pdf","","","Medical Education / NMC","0","0","MANUAL REVIEW","REVIEW","False","No meaningful regulatory signal detected from filename","",""
"b) Quick Reference Guide_98a2299e.pdf","","","Medical Education / NMC","0","0","MANUAL REVIEW","REVIEW","False","No meaningful regulatory signal detected from filename","",""
"b) Quick Reference Guide_af9910df.pdf","","","Medical Education / NMC","0","0","MANUAL REVIEW","REVIEW","False","No meaningful regulatory signal detected from filename","",""
"b) Quick Reference Guide_e2c82758.pdf","","","Medical Education / NMC","0","0","MANUAL REVIEW","REVIEW","False","No meaningful regulatory signal detected from filename","",""
"b09f1edf31a9165aebf486a55bbe54f5_227c75f0.pdf","","","Medical Education / NMC","0","0","MANUAL REVIEW","REVIEW","False","No meaningful regulatory signal detected from filename","",""
"Background note.pdf","","","Medical Education / NMC","0","0","MANUAL REVIEW","REVIEW","False","No meaningful regulatory signal detected from filename","",""
"c605f3d8993c1ea43937354a8970d104_274e13d8.pdf","","","Medical Education / NMC","0","0","MANUAL REVIEW","REVIEW","False","No meaningful regulatory signal detected from filename","",""
"cc217843dc3bcb37b2b05bcc3b4e031f_66db4fbdf3.pdf","","","Medical Education / NMC","0","0","MANUAL REVIEW","REVIEW","False","No meaningful regulatory signal detected from filename","",""
"cdc59be4f64be9217515d5c5cf618da9_f2bd4918.pdf","","","Medical Education / NMC","0","0","MANUAL REVIEW","REVIEW","False","No meaningful regulatory signal detected from filename","",""
"Checklist for District Collectors_Coordinators.pdf","","","Medical Education / NMC","0","0","MANUAL REVIEW","REVIEW","False","No meaningful regulatory signal detected from filename","",""
"Checklist for State Secretaries.pdf","","","Medical Education / NMC","0","0","MANUAL REVIEW","REVIEW","False","No meaningful regulatory signal detected from filename","",""
"Checklist for ULB_Ward Nodal Officers.pdf","","","Medical Education / NMC","0","0","MANUAL REVIEW","REVIEW","False","No meaningful regulatory signal detected from filename","",""
"Collection Centres and point of care testing etc. (502.31 KB )_1f5ace4e.pdf","","","Medical Education / NMC","0","0","MANUAL REVIEW","REVIEW","False","No meaningful regulatory signal detected from filename","",""
"Dental Lab (204.6 KB )_386aa5c5.pdf","","","Medical Education / NMC","0","0","MANUAL REVIEW","REVIEW","False","No meaningful regulatory signal detected from filename","",""
"do5GahELoz4cmMVrnbHsBATwu0LhtoPk3WtPztwE_1f72d19ff6.pdf","","","Medical Education / NMC","0","0","MANUAL REVIEW","REVIEW","False","No meaningful regulatory signal detected from filename","",""
"Download this Document.pdf","","","Medical Education / NMC","0","0","MANUAL REVIEW","REVIEW","False","No meaningful regulatory signal detected from filename","",""
"Download.pdf","","","Medical Education / NMC","0","0","MANUAL REVIEW","REVIEW","False","No meaningful regulatory signal detected from filename","",""
"Draft_guidance_note_on_untied_funds_13b2823e.pdf","","","Medical Education / NMC","0","0","MANUAL REVIEW","REVIEW","True","No meaningful regulatory signal detected from filename","",""
"ecc507d177d47211fab41162b1f21271_776c1ab0.pdf","","","Medical Education / NMC","0","0","MANUAL REVIEW","REVIEW","False","No meaningful regulatory signal detected from filename","",""
"EsC1D3C4pllbq186EDqZxfN01cHjDZdOAXAK1Bea_80e6de8a71.pdf","","","Medical Education / NMC","0","0","MANUAL REVIEW","REVIEW","False","No meaningful regulatory signal detected from filename","",""
"Hair Transplant Center (83.87 KB )_9c34a4c9.pdf","","","Medical Education / NMC","0","0","MANUAL REVIEW","REVIEW","False","No meaningful regulatory signal detected from filename","",""
"Homoeopathy (1.23 MB )_f2f51a3d.pdf","","","Medical Education / NMC","0","0","MANUAL REVIEW","REVIEW","False","No meaningful regulatory signal detected from filename","",""
"Jan_Aarogya_Samiti_Web_Compressed_11742585.pdf","","","Medical Education / NMC","0","0","MANUAL REVIEW","REVIEW","False","No meaningful regulatory signal detected from filename","",""
"jZVZXE6Ckm7GWp9mv4cn0xEsv3t91EBm5Bgbw28P_d3e293fac3.pdf","","","Medical Education / NMC","0","0","MANUAL REVIEW","REVIEW","False","No meaningful regulatory signal detected from filename","",""
"KEpwkMzgUwYNR49OrJaqvLcIpeytGPg7XGcorhTg_e8cef64166.pdf","","","Medical Education / NMC","0","0","MANUAL REVIEW","REVIEW","False","No meaningful regulatory signal detected from filename","",""
"Mobile Dental Van (284.1 KB )_48efd80d.pdf","","","Medical Education / NMC","0","0","MANUAL REVIEW","REVIEW","False","No meaningful regulatory signal detected from filename","",""
"Model Tender Document for ISA Volume I.pdf","","","Medical Education / NMC","0","0","MANUAL REVIEW","REVIEW","False","No meaningful regulatory signal detected from filename","",""
"Model Tender Document for ISA Volume II.pdf","","","Medical Education / NMC","0","0","MANUAL REVIEW","REVIEW","False","No meaningful regulatory signal detected from filename","",""
"Model Tender Document for ISA Volume III version 2.0.pdf","","","Medical Education / NMC","0","0","MANUAL REVIEW","REVIEW","False","No meaningful regulatory signal detected from filename","",""
"Naturopathy (921.3 KB )_ab458bbe.pdf","","","Medical Education / NMC","0","0","MANUAL REVIEW","REVIEW","False","No meaningful regulatory signal detected from filename","",""
"nzyjp7JUGsKuXhSHnhNzeCvHNnaiXciXeusaiHr9_78dd89af74.pdf","","","Medical Education / NMC","0","0","MANUAL REVIEW","REVIEW","False","No meaningful regulatory signal detected from filename","",""
"o67fwyKJjRIJ2zLukPlJjqffWfj5aF3opCDVaIlu_058f1b0ee1.pdf","","","Medical Education / NMC","0","0","MANUAL REVIEW","REVIEW","False","No meaningful regulatory signal detected from filename","",""
"OM Dt. 1 Dec - 2.pdf","","","Medical Education / NMC","0","0","MANUAL REVIEW","REVIEW","False","No meaningful regulatory signal detected from filename","",""
"Oral_Health_(Inner)-_Brown_(FINAL)_92f104ec.pdf","","","Medical Education / NMC","0","0","MANUAL REVIEW","REVIEW","False","No meaningful regulatory signal detected from filename","",""
"Physiotherapy Centre (290.18 KB )_4ba34dd3.pdf","","","Medical Education / NMC","0","0","MANUAL REVIEW","REVIEW","False","No meaningful regulatory signal detected from filename","",""
"Presentation.pdf","","","Medical Education / NMC","0","0","MANUAL REVIEW","REVIEW","False","No meaningful regulatory signal detected from filename","",""
"Release of Grant in Aid-Trust Mode.pdf","","","Medical Education / NMC","0","0","MANUAL REVIEW","REVIEW","False","No meaningful regulatory signal detected from filename","",""
"Siddha (1.27 MB )_759592c7.pdf","","","Medical Education / NMC","0","0","MANUAL REVIEW","REVIEW","False","No meaningful regulatory signal detected from filename","",""
"Sowa-Rigpa (1.16 MB )_ffb9616f.pdf","","","Medical Education / NMC","0","0","MANUAL REVIEW","REVIEW","False","No meaningful regulatory signal detected from filename","",""
"Unani (1.35 MB )_e48ef983.pdf","","","Medical Education / NMC","0","0","MANUAL REVIEW","REVIEW","False","No meaningful regulatory signal detected from filename","",""
"Volunteer Application Form.pdf","","","Medical Education / NMC","0","0","MANUAL REVIEW","REVIEW","False","No meaningful regulatory signal detected from filename","",""
"YOGA (822.68 KB )_a0b00ce1.pdf","","","Medical Education / NMC","0","0","MANUAL REVIEW","REVIEW","False","No meaningful regulatory signal detected from filename","",""
"सीईए के लिए परिचालन दिशानिर्देश_83c8fb9b.pdf","","","Medical Education / NMC","0","0","MANUAL REVIEW","REVIEW","False","No meaningful regulatory signal detected from filename","",""
