"FileName","SourceFolder","SuggestedBucket","ClassificationReason"
"(i) Standards for TB Care in India_3ea6ec68.pdf","","REVIEW - COMPLIANCE / STANDARDS","Potential compliance requirement or official standard"
"(ii) Guidelines for Prevention and Control of Fluorosis_13f59c0f.pdf","","REVIEW - COMPLIANCE / STANDARDS","Potential compliance requirement or official standard"
"10. Guidelines for Medicine (Non Respiratory Medical Conditions)_3c186750.pdf","","REVIEW - COMPLIANCE / STANDARDS","Potential compliance requirement or official standard"
"13. Guidelines for Interventional Radiology_e708ac43.pdf","","REVIEW - COMPLIANCE / STANDARDS","Potential compliance requirement or official standard"
"1454_Operational_Guidelines_ENT_Print_ready_29_11_2020_72528185.pdf","","REVIEW - COMPLIANCE / STANDARDS","Potential compliance requirement or official standard"
"15. Guidelines for Organ Transplant - Liver_a38a1849.pdf","","REVIEW - COMPLIANCE / STANDARDS","Potential compliance requirement or official standard"
"16. Guidelines for Urology_84326f7c.pdf","","REVIEW - COMPLIANCE / STANDARDS","Potential compliance requirement or official standard"
"17. Guidelines for Laboratory Medicine_846b1dcd.pdf","","REVIEW - COMPLIANCE / STANDARDS","Potential compliance requirement or official standard"
"2. Guidelines for Critical Care_6e448147.pdf","","REVIEW - COMPLIANCE / STANDARDS","Potential compliance requirement or official standard"
"21. Guidelines for Endocrinology_e8b1a18e.pdf","","REVIEW - COMPLIANCE / STANDARDS","Potential compliance requirement or official standard"
"4. Guidelines for Obstetrics and Gynaecology_ab3b0881.pdf","","REVIEW - COMPLIANCE / STANDARDS","Potential compliance requirement or official standard"
"4.3. Minimum Standard of Requirements for Post-Graduate Courses 2023 dated 15.01.2024_18044ae4.pdf","","REVIEW - COMPLIANCE / STANDARDS","Potential compliance requirement or official standard"
"7. Guidelines for ENT_93801303.pdf","","REVIEW - COMPLIANCE / STANDARDS","Potential compliance requirement or official standard"
"9. Guidelines for Medicine (Respiratory)_bb0522e1.pdf","","REVIEW - COMPLIANCE / STANDARDS","Potential compliance requirement or official standard"
"Anti Fraud Guidelines.pdf","","REVIEW - COMPLIANCE / STANDARDS","Potential compliance requirement or official standard"
"BIS - Guidelines on disabling BIS e-Card.pdf","","REVIEW - COMPLIANCE / STANDARDS","Potential compliance requirement or official standard"
"Capacity Building Guideline.pdf","","REVIEW - COMPLIANCE / STANDARDS","Potential compliance requirement or official standard"
"Final_MNS_Operational_Guidelines_-_Web_Optimized_PDF_Version_-_19_11_20_eee9ba54.pdf","","REVIEW - COMPLIANCE / STANDARDS","Potential compliance requirement or official standard"
"FINAL_Operational_Guidelines_for_Primary_Eye_Care__28_pages__Dt__23_06_2020_1__26e16272.pdf","","REVIEW - COMPLIANCE / STANDARDS","Potential compliance requirement or official standard"
"Guidelines for Additional Collection Drive in Urban Area.pdf","","REVIEW - COMPLIANCE / STANDARDS","Potential compliance requirement or official standard"
"Guidelines for Ayurveda_1e8976c3.pdf","","REVIEW - COMPLIANCE / STANDARDS","Potential compliance requirement or official standard"
"Guidelines for Grievance Redressal.pdf","","REVIEW - COMPLIANCE / STANDARDS","Potential compliance requirement or official standard"
"Guidelines for Portability of Services.pdf","","REVIEW - COMPLIANCE / STANDARDS","Potential compliance requirement or official standard"
"Guidelines for Siddha (Draft)_3c871acb.pdf","","REVIEW - COMPLIANCE / STANDARDS","Potential compliance requirement or official standard"
"Guidelines for usage of Software in Poor Connectivity Scenarios.pdf","","REVIEW - COMPLIANCE / STANDARDS","Potential compliance requirement or official standard"
"Guidelines for Young Professional Program.pdf","","REVIEW - COMPLIANCE / STANDARDS","Potential compliance requirement or official standard"
"Minimum requirement for 100 admissions_043a1097.pdf","","REVIEW - COMPLIANCE / STANDARDS","Potential compliance requirement or official standard"
"Minimum requirement for 150 admissions_6f224be1.pdf","","REVIEW - COMPLIANCE / STANDARDS","Potential compliance requirement or official standard"
"Minimum requirement for 200 admissions_b4c9b349.pdf","","REVIEW - COMPLIANCE / STANDARDS","Potential compliance requirement or official standard"
"Minimum requirement for 250 admissions_1b887e74.pdf","","REVIEW - COMPLIANCE / STANDARDS","Potential compliance requirement or official standard"
"Minimum requirement for 50 admissions_9c4066f8.pdf","","REVIEW - COMPLIANCE / STANDARDS","Potential compliance requirement or official standard"
"NHA Volunteer Guidelines.pdf","","REVIEW - COMPLIANCE / STANDARDS","Potential compliance requirement or official standard"
"Operational_Guidelines_Ear,_Nose_and_Throat_(ENT)_Care_at_HWCs_f8628165.pdf","","REVIEW - COMPLIANCE / STANDARDS","Potential compliance requirement or official standard"
"Operational_Guidelines_for_Oral_Health_Care_at_HWCs__2020__b4c41c18.pdf","","REVIEW - COMPLIANCE / STANDARDS","Potential compliance requirement or official standard"
"Operational_Guidelines_for_Primary_Eye_Care_at_HWCs_bce8776e.pdf","","REVIEW - COMPLIANCE / STANDARDS","Potential compliance requirement or official standard"
"OperationalGuidelinesDHIS.a35651cdf843e0b399c2_1565958836.pdf","","REVIEW - COMPLIANCE / STANDARDS","Potential compliance requirement or official standard"
"Posters for Urban Additional Data Collection Drive.pdf","","REVIEW - DIGITAL HEALTH / DATA","Potential healthcare data or digital-health compliance"
"Insurance Model Download.pdf","","REVIEW - HEALTH INSURANCE / PM-JAY","Potential healthcare financing, insurance or PM-JAY requirement"
"2.3. Public Notice- Guidelines on Temporary Registration 18.01.2024_03cc8bb2.pdf","","REVIEW - LICENSING / REGISTRATION","Potential licensing, registration or accreditation requirement"
"Phasewise requirements for LOI, LOP, renewals_f0e8b30b.pdf","","REVIEW - LICENSING / REGISTRATION","Potential licensing, registration or accreditation requirement"
"WFMECertificateofRecognitionStatus_f2f3973b.pdf","","REVIEW - LICENSING / REGISTRATION","Potential licensing, registration or accreditation requirement"
"CPIO Order_083885f2.pdf","","REVIEW - POSSIBLE REGULATORY","Filename contains legal/regulatory terminology"
