FileName,FilePath,DocumentTitle,Authority,Year,SuggestedCategory,SuggestedBucket,SuggestedPriority,Reason
(i) A Manual for Medical Officer_a7094f89.pdf,C:\Users\rahma\OneDrive - Indian Institute of Management\Desktop\Term 5\CCS\RAG_Project\Healthcare_Master\(i) A Manual for Medical Officer_a7094f89.pdf,"1 | National Programme for Prevention and Control | of Cancer, Diabetes, Cardiovascular Disease and | Stroke (NPCDCS) | A Manual for Medical Officer | Developed under the Government of India – WHO | Collaborative Programme 2008-2009 | 2 | Contents: Page No. | 1. Introduction 3 | 2. Risk factors of NCDs and their relationship 5 | 3. Role of medical officer to promote healthy lifestyle in community 6",Government of India,2008,Clinical / Healthcare,KEEP - SUPPORTING GUIDANCE,MEDIUM,Relevant official healthcare guidance detected
(i) Dental Caries and Periodontitis_3d17f785.pdf,C:\Users\rahma\OneDrive - Indian Institute of Management\Desktop\Term 5\CCS\RAG_Project\Healthcare_Master\(i) Dental Caries and Periodontitis_3d17f785.pdf,(i) Dental Caries and Periodontitis_3d17f785.pdf,,,Regulatory / Legal,MANUAL REVIEW,REVIEW,No strong content signal detected
(i) Training Manual for Medical officer_425cf695.pdf,C:\Users\rahma\OneDrive - Indian Institute of Management\Desktop\Term 5\CCS\RAG_Project\Healthcare_Master\(i) Training Manual for Medical officer_425cf695.pdf,"Training Manual | for | Medical Officer | Central Leprosy Division, | Directorate General of Health Services | Nirman Bhawan, New Delhi | National Leprosy Eradication | Programme (NLEP)",Directorate General of Health Services,,Regulatory / Legal,MANUAL REVIEW,REVIEW,No strong content signal detected
(ii) Disability Prevention & Medical Rehabilitation_cd9e5e1d.pdf,C:\Users\rahma\OneDrive - Indian Institute of Management\Desktop\Term 5\CCS\RAG_Project\Healthcare_Master\(ii) Disability Prevention & Medical Rehabilitation_cd9e5e1d.pdf,"vakils | July 2012 | Printed by Novartis Comprehensive Leprosy Care Association, | Mumbai, India | as a Scientific Service to Medical & Paramedical Personnel. | National Leprosy Eradication Program | Central Leprosy Division | Directorate General of Health Services, | Ministry of Health & Family Welfare, | Government of India | Nirman Bhavan, New Delhi | Guidelines for",Government of India,2012,Regulatory / Legal,REVIEW - NEEDS VERIFICATION,REVIEW,Some healthcare signal detected but insufficient confidence
(iii) Filariasis control in India and Its Elimination_bbec7cd6.pdf,C:\Users\rahma\OneDrive - Indian Institute of Management\Desktop\Term 5\CCS\RAG_Project\Healthcare_Master\(iii) Filariasis control in India and Its Elimination_bbec7cd6.pdf,"ELIMINATION OF | LYMPHATIC FILARIASIS | GUIDELINES FOR DRUG | DISTRIBUTORS | Microfilaria in the blood of man | Directorate of National Vector | Borne | Disease Control Programme, | Directorate General of Health | Services, Ministry of Health and | Family Welfare, Government of | India",,,Clinical / Healthcare,KEEP - SUPPORTING GUIDANCE,MEDIUM,Relevant official healthcare guidance detected
(iv) Chikungunya Fever_f1de1a20.pdf,C:\Users\rahma\OneDrive - Indian Institute of Management\Desktop\Term 5\CCS\RAG_Project\Healthcare_Master\(iv) Chikungunya Fever_f1de1a20.pdf,"1 | CHIKUNGUNYA FEVER | Facts | 1. What is chikungunya | Chikungunya (also known as chikungunya virus disease or chikungunya fever) is a | debilitating, but non-fatal, viral illness that is spread by the bite of infected mosquitoes.  It | resembles dengue fever. | 2.  Which are the states affected by chikungunya? | The states affected by chikungunya are Andhra Pradesh, Karnataka, Maharasthra, Tamil | Nadu, Madhya Pradesh, Gujarat, Kerala, A&N Island, GNCT of Delhi, Rajasthan, | Pondicherry, Goa. The number of suspected chikungunya fever cases reported by these | states till 30.10.2006  are given below :-",,2006,Regulatory / Legal,KEEP - CORE REGULATORY,HIGH,Strong legal/regulatory content detected
(v) Road Map for Kala-Azar Elimination_446871ba.pdf,C:\Users\rahma\OneDrive - Indian Institute of Management\Desktop\Term 5\CCS\RAG_Project\Healthcare_Master\(v) Road Map for Kala-Azar Elimination_446871ba.pdf,"1 | Preamble | Kala-azar (KA) or Visceral Leishmaniasis (VL) is a parasitic disease with anthroponotic | (confined to human only, no animal reservoir) infection in Asian continent. If rem ain | untreated, probability of death of Kala -azar patient within two years of the onset of the | disease is high. The disease is endemic in Indian subcontinent in 119 districts in four | countries namely Bangladesh, Bhutan, India and Nepal. India alone accounts  for about | 50% of the global burden of KA. Though KA is one of the most dangerous neglected | tropical diseases (NTDs), it is amenable to elimination as a public health problem. | Favourable factors for Kala -azar Elimination are: man is the only host, sandfly | (Phlebotamus argentipes ) is the only vector and rapid diagnostic tests with new and | effective drugs are available for use in the programme. The geographical spread of the",,1990,Public Health,KEEP - SUPPORTING GUIDANCE,MEDIUM,Relevant official healthcare guidance detected
1023_87c61a52da.pdf,C:\Users\rahma\OneDrive - Indian Institute of Management\Desktop\Term 5\CCS\RAG_Project\Healthcare_Master\1023_87c61a52da.pdf,1023_87c61a52da.pdf,,,Regulatory / Legal,MANUAL REVIEW,REVIEW,No strong content signal detected
1799_82e5f4c573.pdf,C:\Users\rahma\OneDrive - Indian Institute of Management\Desktop\Term 5\CCS\RAG_Project\Healthcare_Master\1799_82e5f4c573.pdf,6207 GI/2026 (1) | रजिस्ट्री सं. डी.एल.- 33004/99 REGD. No. D. L.-33004/99 | xxxGIDHxxx | xxxGIDExxx | असाधारण | EXTRAORDINARY | भाग III—खण् ड 4 | PART III—Section 4 | प्राजधकार से प्रकाजित | PUBLISHED BY AUTHORITY | राष्ट्रीय आयुर्विज्ञान आयोग | (नैजतकता और जिककत्सा पंिीकरण बोडि),,2026,Regulatory / Legal,KEEP - CORE REGULATORY,HIGH,Strong legal/regulatory content detected
1803_2fdb516cac.pdf,C:\Users\rahma\OneDrive - Indian Institute of Management\Desktop\Term 5\CCS\RAG_Project\Healthcare_Master\1803_2fdb516cac.pdf,1803_2fdb516cac.pdf,,,Regulatory / Legal,MANUAL REVIEW,REVIEW,No strong content signal detected
1804_3e000fd004.pdf,C:\Users\rahma\OneDrive - Indian Institute of Management\Desktop\Term 5\CCS\RAG_Project\Healthcare_Master\1804_3e000fd004.pdf,1804_3e000fd004.pdf,,,Regulatory / Legal,MANUAL REVIEW,REVIEW,No strong content signal detected
1805_57f7fdc221.pdf,C:\Users\rahma\OneDrive - Indian Institute of Management\Desktop\Term 5\CCS\RAG_Project\Healthcare_Master\1805_57f7fdc221.pdf,1805_57f7fdc221.pdf,,,Regulatory / Legal,MANUAL REVIEW,REVIEW,No strong content signal detected
1807_75c389383b.pdf,C:\Users\rahma\OneDrive - Indian Institute of Management\Desktop\Term 5\CCS\RAG_Project\Healthcare_Master\1807_75c389383b.pdf,"दूरभाष | / | Phone | : | +91-11- | 25367033/35/36 | पॉके ट | -14, | से | टर | -8, | ारका",National Medical Commission,2026,Regulatory / Legal,KEEP - CORE REGULATORY,HIGH,Strong legal/regulatory content detected
2022051012-1_4f75c8c2.pdf,C:\Users\rahma\OneDrive - Indian Institute of Management\Desktop\Term 5\CCS\RAG_Project\Healthcare_Master\2022051012-1_4f75c8c2.pdf,S. No. Field Type Mandatory/ | Desirable | 1 General | 1a Managers N | 1b Accountant N | 1c Receptionist N | 1d Supervisor N | 1e Security personnel N | 1f Maintenance staff N | 2 | Wards | 2a Duty medical officer,,,Clinical / Healthcare,KEEP - SUPPORTING GUIDANCE,MEDIUM,Relevant official healthcare guidance detected
2022051017_591e5fd2.pdf,C:\Users\rahma\OneDrive - Indian Institute of Management\Desktop\Term 5\CCS\RAG_Project\Healthcare_Master\2022051017_591e5fd2.pdf,"Draft Document on Structure and Tasks of State Health Agency for | Implementing PMRSSM in Trust Mode | In order to facilitate the effective implementation of the PMRSSM, the State | Government shall set up the State Health Agency (SHA) or designate this | function under any existing agency/ trust/ society designated for this purpose, | such as the state nodal agency for RSBY or a trust/ society set up for a  health | insurance program. SHA can either implement the scheme directly (Trust/ | Society mode) or it can use an insurance company to implement the scheme. | The SHA shall be responsible for delivery of the services under PMRSSM at | the State level. | For such States that want to implement the PMRSSM directly through a Trust/ | Society without intermediation of an insurance company, the scope and tasks",,,Regulatory / Legal,REVIEW - DRAFT / PROPOSED,MEDIUM,Contains draft/proposed language
2022051018-1_0801124f.pdf,C:\Users\rahma\OneDrive - Indian Institute of Management\Desktop\Term 5\CCS\RAG_Project\Healthcare_Master\2022051018-1_0801124f.pdf,Fraud Investigation and Medical Audit Manual | a | NATIONAL HEALTH AGENCY | DECEMBER 2018 | FRAUD INVESTIGATION AND | MEDICAL AUDIT MANUAL | Ayushman Bharat | Pradhan Mantri Jan Arogya Yojana (PM-JAY),Ayushman Bharat,2018,PM-JAY / Insurance,KEEP - CORE PM-JAY / INSURANCE,HIGH,Strong healthcare insurance/PM-JAY content detected
2022051026_62a1b010.pdf,C:\Users\rahma\OneDrive - Indian Institute of Management\Desktop\Term 5\CCS\RAG_Project\Healthcare_Master\2022051026_62a1b010.pdf,Hardware Specification for AB-NHPM Empanelled Hospitals | SNO Device Specification | 1 Computer | - Operating System (32/64 bit) Recommended Windows 10 | Minimum  Windows 8.1 | - RAM Minimum 4 GB or above | - Hard disk (HDD) Minimum 250 GB | - USB Ports Minimum 6 ports | - Web Browser Preferably  Google Chrome latest version | 2 Internet Dedicated connection with 2 Mbps | download/upload. | 3 Web Camera Minimum 2 megapixels or higher,,,Regulatory / Legal,KEEP - CORE REGULATORY,HIGH,Strong legal/regulatory content detected
2022051028_870c94cb.pdf,C:\Users\rahma\OneDrive - Indian Institute of Management\Desktop\Term 5\CCS\RAG_Project\Healthcare_Master\2022051028_870c94cb.pdf,2022051028_870c94cb.pdf,,,Regulatory / Legal,MANUAL REVIEW,REVIEW,No strong content signal detected
2022051036-1_a2a62f5c.pdf,C:\Users\rahma\OneDrive - Indian Institute of Management\Desktop\Term 5\CCS\RAG_Project\Healthcare_Master\2022051036-1_a2a62f5c.pdf,"January, 2019 | Page 1 of 6 | Whistle Blower Policy | Ayushman Bharat Pradhan Mantri Jan Arogya Yojana | National Health Authority | 1. Preface | 1.1 Ayushman Bharat Pradhan Mantri Jan Arogya Yojna is a flagship program of the | Government of India. This program will cover over 10 crore poor and vul nerable | families (approximately 50 crore beneficiaries) providing coverage up to 5 lakh rupees | per family per year for secondary and tertiary care hospitalization.   This will be the | world’s largest government funded health care programme. | 1.2 For effective i mplementation of ABPM-JAY, an autonomous entity,  National Health",Government of India,2019,Regulatory / Legal,KEEP - CORE REGULATORY,HIGH,Strong legal/regulatory content detected
2022051036-2_84903cca.pdf,C:\Users\rahma\OneDrive - Indian Institute of Management\Desktop\Term 5\CCS\RAG_Project\Healthcare_Master\2022051036-2_84903cca.pdf,Claims Adjudication Manual  | a | NatioNal HealtH aUtHoRitY | FebRUaRY 201 9 | Claims adjudiCation manual | ayushman bharat | Pradhan Mantri Jan arogya Yojana (PM-JaY),National Health Authority,,PM-JAY / Insurance,KEEP - CORE PM-JAY / INSURANCE,HIGH,Strong healthcare insurance/PM-JAY content detected
2022051039_be62469a.pdf,C:\Users\rahma\OneDrive - Indian Institute of Management\Desktop\Term 5\CCS\RAG_Project\Healthcare_Master\2022051039_be62469a.pdf,"CHIEF EXECUTIVE OFFICER | AYUSHMAN B.HARAT - HARYANA HEALTH PROTECTION MISSION | ACS, Health, Haryana-cum-Chairman Executive Council, | AB-Haryana Health Protection Authority, | Haryana. | Chief Executive Officer, | National Health Authority, | New Delhi. | -sd- | ACS, Health, Haryana-cum-Chairman Executive Council | AB - Haryana Health Protection Authority, Halyana | AB-HHPA/20201fu12 * Oated:.P/fio2,",National Health Authority,2020,PM-JAY / Insurance,KEEP - CORE PM-JAY / INSURANCE,HIGH,Strong healthcare insurance/PM-JAY content detected
2022051054-1_45c044e9.pdf,C:\Users\rahma\OneDrive - Indian Institute of Management\Desktop\Term 5\CCS\RAG_Project\Healthcare_Master\2022051054-1_45c044e9.pdf,"STREAMLINING SYSTEMS & | PROCESSES AT HOSPITALS | FOR AB-PMJAY | Convergence across systems | for effective implementation | Ayushman Bharat – Pradhan Mantri Jan Arogya Yojana (AB-PMJAY) is | a nationwide health insurance scheme aimed at reaching | approximately 10 crore poor and vulnerable Indian families. As of | January, 2019, the scheme is being implemented in over 16,000 | empanelled hospitals across 28 states of India; with many more | hospitals joining every day. These hospitals are integral to the | successful implementation of AB-PMJAY; and the scheme has been",National Health Authority,2019,PM-JAY / Insurance,KEEP - CORE PM-JAY / INSURANCE,HIGH,Strong healthcare insurance/PM-JAY content detected
2022051067_9f475305.pdf,C:\Users\rahma\OneDrive - Indian Institute of Management\Desktop\Term 5\CCS\RAG_Project\Healthcare_Master\2022051067_9f475305.pdf,"AYUSHMAN BHARAT | PRADHAN MANTRI JAN AROGYA YOJANA | BENEFICIARY EMPOWERMENT GUIDEBOOK | March 2019 | 2 | 3 | Foreword | Ayushman Bharat – Pradhan Mantri Jan Arogya Yojana (PM-JAY) was launched by Hon’ble Prime | Minister on September 23, 2018. PM-JAY is an ambitious government scheme which intends to | provide a health cover of up to Rs.5 lakh per family per year, for secondary  and tertiary care | hospitalization to over 10.74 crore entitled families as per SECC 2011 (approximately 50 crore | beneficiaries), in a cashless and paperless manner through public and private empaneled",National Health Authority,2019,PM-JAY / Insurance,KEEP - CORE PM-JAY / INSURANCE,HIGH,Strong healthcare insurance/PM-JAY content detected
2022051078_30d94d70.pdf,C:\Users\rahma\OneDrive - Indian Institute of Management\Desktop\Term 5\CCS\RAG_Project\Healthcare_Master\2022051078_30d94d70.pdf,"RD Services | All biometric devices for Aadhaar authentication are mandatory to be registered with UIDAI | w.e.f. 01-Oct-17. | Registered devices addresses the solution to eliminate the use of stored biometrics. It | provides three key additional features compared to public devices: | 1. Device identification – every device having a unique identifier allowing traceability, analytics, | and fraud management. | 2. Eliminating use of stored biometrics – biometric data is signed within the device using the | provider key to ensure it is indeed captured live. Then the Registered Device (RD) Service of | the device provider must form the encrypted PID block before returning to the host application. | 3. A standardized RD Service provided by the device providers that is certified. | Below is the list of some UID complaint biometric devices used in Jeevan",,,Regulatory / Legal,KEEP - CORE REGULATORY,HIGH,Strong legal/regulatory content detected
2022051078-1_84a2ae77.pdf,C:\Users\rahma\OneDrive - Indian Institute of Management\Desktop\Term 5\CCS\RAG_Project\Healthcare_Master\2022051078-1_84a2ae77.pdf,"National Health Agency | Ayushman Bharat - National Health Protection Mission | Ministry of Health & Family Welfare | Government of India | Guidelines for Partnership with | Resource Organisations for Augmenting Capacity | for the National Health Protection Mission | Guidelines include: | Areas of capacity building and research | Process of partnership with leading resource organisations | Institutional arrangements | Proposal submission, review and approval",Government of India,,PM-JAY / Insurance,KEEP - CORE PM-JAY / INSURANCE,HIGH,Strong healthcare insurance/PM-JAY content detected
2022051091-1_6c9bc5a1.pdf,C:\Users\rahma\OneDrive - Indian Institute of Management\Desktop\Term 5\CCS\RAG_Project\Healthcare_Master\2022051091-1_6c9bc5a1.pdf,2022051091-1_6c9bc5a1.pdf,,,Regulatory / Legal,MANUAL REVIEW,REVIEW,No strong content signal detected
2022051095-2_dc2bf0b9.pdf,C:\Users\rahma\OneDrive - Indian Institute of Management\Desktop\Term 5\CCS\RAG_Project\Healthcare_Master\2022051095-2_dc2bf0b9.pdf,"Guidance for National Institutes of Excellence (NIE) | Background | 1. As part of the comprehensive health care vision of the Government of India, the Ayushman | Bharat – Pradhan Mantri Jan Arogya Yojana (AB-PMJAY) provides financial coverage | related to hospitalization up to five lakh rupees to over 10 crore poor and vulnerable | households (approx. 50 crore beneficiaries). With the choice of accessing services at both | public and private providers across the country, this ambitious mission aids in protecting | beneficiary households against health-related contingencies across the life cycle. | 2. To operationalize the scheme at the National level, and to rollout the scheme in alliance with | the various State Governments, the National Health Agency (NHA) has been established. | Further NHA will serve as the apex body for setting policy for the scheme. | 3. Ensuring access to and delivery of safe, quality health services to its beneficiaries is core to",Government of India,,Regulatory / Legal,KEEP - CORE REGULATORY,HIGH,Strong legal/regulatory content detected
2023042133_dea41d30.pdf,C:\Users\rahma\OneDrive - Indian Institute of Management\Desktop\Term 5\CCS\RAG_Project\Healthcare_Master\2023042133_dea41d30.pdf,2023042133_dea41d30.pdf,,,Regulatory / Legal,MANUAL REVIEW,REVIEW,No strong content signal detected
2023042165_3e1f47f4.pdf,C:\Users\rahma\OneDrive - Indian Institute of Management\Desktop\Term 5\CCS\RAG_Project\Healthcare_Master\2023042165_3e1f47f4.pdf,2023042165_3e1f47f4.pdf,,,Regulatory / Legal,MANUAL REVIEW,REVIEW,No strong content signal detected
20240828153687657_29a5bdfc.pdf,C:\Users\rahma\OneDrive - Indian Institute of Management\Desktop\Term 5\CCS\RAG_Project\Healthcare_Master\20240828153687657_29a5bdfc.pdf,"2730755/2022/ADMIN | 288 | 2730755/2022/ADMIN | 289 | July, 2022",,2022,Regulatory / Legal,MANUAL REVIEW,REVIEW,No strong content signal detected
202408282049810185_494748df.pdf,C:\Users\rahma\OneDrive - Indian Institute of Management\Desktop\Term 5\CCS\RAG_Project\Healthcare_Master\202408282049810185_494748df.pdf,202408282049810185_494748df.pdf,,,Regulatory / Legal,MANUAL REVIEW,REVIEW,No strong content signal detected
20240924831436164_2c5eded9.pdf,C:\Users\rahma\OneDrive - Indian Institute of Management\Desktop\Term 5\CCS\RAG_Project\Healthcare_Master\20240924831436164_2c5eded9.pdf,Anti-Fraud Framework | Practitioners’ Guidebook | Ayushman Bharat Pradhan Mantri | Jan Arogya Yojana (AB PM-JAY) | September | 2020 | Anti-Fraud Framework | Practitioners’ Guidebook | Ayushman Bharat Pradhan Mantri | Jan Arogya Yojana (AB PM-JAY) | September 2020,Ayushman Bharat,2020,PM-JAY / Insurance,KEEP - CORE PM-JAY / INSURANCE,HIGH,Strong healthcare insurance/PM-JAY content detected
202409251498496928_05fc5863.pdf,C:\Users\rahma\OneDrive - Indian Institute of Management\Desktop\Term 5\CCS\RAG_Project\Healthcare_Master\202409251498496928_05fc5863.pdf,202409251498496928_05fc5863.pdf,,,Regulatory / Legal,MANUAL REVIEW,REVIEW,No strong content signal detected
202409251770905432_015bc730.pdf,C:\Users\rahma\OneDrive - Indian Institute of Management\Desktop\Term 5\CCS\RAG_Project\Healthcare_Master\202409251770905432_015bc730.pdf,"Health Benefit Packages 2.0 | User Guidelines | National Health Authority | Version: September 2020 | Note | State specific modifications in the NHA published guidelines may be expected | Detailed guidelines and manuals for Standard Treatment Guidelines, Hospital Empanelment, Claim Adjudication, | Fraud and abuse, Grievance Redressal etc. referred in this document may be accessed at the PM-JAY website | Page 1 of 74 | Foreword | National Health Authority | Ministry of Health & Family Welfare",Government of India,2020,PM-JAY / Insurance,KEEP - CORE PM-JAY / INSURANCE,HIGH,Strong healthcare insurance/PM-JAY content detected
20240925185541293_7ce7d80b.pdf,C:\Users\rahma\OneDrive - Indian Institute of Management\Desktop\Term 5\CCS\RAG_Project\Healthcare_Master\20240925185541293_7ce7d80b.pdf,Page | 1 | Acronyms | AB- PMJAY: Ayushman Bharat Pradhan Mantri Jan Arogya Yojana | BIS: Beneficiary Identification System | CEX: Claim Executive | CPD: Claim Panel Doctor | DAMA: Discharge Against Medical Advice | FIFO: First in First Out | IC: Insurance Company | ICU: Intensive Care Unit | ISA: Implementation Support Agency | LAMA: Leave Against Medical Advice,National Health Authority,,PM-JAY / Insurance,KEEP - CORE PM-JAY / INSURANCE,HIGH,Strong healthcare insurance/PM-JAY content detected
20240925219433972_7280a017.pdf,C:\Users\rahma\OneDrive - Indian Institute of Management\Desktop\Term 5\CCS\RAG_Project\Healthcare_Master\20240925219433972_7280a017.pdf,Advisory for Empanelled  Hospitals  regarding  claim processing. | AB-PMJAY portal is online portal link where cases are  processed in FIFO (First in | First out) mode. i.e. no pick and choose option is available to the processer | Hospital shall upload all mandatory documents as per package master on portal for | smooth processing of claim within specified turnaround time guideline. Hospitals | are also instructed to follow package master and claim adjudication manual as on | NHA website https://pmjay.gov.in. | Instructions to Hospitals: | 1) General Instructions. | I. Patient should be Aadhar verified and bioauthentication is mandatory. In | case bioauthentication not done hospital shall upload clinical pic  of | patient in front of biometric machine along with screen shot of error,,,PM-JAY / Insurance,KEEP - CORE PM-JAY / INSURANCE,HIGH,Strong healthcare insurance/PM-JAY content detected
20240925686009399_25ac42cd.pdf,C:\Users\rahma\OneDrive - Indian Institute of Management\Desktop\Term 5\CCS\RAG_Project\Healthcare_Master\20240925686009399_25ac42cd.pdf,20240925686009399_25ac42cd.pdf,,,Regulatory / Legal,MANUAL REVIEW,REVIEW,No strong content signal detected
202410232073926223_a1c050f6.pdf,C:\Users\rahma\OneDrive - Indian Institute of Management\Desktop\Term 5\CCS\RAG_Project\Healthcare_Master\202410232073926223_a1c050f6.pdf,202410232073926223_a1c050f6.pdf,,,Regulatory / Legal,MANUAL REVIEW,REVIEW,No strong content signal detected
20241104222942183_6cf631d2.pdf,C:\Users\rahma\OneDrive - Indian Institute of Management\Desktop\Term 5\CCS\RAG_Project\Healthcare_Master\20241104222942183_6cf631d2.pdf,"INTRODUCTION | 2. Rationale | Ayushman Bharat Pradhan Mantri – Jan Arogya Yojana (AB PM-JAY) is a flagship scheme of the | Government of India launched on 23rd September 2018 by Hon’ble Prime Minister Shri Narendra Modi. | The scheme aims to reduce catastrophic out-of-pocket spending and improve access to healthcare for | the poor and vulnerable sections of the population. The scheme provides health cover of Rs. 5 lakhs | per family per year for secondary and tertiary care hospitalisation. It is implemented through a 3-tier | structure with National Health Authority (NHA) at the apex, State Health Agencies (SHA) at the State | and District Implementation Units (DIUs) at the District level. | # On 11th September 2024, Government of India approved the expansion of AB PM-JAY to cover all | senior citizens of 70 years of age and above irrespective of their socio-economic status, on family basis. | It is widely accepted that challenges faced by senior citizens specially those who are of the",Government of India,2018,PM-JAY / Insurance,KEEP - CORE PM-JAY / INSURANCE,HIGH,Strong healthcare insurance/PM-JAY content detected
202502111228430391_fe63a31e.pdf,C:\Users\rahma\OneDrive - Indian Institute of Management\Desktop\Term 5\CCS\RAG_Project\Healthcare_Master\202502111228430391_fe63a31e.pdf,202502111228430391_fe63a31e.pdf,,,Regulatory / Legal,MANUAL REVIEW,REVIEW,No strong content signal detected
202505081575684259_fe282ed7.pdf,C:\Users\rahma\OneDrive - Indian Institute of Management\Desktop\Term 5\CCS\RAG_Project\Healthcare_Master\202505081575684259_fe282ed7.pdf,202505081575684259_fe282ed7.pdf,,,Regulatory / Legal,MANUAL REVIEW,REVIEW,No strong content signal detected
20250625846048542_c7604bab.pdf,C:\Users\rahma\OneDrive - Indian Institute of Management\Desktop\Term 5\CCS\RAG_Project\Healthcare_Master\20250625846048542_c7604bab.pdf,20250625846048542_c7604bab.pdf,,,Regulatory / Legal,MANUAL REVIEW,REVIEW,No strong content signal detected
202609031194350508_70532cc3.pdf,C:\Users\rahma\OneDrive - Indian Institute of Management\Desktop\Term 5\CCS\RAG_Project\Healthcare_Master\202609031194350508_70532cc3.pdf,"1 | National Health Authority | Ministry of Health & Family Welfare | Government of India | COMPENDIUM OF | GUIDELINES | VOLUME-IV | July, 2026 | Ayushman Bharat Pradhan Mantri | Jan Arogya Yojana | 2 | 3",Government of India,2026,PM-JAY / Insurance,KEEP - CORE PM-JAY / INSURANCE,HIGH,Strong healthcare insurance/PM-JAY content detected
202609031776794593_3c961873.pdf,C:\Users\rahma\OneDrive - Indian Institute of Management\Desktop\Term 5\CCS\RAG_Project\Healthcare_Master\202609031776794593_3c961873.pdf,ISSUE DATE: XX/XX/XX | (PRIME MINISTER’S ROAD ACCIDENT VICTIMS’ | HOSPITALISATION & ASSURED TREATMENT) | HOSPITAL EMPANELMENT | GUIDELINES FOR | PM-RAHAT | Table of Contents | 1. INTRODUCTION ......................................................................................................................... 1 | 2. PURPOSE AND SCOPE ................................................................................................................ 3 | 3. EMPANELMENT OF HEALTHCARE PROVIDERS - APPROACH & CRITERIA ....................................... 4 | 4. ROLES AND RESPONSIBILITIES RELATED TO HOSPITAL EMPANELMENT OR REGISTRATION  ........... 7 | 5. PROCESSES TO BE FOLLOWED BY HOSPITALS UNDER PM -RAHAT SCHEME ................................ 11,National Health Authority,2025,Regulatory / Legal,KEEP - CORE REGULATORY,HIGH,Strong legal/regulatory content detected
263f3ca26df87dc44b7687c1b9cf0c15_21bd516c.pdf,C:\Users\rahma\OneDrive - Indian Institute of Management\Desktop\Term 5\CCS\RAG_Project\Healthcare_Master\263f3ca26df87dc44b7687c1b9cf0c15_21bd516c.pdf,Module for ASHA on | Non-Communicable Diseases | NATIONAL HEALTH MISSION | Module for ASHA on | Non-Communicable Diseases,,,Regulatory / Legal,MANUAL REVIEW,REVIEW,No strong content signal detected
2nd OM COVID-19 - 3.pdf,C:\Users\rahma\OneDrive - Indian Institute of Management\Desktop\Term 5\CCS\RAG_Project\Healthcare_Master\2nd OM COVID-19 - 3.pdf,2nd OM COVID-19 - 3.pdf,,,Regulatory / Legal,MANUAL REVIEW,REVIEW,No strong content signal detected
"3rd OM on Covid-19, mandating tests -4.pdf","C:\Users\rahma\OneDrive - Indian Institute of Management\Desktop\Term 5\CCS\RAG_Project\Healthcare_Master\3rd OM on Covid-19, mandating tests -4.pdf","3rd OM on Covid-19, mandating tests -4.pdf",,,Regulatory / Legal,MANUAL REVIEW,REVIEW,No strong content signal detected
4.1 RevisedSR-2024 dated 23.08.2024_2c881de5.pdf,C:\Users\rahma\OneDrive - Indian Institute of Management\Desktop\Term 5\CCS\RAG_Project\Healthcare_Master\4.1 RevisedSR-2024 dated 23.08.2024_2c881de5.pdf,"No. N-P016(11)/1/2023-PGMEB- | NMC(Part-1) | (8258630) | Government of India | National Medical Commission | (O/o Secretary) | Sector-8, Dwarka | New Delhi-110075 | 23-08-2024 | Subject: Minimum Standard Requirement for Post Graduate Courses, | 2024 (PGMER, 2024) – Public Notice regarding. | Reference is invited to Public Notice no. N-P016(11)/1/2023-PGMEB-",Government of India,2023,Medical Education / NMC,KEEP - MEDICAL REGULATION / EDUCATION,HIGH,Strong medical education/professional regulatory content detected
4161_9260aec018.pdf,C:\Users\rahma\OneDrive - Indian Institute of Management\Desktop\Term 5\CCS\RAG_Project\Healthcare_Master\4161_9260aec018.pdf,"2794 GI/2018 (1) | jftLVªh laö Mhö ,yö&33004@99  REGD. No.  D. L.-33004/99 | vlk/kj.k | EXTRAORDINARY | Hkkx II— [k.M 3 — mi&[k.M (i) | PART II—Section 3—Sub-section (i) | izkf/dkj ls izdkf'kr | PUBLISHED BY AUTHORITY | la-   327 ] ubZ fnYyh] lkseokj] ebZ 21] 2018@oS'kk[k 31] 1940 | No.  327] NEW DELHI, MONDAY, MAY  21, 2018/VAISAKHA  31, 1940 | /g7021/uni0935/uni093E/g7021/g7005/uni092F /g7021/uni0935/uni093E/g7021/g7005/uni092F /g7021/uni0935/uni093E/g7021/g7005/uni092F /g7021/uni0935/uni093E/g7021/g7005/uni092F     और और और और    /uni092A/g7407/uni0930/uni0935/uni093E/uni0930 /uni092A/g7407/uni0930/uni0935/uni093E/uni0930 /uni092A/g7407/uni0930/uni0935/uni093E/uni0930 /uni092A/g7407/uni0930/uni0935/uni093E/uni0930     /uni0915/g7016/uni092F/uni093E/uni0923 /uni0915/g7016/uni092F/uni093E/uni0923 /uni0915/g7016/uni092F/uni093E/uni0923 /uni0915/g7016/uni092F/uni093E/uni0923     /uni092E/uni0902/g7074/uni093E/uni0932/uni092F /uni092E/uni0902/g7074/uni093E/uni0932/uni092F /uni092E/uni090",,2018,Regulatory / Legal,KEEP - CORE REGULATORY,HIGH,Strong legal/regulatory content detected
45a4ab64b74ab124cfd853ec9a0127e4_88505f99.pdf,C:\Users\rahma\OneDrive - Indian Institute of Management\Desktop\Term 5\CCS\RAG_Project\Healthcare_Master\45a4ab64b74ab124cfd853ec9a0127e4_88505f99.pdf,AYUSHMAN BHARAT:  Comprehensive Primary Health Care through Health and Wellness Centers | AYUSHMAN BHARAT | Comprehensive Primary Health Care | through Health and Wellness Centers | Operational Guidelines,Ayushman Bharat,,PM-JAY / Insurance,KEEP - CORE PM-JAY / INSURANCE,HIGH,Strong healthcare insurance/PM-JAY content detected
47b077f6bfcded85af8bf2f319136186_de39ae86.pdf,C:\Users\rahma\OneDrive - Indian Institute of Management\Desktop\Term 5\CCS\RAG_Project\Healthcare_Master\47b077f6bfcded85af8bf2f319136186_de39ae86.pdf,"| A | National Programme for | Prevention and Control of | Cancer, Diabetes, Cardiovascular Diseases | and Stroke | Training Module for Medical Officers for | Prevention, Control and | Population Level Screening of | Hypertension, Diabetes and | Common Cancer (Oral, Breast & Cervical) | National Centre for Disease Control | Directorate General of Health Services",Ministry of Health and Family Welfare,2017,Public Health,KEEP - SUPPORTING GUIDANCE,MEDIUM,Relevant official healthcare guidance detected
47c15fa0edba7559a0773830a712894a_c7e5e4b9.pdf,C:\Users\rahma\OneDrive - Indian Institute of Management\Desktop\Term 5\CCS\RAG_Project\Healthcare_Master\47c15fa0edba7559a0773830a712894a_c7e5e4b9.pdf,"xSj&lapkjh jksxksa ij | vk’kk ds fy, izf’k{k.k ekWM~;wy | NATIONAL HEALTH MISSION | xSj&lapkjh jksxksa ij | vk’kk ds fy, izf’k{k.k ekWM~;wy",,,Regulatory / Legal,MANUAL REVIEW,REVIEW,No strong content signal detected
48_d888d00635.pdf,C:\Users\rahma\OneDrive - Indian Institute of Management\Desktop\Term 5\CCS\RAG_Project\Healthcare_Master\48_d888d00635.pdf,"No: E-836553?2026-PGMEB | Government of lndia | National Medical Commission | Dated:16.09.2026 | subiect: GUTDEUNES ON ASSESSMENT OF PERSONS WITH BENCHMARK D|SAB|UT|ES | (PWBD) FOR AOMISSION TO THE POST GRADUATE MEDICAt COURSE, 2025 | ln exercise of the powers conferred by Sections 10 and 25 of the National Medical | Commission Act,2019, read with Section 57 thereof, and in furtherance of the Post | Graduate Medical Education Regulations, 2023, the National Medical Commission hereby | issues the following Guidelines, namely ""Guidelines on Assessment of Persons with | Benchmark Disabilities (PwBD) for Admission to the Post Graduate Medical Courses, 2025"" | 2. The Guidelines shall come into force on the date of its publication by the National",National Medical Commission,2026,Regulatory / Legal,KEEP - CORE REGULATORY,HIGH,Strong legal/regulatory content detected
53450e6e5dc0bfa85ebd78686cadad39_699aa0b027.pdf,C:\Users\rahma\OneDrive - Indian Institute of Management\Desktop\Term 5\CCS\RAG_Project\Healthcare_Master\53450e6e5dc0bfa85ebd78686cadad39_699aa0b027.pdf,7596 GI/2025 (1) | रजिस्ट्री सं. डी.एल.- 33004/99 REGD. No. D. L.-33004/99 | xxxGIDHxxx | xxxGIDExxx | असाधारण | EXTRAORDINARY | भाग II—खण् ड 3—उप-खण् ड (i) | PART II—Section 3—Sub-section (i) | प्राजधकार से प्रकाजित | PUBLISHED BY AUTHORITY | इलेक्ट्रॉजिकी और सूचिा प्रौद्योजगकी मंत्रालय | अजधसूचिा,,2025,Regulatory / Legal,KEEP - CORE REGULATORY,HIGH,Strong legal/regulatory content detected
5511_0_f0abdc3469.pdf,C:\Users\rahma\OneDrive - Indian Institute of Management\Desktop\Term 5\CCS\RAG_Project\Healthcare_Master\5511_0_f0abdc3469.pdf,923 GI/2020 (1) | रजजस्ट्री सं. डी.एल.- 33004/99 REGD. NO. D. L.-33004/99 | xxxGIDHxxx | xxxGIDExxx | असाधारण | EXTRAORDINARY | भाग II—खण् ड 3—उप-खण् ड (i) | PART II—Section 3—Sub-section (i) | प्राजधकार से प्रकाजित | PUBLISHED BY AUTHORITY | स्ट्वास्ट््य एवं पररवार कल्याण मंत्रालय | (स्ट्वास्ट््य एवं पररवार कल्याण जवभाग),,2020,Regulatory / Legal,KEEP - CORE REGULATORY,HIGH,Strong legal/regulatory content detected
5th OM COVID-19 - 5.pdf,C:\Users\rahma\OneDrive - Indian Institute of Management\Desktop\Term 5\CCS\RAG_Project\Healthcare_Master\5th OM COVID-19 - 5.pdf,5th OM COVID-19 - 5.pdf,,,Regulatory / Legal,MANUAL REVIEW,REVIEW,No strong content signal detected
6381b33c4d25c4363679438afea500af_c583d416.pdf,C:\Users\rahma\OneDrive - Indian Institute of Management\Desktop\Term 5\CCS\RAG_Project\Healthcare_Master\6381b33c4d25c4363679438afea500af_c583d416.pdf,"1 | Institutionalizing Performance Linked Payments (PLP) for Community Health | Officers (CHO)  and Frontline Workers (FLW): A Guidance Note | Background:  The Operational Guidelines for Ayushman Bharat: Comprehensive Primary Health | Care through Health and Wellness Centres  identify Performance Linked Payments as a strategy to | improve motivation levels, strengthen quality of services , enhance accountability for population | health outcomes and serve as a mechanism to identify performance and skill gaps, at the Health and | Wellness Centers at sub center level.  The PLP are provided for the team of frontline functionaries | and the Community Health Officers who will play a key role in enabling continuum of care. | This guidance note is expected to enable the states to roll out Performance Linked Payments for the | primary care team at the HWC -SHC that includes- A Community Health officer (Team leader), Two | Multi-Purpose Workers (Male and Female or Two Females) and ASHAs in the c",Ayushman Bharat,,PM-JAY / Insurance,KEEP - CORE PM-JAY / INSURANCE,HIGH,Strong healthcare insurance/PM-JAY content detected
73f6292ba65a28d63c70b4d836896318_b814dd9d.pdf,C:\Users\rahma\OneDrive - Indian Institute of Management\Desktop\Term 5\CCS\RAG_Project\Healthcare_Master\73f6292ba65a28d63c70b4d836896318_b814dd9d.pdf,Report of the | Task Force on | Comprehensive Primary | Health Care Rollout | Ministry of Health & Family Welfare | Government of India,Government of India,,Regulatory / Legal,REVIEW - NEEDS VERIFICATION,REVIEW,Some healthcare signal detected but insufficient confidence
829bf86e304132dfae9962855c57dcd8_204ecd23.pdf,C:\Users\rahma\OneDrive - Indian Institute of Management\Desktop\Term 5\CCS\RAG_Project\Healthcare_Master\829bf86e304132dfae9962855c57dcd8_204ecd23.pdf,NATIONAL HEALTH MISSION | Training Module for | Staff Nurses on | Population Based | Screening of Common | Non-Communicable Diseases,,,Regulatory / Legal,MANUAL REVIEW,REVIEW,No strong content signal detected
a) Full Document_0d7e8ad1.pdf,C:\Users\rahma\OneDrive - Indian Institute of Management\Desktop\Term 5\CCS\RAG_Project\Healthcare_Master\a) Full Document_0d7e8ad1.pdf,"STANDARD TREATMENT | GUIDELINES | Dry Eye Disease | Screening, Diagnosis, Assessment and | Management of Dry Eye Disease in India | Full Background document | June 2016 | Ministry of Health & Family Welfare | Government of India | Contents | 1.Introduction 3 | 2.Background 3",Government of India,2016,Clinical / Healthcare,KEEP - SUPPORTING GUIDANCE,MEDIUM,Relevant official healthcare guidance detected
a) Full Document_12d1e7c9.pdf,C:\Users\rahma\OneDrive - Indian Institute of Management\Desktop\Term 5\CCS\RAG_Project\Healthcare_Master\a) Full Document_12d1e7c9.pdf,The	Diabetic	Foot	–	Full	Background	Document	Ver.	3.0	(Draft) | STANDARD TREATMENT | GUIDELINES | The Diabetic foot | Prevention and management in India | Full Background document (Draft) | January 2016 | Ministry of Health & Family Welfare | Government of India | The Diabetic Foot: Full background document | National Standard Treatment Guidelines  1 | TABLE OF CONTENTS pp,Government of India,2016,Clinical / Healthcare,KEEP - SUPPORTING GUIDANCE,MEDIUM,Relevant official healthcare guidance detected
a) Full Document_145bcabf.pdf,C:\Users\rahma\OneDrive - Indian Institute of Management\Desktop\Term 5\CCS\RAG_Project\Healthcare_Master\a) Full Document_145bcabf.pdf,1 | Standard Treatment Guidelines | Snakebite | June 2016 | Directorate General of Health Services | Ministry of Health and Family Welfare | Government of India | With Technical Support from | National health Systems Resource Centre | 2 | Contents | 1. THE NEED FOR STGs ................................ ................................ ................................ ...................  5,Ministry of Health and Family Welfare,2016,Clinical / Healthcare,KEEP - SUPPORTING GUIDANCE,MEDIUM,Relevant official healthcare guidance detected
a) Full Document_54636977.pdf,C:\Users\rahma\OneDrive - Indian Institute of Management\Desktop\Term 5\CCS\RAG_Project\Healthcare_Master\a) Full Document_54636977.pdf,STANDARD TREATMENT | GUIDELINES | Major Trauma | Ministry of Health & Family Welfare | Government of India | Standard Treatment Guidelines-Major Trauma | 1 | Table of Contents | Sections  Contents Pg no. | I Introduction  3-4 | II Scope  5-6 | III Recommendations  7-22,Government of India,,Clinical / Healthcare,KEEP - SUPPORTING GUIDANCE,MEDIUM,Relevant official healthcare guidance detected
a) Full Document_5e6ad719.pdf,C:\Users\rahma\OneDrive - Indian Institute of Management\Desktop\Term 5\CCS\RAG_Project\Healthcare_Master\a) Full Document_5e6ad719.pdf,STANDARD TREATMENT | GUIDELINES | Management of Osteoarthritis Knee | January  2017 | Ministry of Health & Family Welfare | Government of India | 1 | Index | SCOPE ..................................................................................................................................2 | INTRODUCTION ...................................................................................................................3 | NEED FOR A STG/ GUIDELINE PURPOSE ..............................................................................4 | RECOMMENDATIONS ..........................................................................................................5,Government of India,2017,Clinical / Healthcare,KEEP - SUPPORTING GUIDANCE,MEDIUM,Relevant official healthcare guidance detected
a) Full Document_83ac33fe.pdf,C:\Users\rahma\OneDrive - Indian Institute of Management\Desktop\Term 5\CCS\RAG_Project\Healthcare_Master\a) Full Document_83ac33fe.pdf,"1 | Background Document | Hypertension | Screening, Diagnosis, Assessment, and | Management of Primary Hypertension in Adults in | India | March  2016 | Ministry of Health & Family Welfare | Government of India | 2 | Screening, Diagnosis, Assessment, and Management of Primary Hypertension- Full Document | TABLE OF CONTENTS",Government of India,2016,Informational,KEEP - SUPPORTING GUIDANCE,MEDIUM,Relevant official healthcare guidance detected
a) Full Document_9dcede56.pdf,C:\Users\rahma\OneDrive - Indian Institute of Management\Desktop\Term 5\CCS\RAG_Project\Healthcare_Master\a) Full Document_9dcede56.pdf,"OPTIMAL FEEDING OF LOW | BIRTH WEIGHT INFANTS | Standard Treatment Guidelines | Neonatal Guideline Development Group | (Secretariat: Department of Pediatrics, AIIMS) | TABLE OF CONTENTS | Executive summary ..................................................................... 1 | Introduction ................................................................................ 5 | Methodology ............................................................................... 8 | Recommendations ...................................................................... 22 | Implementation tools .................................................................. 27 | Bibliography .............................................................................. 29",,,Clinical / Healthcare,KEEP - SUPPORTING GUIDANCE,MEDIUM,Relevant official healthcare guidance detected
a) Full Document_a71f4752.pdf,C:\Users\rahma\OneDrive - Indian Institute of Management\Desktop\Term 5\CCS\RAG_Project\Healthcare_Master\a) Full Document_a71f4752.pdf,STANDARD TREATMENT GUIDELINES ON ACUTE SINUSITIS | SECTION TABLE OF CONTENTS PAGE NO. | Section 1 Introduction 1 | 1.1 Definition | 1.2 Burden of disease | 1.3 Morbidity and mortality | Section 2 Current practices in India 2 | Section 3 Need for a STG/ Guideline purpose 2 | Section 4 Recommendations | 4.1 Diagnosis  2-4 | 4.2 Role of imaging 4 | 4.3 Treatment  4-5,,2012,Clinical / Healthcare,KEEP - SUPPORTING GUIDANCE,MEDIUM,Relevant official healthcare guidance detected
a) Full Document_aa6a7aa2.pdf,C:\Users\rahma\OneDrive - Indian Institute of Management\Desktop\Term 5\CCS\RAG_Project\Healthcare_Master\a) Full Document_aa6a7aa2.pdf,"1 | Background Document | Detection, management and prevention of hyperbilirubinemia in term and late | preterm newborn infants | October 2016 | 2 | Table of contents | S. | No. | Topic Page | No. | 1.  Introduction 3",,2016,Clinical / Healthcare,KEEP - SUPPORTING GUIDANCE,MEDIUM,Relevant official healthcare guidance detected
a) Full Document_ca071578.pdf,C:\Users\rahma\OneDrive - Indian Institute of Management\Desktop\Term 5\CCS\RAG_Project\Healthcare_Master\a) Full Document_ca071578.pdf,1 | Management of Alcohol Dependence – Full Background Document Ver. 17-02-16 | STANDARD TREATMENT | GUIDELINES | Management of Alcohol | Dependence | Full Background document | February 2016 | Ministry of Health & Family Welfare | Government of India | 2 | Management of Alcohol Dependence – Full Background Document Ver. 17-02-16,Government of India,2016,Clinical / Healthcare,KEEP - SUPPORTING GUIDANCE,MEDIUM,Relevant official healthcare guidance detected
a) Quick Reference Guide_7c941c61.pdf,C:\Users\rahma\OneDrive - Indian Institute of Management\Desktop\Term 5\CCS\RAG_Project\Healthcare_Master\a) Quick Reference Guide_7c941c61.pdf,1 | STANDARD TREATMENT | GUIDELINES | Management of Management of common | Respiratory Infections in Children in India | July 2016 | Ministry of Health & Family Welfare | Government of India | 2 | 1. INTRODUCTION ................................ ................................ ................................ ...............................  3 | 2. Key Recommendations ................................ ................................ ................................ ....................  5 | Assessment and Treatment of Sick Young infant (age < 2 months): ................................ ......................  5,Government of India,2016,Clinical / Healthcare,KEEP - SUPPORTING GUIDANCE,MEDIUM,Relevant official healthcare guidance detected
a) Quick Reference Guide_9860dfda.pdf,C:\Users\rahma\OneDrive - Indian Institute of Management\Desktop\Term 5\CCS\RAG_Project\Healthcare_Master\a) Quick Reference Guide_9860dfda.pdf,1 | STANDARD TREATMENT | GUIDELINES | Management of Recurrent Spontaneous | Abortion | January  2017 | Ministry of Health & Family Welfare | Government of India | 2 | Index | Scope .............................................................................................................................. 3 | Background ..................................................................................................................... 4,Government of India,2017,Clinical / Healthcare,KEEP - SUPPORTING GUIDANCE,MEDIUM,Relevant official healthcare guidance detected
ac403676f3b66475ba027e70b06b1a7c_3b77f427.pdf,C:\Users\rahma\OneDrive - Indian Institute of Management\Desktop\Term 5\CCS\RAG_Project\Healthcare_Master\ac403676f3b66475ba027e70b06b1a7c_3b77f427.pdf,NATIONAL HEALTH MISSION | Management of Common Cancers | Operational Framework | Ministry of Health and Family Welfare | Government of India,Ministry of Health and Family Welfare,,Regulatory / Legal,REVIEW - NEEDS VERIFICATION,REVIEW,Some healthcare signal detected but insufficient confidence
Annexure I Pre-Authorization Form.pdf,C:\Users\rahma\OneDrive - Indian Institute of Management\Desktop\Term 5\CCS\RAG_Project\Healthcare_Master\Annexure I Pre-Authorization Form.pdf,GOVERNMENT OF INDIA | AYUSHMAN BHARAT | NATIONAL HEALTH AGENCY | ANNEXURE I: | PREAUTHORIZATION FORM | PART | I | (TO BE FILLED BY THE BENEFICIARY) | Patient Name | Age | Gender | Health Card No,Government of India,,PM-JAY / Insurance,KEEP - CORE PM-JAY / INSURANCE,HIGH,Strong healthcare insurance/PM-JAY content detected
Annexure II - Discharge Summary.pdf,C:\Users\rahma\OneDrive - Indian Institute of Management\Desktop\Term 5\CCS\RAG_Project\Healthcare_Master\Annexure II - Discharge Summary.pdf,GOVERNMENT OF INDIA | AYUSHMAN BHARAT | NATIONAL HEALTH AGENCY | ANNEXURE II: DISCHARGE SUMMARY FORM | Hospital | Name  Doctor Type | Hospital Type  Contact Number | Mitra (on Duty at the time of discharge) | Name | Mob Number | Patients Details | Name   Age,Government of India,,Regulatory / Legal,KEEP - CORE REGULATORY,HIGH,Strong legal/regulatory content detected
Assurance Model Download.pdf,C:\Users\rahma\OneDrive - Indian Institute of Management\Desktop\Term 5\CCS\RAG_Project\Healthcare_Master\Assurance Model Download.pdf,Agreement for with | Empanelled Health Care | Providers for Implementation | of AB PM-JAY | AYUSHMAN BHARAT – PRADHAN MANTRI JAN AROGYA YOJANA (AB | PM-JAY) | Page 1 of 42 | Agreement for Implementation of AB PM-JAY | Draft Agreement | For Implementation of | Ayushman Bharat–Pradhan Mantri Jan Arogya Yojana (AB PM-JAY) | Between,Ayushman Bharat,,Regulatory / Legal,REVIEW - DRAFT / PROPOSED,MEDIUM,Contains draft/proposed language
Ayurveda (587.56 KB )_b42daed5.pdf,C:\Users\rahma\OneDrive - Indian Institute of Management\Desktop\Term 5\CCS\RAG_Project\Healthcare_Master\Ayurveda (587.56 KB )_b42daed5.pdf,"1 | Draft | DEVELOPMENT OF MINIMUM STANDARDS OF | CLINICAL ESTABLISHMENTS | AYURVEDA | 2 | Introduction | From its gradual evolution through the 18 th &n19th centuries the hospital has come of age only recently | during the past 50 years or so, the concept of today’s hospital contrasting fundamentally from the old idea | of a hospital as no more than a place for the treatment of the sick. With the wide covera ge of every aspect | of human welfare as part of health care - like physical, mental and social wellbeing, a reach out to the | community, training of health workers, biosocial researches, etc - the health care services have undergone",,,Regulatory / Legal,REVIEW - DRAFT / PROPOSED,MEDIUM,Contains draft/proposed language
b) Quick Reference Guide_0d2df81f.pdf,C:\Users\rahma\OneDrive - Indian Institute of Management\Desktop\Term 5\CCS\RAG_Project\Healthcare_Master\b) Quick Reference Guide_0d2df81f.pdf,Flowchart | 1.0 Assessment of Patients with Major Trauma | 2.0 Airway Management | 3.0 Breathing,,,Regulatory / Legal,MANUAL REVIEW,REVIEW,No strong content signal detected
b) Quick Reference Guide_4c51b27b.pdf,C:\Users\rahma\OneDrive - Indian Institute of Management\Desktop\Term 5\CCS\RAG_Project\Healthcare_Master\b) Quick Reference Guide_4c51b27b.pdf,The	Diabetic	Foot	–	Quick	Reference	Guide	Ver.	3.0	(Draft) | STANDARD TREATMENT | GUIDELINES | The Diabetic foot | Prevention and management in India | Quick Reference Guide (Draft) | January 2016 | Ministry of Health & Family Welfare | Government of India | The	Diabetic	Foot	–	Quick	Reference	Guide	Ver.	3.0	(Draft) | TABLE	OF	CONTENTS- | 1.	INTRODUCTION	–	...................................................................................................................	3,Government of India,2016,Clinical / Healthcare,KEEP - SUPPORTING GUIDANCE,MEDIUM,Relevant official healthcare guidance detected
b) Quick Reference Guide_51682d59.pdf,C:\Users\rahma\OneDrive - Indian Institute of Management\Desktop\Term 5\CCS\RAG_Project\Healthcare_Master\b) Quick Reference Guide_51682d59.pdf,"1 | Standard Treatment Guidelines | Detection, management and prevention of hyperbilirubinemia in term and late | preterm newborn infants | Quick Reference Guide | October 2016 | 2 | Table of contents | S. | No. | Topic Page | No.",,2016,Clinical / Healthcare,KEEP - SUPPORTING GUIDANCE,MEDIUM,Relevant official healthcare guidance detected
b) Quick Reference Guide_5cbc8467.pdf,C:\Users\rahma\OneDrive - Indian Institute of Management\Desktop\Term 5\CCS\RAG_Project\Healthcare_Master\b) Quick Reference Guide_5cbc8467.pdf,1 | Management of Alcohol Dependen ce -–QRG Version 17th Feb 2016 | STANDARD TREATMENT | GUIDELINES | Management of Alcohol | Dependence | Quick Reference Guide | February 2016 | Ministry of Health & Family Welfare | Government of India | 2 | Management of Alcohol Dependen ce -–QRG Version 17th Feb 2016,Government of India,2016,Clinical / Healthcare,KEEP - SUPPORTING GUIDANCE,MEDIUM,Relevant official healthcare guidance detected
b) Quick Reference Guide_6c52ed7f.pdf,C:\Users\rahma\OneDrive - Indian Institute of Management\Desktop\Term 5\CCS\RAG_Project\Healthcare_Master\b) Quick Reference Guide_6c52ed7f.pdf,"OPTIMAL FEEDING OF LOW | BIRTH WEIGHT INFANTS | Quick Reference Guide | Neonatal Guideline Development Group | (Secretariat: Department of Pediatrics, AIIMS) | 2 | TABLE OF CONTENTS | What to feed: Choice of milk..................................................... 3 | What to feed: Supplements ...................................................... 4 | How to feed: Initiation of feeds ................................................ 5 | How to feed: Progression of feeds ............................................ 6 | How much to feed? ................................................................... 7",,,Regulatory / Legal,MANUAL REVIEW,REVIEW,No strong content signal detected
b) Quick Reference Guide_98a2299e.pdf,C:\Users\rahma\OneDrive - Indian Institute of Management\Desktop\Term 5\CCS\RAG_Project\Healthcare_Master\b) Quick Reference Guide_98a2299e.pdf,STANDARD TREATMENT | GUIDELINES | Management of Dry Eye Disease in India | Quick Reference Guide | May 2016 | Ministry of Health & Family Welfare | Government of India | 2 | Contents | 1. Introduction …………………………………………………………………………………………        3 | 2. Case Definition ……………………………………………………………………………………….         4 | 3. Epidemiology of Dry eye Disease  …………………………………………………………..         4,Government of India,2016,Regulatory / Legal,KEEP - CORE REGULATORY,HIGH,Strong legal/regulatory content detected
b) Quick Reference Guide_af9910df.pdf,C:\Users\rahma\OneDrive - Indian Institute of Management\Desktop\Term 5\CCS\RAG_Project\Healthcare_Master\b) Quick Reference Guide_af9910df.pdf,1 | Quick Reference Guide  Final version | STANDARD TREATMENT | GUIDELINES | Management of Snake | Bite | Quick Reference Guide | July 2016 | Ministry of Health & Family Welfare | Government of India | 2 | Quick Reference Guide  Final version,Government of India,2016,Clinical / Healthcare,KEEP - SUPPORTING GUIDANCE,MEDIUM,Relevant official healthcare guidance detected
b) Quick Reference Guide_e2c82758.pdf,C:\Users\rahma\OneDrive - Indian Institute of Management\Desktop\Term 5\CCS\RAG_Project\Healthcare_Master\b) Quick Reference Guide_e2c82758.pdf,"Standard Treatment Guidelines -Hypertension Page 1 | STANDARD TREATMENT GUIDELINES | Hypertension | Screening, Diagnosis, Assessment, and Management of | Primary Hypertension in Adults in India | Quick Reference Guide | May 2016 | Ministry of Health & Family Welfare | Government of India | Standard Treatment Guidelines -Hypertension Page 1 | STANDARD TREATMENT GUIDELINES | Hypertension",Government of India,2016,Public Health,KEEP - SUPPORTING GUIDANCE,MEDIUM,Relevant official healthcare guidance detected
b09f1edf31a9165aebf486a55bbe54f5_227c75f0.pdf,C:\Users\rahma\OneDrive - Indian Institute of Management\Desktop\Term 5\CCS\RAG_Project\Healthcare_Master\b09f1edf31a9165aebf486a55bbe54f5_227c75f0.pdf,"NATIONAL HEALTH MISSION | Module for Multi-Purpose Workers (MPW) - Female/Male | on Prevention, Screening and Control of Common | Non-Communicable Diseases | Health Sub Centre | Module for Multi-Purpose Workers (MPW) - Female/Male | on Prevention, Screening and Control of Common | Non-Communicable Diseases",,,Regulatory / Legal,MANUAL REVIEW,REVIEW,No strong content signal detected
Background note.pdf,C:\Users\rahma\OneDrive - Indian Institute of Management\Desktop\Term 5\CCS\RAG_Project\Healthcare_Master\Background note.pdf,"BACKGROUND NOTE-PMRSSM | The Pradhan Mantri Rasthriya Swasthya Suraksha Mission aims at comprehensively | addressing the health needs of over 10 crore poor and vulnerable families with the provision | of health care cover upto INR 5 Lakh. PMRSSM would entitle eligible families for | hospitalization expenses for a large number of conditions, at any of the empanelled hospitals. | The beneficiaries shall not be required to pay any charge as the benefit shall be delivered | completely cashless. | Given that this is an entitlement based scheme with no formal enrollment process, it was seen | imperative to have an updated beneficiary list which ensures that all the eligible families get | covered under the program. This exercise was also necessary to ensure a hassle free | experience for the beneficiary at the health facility at the time of availing the benefits, | thereby, ensuring successful implementation of the scheme.",Ayushman Bharat,,PM-JAY / Insurance,KEEP - CORE PM-JAY / INSURANCE,HIGH,Strong healthcare insurance/PM-JAY content detected
c605f3d8993c1ea43937354a8970d104_274e13d8.pdf,C:\Users\rahma\OneDrive - Indian Institute of Management\Desktop\Term 5\CCS\RAG_Project\Healthcare_Master\c605f3d8993c1ea43937354a8970d104_274e13d8.pdf,"NATIONAL HEALTH MISSION | xSj&lapkjh jksxksa ij | lgk;d ulZ izlkfodk ¼,,u,e½@cgqn~ns'kh; dk;ZdrkZ | ,eihMCY;w & ¼iq#""k@efgyk½ ds fy, ekM~;wy | Health Sub Centre | xSj&lapkjh jksxksa ij | lgk;d ulZ izlkfodk ¼,,u,e½@cgqn~ns'kh; dk;ZdrkZ | ,eihMCY;w & ¼iq#""k@efgyk½ ds fy, ekM~;wy",,,Regulatory / Legal,MANUAL REVIEW,REVIEW,No strong content signal detected
cc217843dc3bcb37b2b05bcc3b4e031f_66db4fbdf3.pdf,C:\Users\rahma\OneDrive - Indian Institute of Management\Desktop\Term 5\CCS\RAG_Project\Healthcare_Master\cc217843dc3bcb37b2b05bcc3b4e031f_66db4fbdf3.pdf,7593 GI/2025 (1) | रजिस्ट्री सं. डी.एल.- 33004/99 REGD. No. D. L.-33004/99 | xxxGIDHxxx | xxxGIDExxx | असाधारण | EXTRAORDINARY | भाग II—खण् ड 3—उप-खण् ड (i) | PART II—Section 3—Sub-section (i) | प्राजधकार से प्रकाजित | PUBLISHED BY AUTHORITY | इलेक्ट्रॉजिक्ट्स और सूचिा प्रौद्योजगकी मंत्रालय | अजधसूचिा,Government of India,2025,Regulatory / Legal,KEEP - CORE REGULATORY,HIGH,Strong legal/regulatory content detected
cdc59be4f64be9217515d5c5cf618da9_f2bd4918.pdf,C:\Users\rahma\OneDrive - Indian Institute of Management\Desktop\Term 5\CCS\RAG_Project\Healthcare_Master\cdc59be4f64be9217515d5c5cf618da9_f2bd4918.pdf,REFERENCE MANUAL | Facade branding for | Health & Wellness Centres | Ayushman Bharat Scheme | 30 MAY 2018   |   VERSION 3   |   DISCARD ALL PREVIOUS VERSIONS | LOPEZ DESIGN | PAGE 3 | Facade branding:  Ayushman Bharat Scheme | Introduction | Type A Design | STEP 1 - Planning the design | STEP 2 - Making the design template,Ayushman Bharat,2018,PM-JAY / Insurance,KEEP - CORE PM-JAY / INSURANCE,HIGH,Strong healthcare insurance/PM-JAY content detected
Checklist for District Collectors_Coordinators.pdf,C:\Users\rahma\OneDrive - Indian Institute of Management\Desktop\Term 5\CCS\RAG_Project\Healthcare_Master\Checklist for District Collectors_Coordinators.pdf,Checklist for District Collectors/Coordinators for Additional Data Collection Drive | (Urban) | S. No. Checklist Activity Status (Yes/No) Date of Completion | 1 Have you log-in and downloaded beneficiary list? | 2 Have the arrangements completed for printing beneficiary list? | 3 Have shared beneficiary list with: | 3A Nodal Officer (ULBs/Wards) | 4 Have you called meeting for all Nodal Officers (ULBs/Wards) for | orientation? | 5 Have the posters/ pamphlets and other IEC materials been circulated | to the Nodal Officers | 6 Have the details of helpline number (1097) been shared with all the,,2018,PM-JAY / Insurance,KEEP - SUPPORTING GUIDANCE,MEDIUM,Relevant official healthcare guidance detected
Checklist for State Secretaries.pdf,C:\Users\rahma\OneDrive - Indian Institute of Management\Desktop\Term 5\CCS\RAG_Project\Healthcare_Master\Checklist for State Secretaries.pdf,Checklist for State Secretaries for Additional Data Collection Drive | (Urban) | S. No. Checklist Activity Status (Yes/No) Date of Completion | 1 | Have the State received Guidelines and Instructions about | Additional Data Collection Drive (Urban)? | 2 | Have the guidelines/ instructions been translated to the local | language? | 3 | Has the state conducted a sensitization meetings with District | Collectors/ District Coordinators (Health):,,2018,Regulatory / Legal,MANUAL REVIEW,REVIEW,No strong content signal detected
Checklist for ULB_Ward Nodal Officers.pdf,C:\Users\rahma\OneDrive - Indian Institute of Management\Desktop\Term 5\CCS\RAG_Project\Healthcare_Master\Checklist for ULB_Ward Nodal Officers.pdf,"Checklist for ULB/Ward Nodal Officers for Additional Data Collection Drive (Urban) | S. No. Checklist Activity Status (Yes/No) Date of Completion | 1 Have you received the printed beneficiary list from District | Collectors/District Coordinator? | 2 Have you received a sensitization/ orientation session from District | Collectors/District Coordinator? | 3 | Have the posters/ IEC material been displayed at every Ward for meeting | day? | (ASHAs may be given posters to be displayed at their respective ward/ULBs) | 4 Have you called ASHAs/Coordinators for an orientation session? (sharing | the features, benefits, importance of the drive)",,,PM-JAY / Insurance,KEEP - SUPPORTING GUIDANCE,MEDIUM,Relevant official healthcare guidance detected
Collection Centres and point of care testing etc. (502.31 KB )_1f5ace4e.pdf,C:\Users\rahma\OneDrive - Indian Institute of Management\Desktop\Term 5\CCS\RAG_Project\Healthcare_Master\Collection Centres and point of care testing etc. (502.31 KB )_1f5ace4e.pdf,"Annexure 2 | Updated Draft of Minimum Standards for Collection Center | Template for Minimum Standards for Collection Center | The Compliance to the minimum standards for collection centre will be the | responsibility of parent laboratory. | Definition Collection Centre for | Pathology/Microbiology/Biochemistry | Laboratories | Scope of Services Patient preparation | Collection and labeling, preliminary | preparation (if applicable), storage and | transport of human sample/specimens e.g.",,2016,Regulatory / Legal,REVIEW - DRAFT / PROPOSED,MEDIUM,Contains draft/proposed language
Dental Lab (204.6 KB )_386aa5c5.pdf,C:\Users\rahma\OneDrive - Indian Institute of Management\Desktop\Term 5\CCS\RAG_Project\Healthcare_Master\Dental Lab (204.6 KB )_386aa5c5.pdf,Clinical Establishment Act Standards for Dental Lab | CEA /Dental Lab | 1 | Clinical Establishment | Act | Standard for | Dental Lab | Standard No.CEA / Dental Lab | Clinical Establishment Act Standards for Dental Lab | CEA /Dental Lab | 2 | MINIMUM STANDARDS FOR DENTAL LABORATORY,,,Regulatory / Legal,KEEP - CORE REGULATORY,HIGH,Strong legal/regulatory content detected
do5GahELoz4cmMVrnbHsBATwu0LhtoPk3WtPztwE_1f72d19ff6.pdf,C:\Users\rahma\OneDrive - Indian Institute of Management\Desktop\Term 5\CCS\RAG_Project\Healthcare_Master\do5GahELoz4cmMVrnbHsBATwu0LhtoPk3WtPztwE_1f72d19ff6.pdf,5001 GI/2023 (1) | रजिस्ट्री सं. डी.एल.- 33004/99 REGD. No. D. L.-33004/99 | xxxGIDHxxx | xxxGIDExxx | असाधारण | EXTRAORDINARY | भाग III—खण् ड 4 | PART III—Section 4 | प्राजधकार से प्रकाजित | PUBLISHED BY AUTHORITY | राष्ट्रीय आयुर्विज्ञान आयोग | अजधसूचना,,2023,Regulatory / Legal,KEEP - CORE REGULATORY,HIGH,Strong legal/regulatory content detected
Download this Document.pdf,C:\Users\rahma\OneDrive - Indian Institute of Management\Desktop\Term 5\CCS\RAG_Project\Healthcare_Master\Download this Document.pdf,"PREFACE | Recognizing the importance of increasing access by all to critical health | services for achieving universal health coverage, the honourable Prime | Minister of India announced the Pradhan Mantri Rashtriya Swasthya | Suraksha Mission (PMRSSM). This is a  key pillar of the comprehensive | health care vision of the Government of India. | This ambitious initiative covers the health care costs of up to five lakh | rupees for 10 crore households, thereby protecting them from | impoverishment due to health -related exp enses, and allows them to | choose between public and private providers for any hospitalisation. | The PMRSSM aims to provide the poorest households with equitable | access to a comprehensive package of patient -centred quality services.",Government of India,2018,Regulatory / Legal,REVIEW - DRAFT / PROPOSED,MEDIUM,Contains draft/proposed language
Download.pdf,C:\Users\rahma\OneDrive - Indian Institute of Management\Desktop\Term 5\CCS\RAG_Project\Healthcare_Master\Download.pdf,"page 1 | INFORMATION, EDUCATION AND COMMUNICATION (IEC) | GUIDEBOOK FOR SHAs | AYUSHMAN BHARAT-PRADHAN MANTRI JAN AROGYA YOJANA | (PM-JAY) | NATIONAL HEALTH AGENCY (NHA) | NOVEMBER 2018 | page 2 | Contents | Preface | Acronyms | Section I Purpose of this document 5",Ministry of Health and Family Welfare,2018,PM-JAY / Insurance,KEEP - CORE PM-JAY / INSURANCE,HIGH,Strong healthcare insurance/PM-JAY content detected
Draft_guidance_note_on_untied_funds_13b2823e.pdf,C:\Users\rahma\OneDrive - Indian Institute of Management\Desktop\Term 5\CCS\RAG_Project\Healthcare_Master\Draft_guidance_note_on_untied_funds_13b2823e.pdf,"1 | Principles for use of untied funds of Sub Health Centre (SHC) level Health and Wellness Centre | (HWC) | I. Background | Under Ayushman Bharat (AB), Health and Wellness Centres are being created by transforming | existing Sub Health Centres (SHCs) and Primary Health Centres (PHCs) to provide comprehensive | primary health care for an expanded range of services, spanning preventi ve, promotive, curative, | rehabilitative and palliative care. HWCs are  expected to play  role in public health   and support | collective community action on Social Determinants of Health, as well as undertake Social Audits. | These transformed SHC - HWCs, will receive Rs. 50,000 as united fund (an amount of Rs. 20,000 is | provided presently to all SHCs). Jan Arogya Samiti (JAS), an institutional platform for management | and oversight of the HWCs, drawn from elected representatives, community memb ers and service",Ayushman Bharat,2000,PM-JAY / Insurance,KEEP - CORE PM-JAY / INSURANCE,HIGH,Strong healthcare insurance/PM-JAY content detected
ecc507d177d47211fab41162b1f21271_776c1ab0.pdf,C:\Users\rahma\OneDrive - Indian Institute of Management\Desktop\Term 5\CCS\RAG_Project\Healthcare_Master\ecc507d177d47211fab41162b1f21271_776c1ab0.pdf,GUIDELINES FOR | TELE-MEDICINE SERVICES | IN | AYUSHMAN BHARAT- | HEALTH AND WELLNESS | CENTRES (HWCs) | Contents | I. Preamble | II. Background | III. Purpose of Guidelines | IV. Proposed Setup | V. Technical Architecture,Ayushman Bharat,,PM-JAY / Insurance,KEEP - CORE PM-JAY / INSURANCE,HIGH,Strong healthcare insurance/PM-JAY content detected
EsC1D3C4pllbq186EDqZxfN01cHjDZdOAXAK1Bea_80e6de8a71.pdf,C:\Users\rahma\OneDrive - Indian Institute of Management\Desktop\Term 5\CCS\RAG_Project\Healthcare_Master\EsC1D3C4pllbq186EDqZxfN01cHjDZdOAXAK1Bea_80e6de8a71.pdf,"ffid.* .gq.- 33004/99 | @he Gqzette of Swdio | EET | S. fr . -S.r-a. +t. - 1 z oyzoz 3 - z 4 81 s 4 | cG-D L-E-l 7082023 -24815 4 | srqTerrwr | EXTRAORDINARY | smr III-Grus 4 | PART Ill-Section 4 | vrfufir<t rfirRril | PUBI,ISIIIiD BY AU'[IIORIT'Y | {. s78l",,2023,Regulatory / Legal,MANUAL REVIEW,REVIEW,No strong content signal detected
Hair Transplant Center (83.87 KB )_9c34a4c9.pdf,C:\Users\rahma\OneDrive - Indian Institute of Management\Desktop\Term 5\CCS\RAG_Project\Healthcare_Master\Hair Transplant Center (83.87 KB )_9c34a4c9.pdf,Hair Transplant Centre | Definition Standalone Centre or part of the Specialty practice where | facilities for surgical restoration of hair are available | Scope of Services It can be a daycare Surgical facility /hospital with facilities of | hair Transplantation with facilities for handling emergency | situations. | Physical Infrastructure Location: As per local byelaws | Space requirement | Full Day Care surgical set up is mandatory with facilities for |  Pre-procedure checkup by physician |  Pre-anesthetic checkup |  Stand by anesthetist,,,Regulatory / Legal,KEEP - CORE REGULATORY,HIGH,Strong legal/regulatory content detected
Homoeopathy (1.23 MB )_f2f51a3d.pdf,C:\Users\rahma\OneDrive - Indian Institute of Management\Desktop\Term 5\CCS\RAG_Project\Healthcare_Master\Homoeopathy (1.23 MB )_f2f51a3d.pdf,MINIMUM STANDARD REQUIREMENTS FOR HOMEOPATHY HOSPITALS | [DRAFT] | Page 1 of 48 | CONTENTS | Contents | A Introduction | A.1 General | A.2 Scope | B. Functions | B.1 Core functions (Clinical services) | B.2 Auxiliary Functions (support services for ex – diagnostic) | C. Physical Facilities,,,Regulatory / Legal,REVIEW - DRAFT / PROPOSED,MEDIUM,Contains draft/proposed language
Jan_Aarogya_Samiti_Web_Compressed_11742585.pdf,C:\Users\rahma\OneDrive - Indian Institute of Management\Desktop\Term 5\CCS\RAG_Project\Healthcare_Master\Jan_Aarogya_Samiti_Web_Compressed_11742585.pdf,1 | Guidelines for Jan Arogya Samiti | 3 | Guidelines for Jan Arogya Samiti,,,Regulatory / Legal,MANUAL REVIEW,REVIEW,No strong content signal detected
jZVZXE6Ckm7GWp9mv4cn0xEsv3t91EBm5Bgbw28P_d3e293fac3.pdf,C:\Users\rahma\OneDrive - Indian Institute of Management\Desktop\Term 5\CCS\RAG_Project\Healthcare_Master\jZVZXE6Ckm7GWp9mv4cn0xEsv3t91EBm5Bgbw28P_d3e293fac3.pdf,राीय | राीय | चिक | सा | चिक | सा | आयोग | आयोग | National Medical Commission | (Undergraduate Medical Education Board) | File No.: | NMC/UGMEB/PwBD/2025,National Medical Commission,2025,Regulatory / Legal,KEEP - CORE REGULATORY,HIGH,Strong legal/regulatory content detected
KEpwkMzgUwYNR49OrJaqvLcIpeytGPg7XGcorhTg_e8cef64166.pdf,C:\Users\rahma\OneDrive - Indian Institute of Management\Desktop\Term 5\CCS\RAG_Project\Healthcare_Master\KEpwkMzgUwYNR49OrJaqvLcIpeytGPg7XGcorhTg_e8cef64166.pdf,5451 GI/2023 (1) | रजिस्ट्री सं. डी.एल.- 33004/99 REGD. No. D. L.-33004/99 | xxxGIDHxxx | xxxGIDExxx | असाधारण | EXTRAORDINARY | भाग III—खण् ड 4 | PART III—Section 4 | प्राजधकार से प्रकाजित | PUBLISHED BY AUTHORITY | राष्ट्रीय आयुर्विज्ञान आयोग | (नैजतकता और जिककत्सा पंिीकरण बोडि),Government of India,2023,Regulatory / Legal,KEEP - CORE REGULATORY,HIGH,Strong legal/regulatory content detected
Mobile Dental Van (284.1 KB )_48efd80d.pdf,C:\Users\rahma\OneDrive - Indian Institute of Management\Desktop\Term 5\CCS\RAG_Project\Healthcare_Master\Mobile Dental Van (284.1 KB )_48efd80d.pdf,Clinical Establishment Act Standards for Mobile Dental Van | CEA / Mobile Dental Van | Clinical Establishment | Act | Standard for | Mobile Dental Van | Standard No.CEA / Dental Mobile Van | Clinical Establishment Act Standards for Mobile Dental Van | CEA / Mobile Dental Van | MINIMUM STANDARDS FOR MOBILE DENTAL VAN | DEFINITION | Mobile dental van,,,Regulatory / Legal,KEEP - CORE REGULATORY,HIGH,Strong legal/regulatory content detected
Model Tender Document for ISA Volume I.pdf,C:\Users\rahma\OneDrive - Indian Institute of Management\Desktop\Term 5\CCS\RAG_Project\Healthcare_Master\Model Tender Document for ISA Volume I.pdf,Model Tender Document for Selection of | Implementation Support Agency | for providing support services for the implementation of | Ayushman Bharat - National Health Protection Mission (AB-NHPM) | In the State / Union Territory of | ………… | June 2018 | Volume I: | Instruction to Bidders | Tender for Selection of Implementation Support Agency | under the Ayushman Bharat - National Health Protection Mission in the State / Union Territory of …….. | Tender Document: Volume I: Instructions to Bidders,Ayushman Bharat,2018,PM-JAY / Insurance,KEEP - CORE PM-JAY / INSURANCE,HIGH,Strong healthcare insurance/PM-JAY content detected
Model Tender Document for ISA Volume II.pdf,C:\Users\rahma\OneDrive - Indian Institute of Management\Desktop\Term 5\CCS\RAG_Project\Healthcare_Master\Model Tender Document for ISA Volume II.pdf,"Model Tender Document for Selection of | Implementation Support Agency | for providing support services for the implementation of | Ayushman Bharat - National Health Protection Mission | In the State/Union Territory of ………… | June 2018 | Volume II: | About AB-NHPM | Schedule of Requirements, Specifications and Allied Technical Details | Tender for Selecting an Implementation Support Agency | For providing support services under the Ayushman Bharat – National Health Protection Misson in the State / Union Territory | of ……..",Ayushman Bharat,2018,PM-JAY / Insurance,KEEP - CORE PM-JAY / INSURANCE,HIGH,Strong healthcare insurance/PM-JAY content detected
Model Tender Document for ISA Volume III version 2.0.pdf,C:\Users\rahma\OneDrive - Indian Institute of Management\Desktop\Term 5\CCS\RAG_Project\Healthcare_Master\Model Tender Document for ISA Volume III version 2.0.pdf,Model Tender Document for | Selection of Implementation | Support Agency | AYUSHMAN BHARAT – PRADHAN MANTRI JAN AROGYA YOJANA (AB PM- | JAY) | Page 1 of 285 | MTD for Selection of ISA | Model Tender Document | For Selection of Implementation Support Agency | For Providing Support Services for the Implementation of | Ayushman Bharat– Pradhan Mantri Jan Arogya Yojana (AB PM-JAY) | In the State/Union Territory of ________________________,Ayushman Bharat,2018,PM-JAY / Insurance,KEEP - CORE PM-JAY / INSURANCE,HIGH,Strong healthcare insurance/PM-JAY content detected
Naturopathy (921.3 KB )_ab458bbe.pdf,C:\Users\rahma\OneDrive - Indian Institute of Management\Desktop\Term 5\CCS\RAG_Project\Healthcare_Master\Naturopathy (921.3 KB )_ab458bbe.pdf,"DRAFT | NATUROPATHY STANDARDS FOR |  CLINICS, |  1 TO 10 BEDS, |  11 TO 25 BEDS, |  26 TO 50 BEDS, |  51 TO 100 BEDS, |  100 AND ABOVE BEDS/TEACHING HOSPITALS | CONTENTS | Contents | A Introduction | A.1 General",,,Regulatory / Legal,REVIEW - DRAFT / PROPOSED,MEDIUM,Contains draft/proposed language
nzyjp7JUGsKuXhSHnhNzeCvHNnaiXciXeusaiHr9_78dd89af74.pdf,C:\Users\rahma\OneDrive - Indian Institute of Management\Desktop\Term 5\CCS\RAG_Project\Healthcare_Master\nzyjp7JUGsKuXhSHnhNzeCvHNnaiXciXeusaiHr9_78dd89af74.pdf,nzyjp7JUGsKuXhSHnhNzeCvHNnaiXciXeusaiHr9_78dd89af74.pdf,,,Regulatory / Legal,MANUAL REVIEW,REVIEW,No strong content signal detected
o67fwyKJjRIJ2zLukPlJjqffWfj5aF3opCDVaIlu_058f1b0ee1.pdf,C:\Users\rahma\OneDrive - Indian Institute of Management\Desktop\Term 5\CCS\RAG_Project\Healthcare_Master\o67fwyKJjRIJ2zLukPlJjqffWfj5aF3opCDVaIlu_058f1b0ee1.pdf,"No. R.13012/003582/2024-Regn | (8280145) | Government of India | National Medical Commission | (O/o Secretary) | Sector-8, Dwarka | New Delhi-110075 | 31-08-2024 | Subject: Processing of application of Temporary Registration to the | foreign medical practitioners sponsored by any Institute/Hospital in | the country-–reg. | Reference is invited to the Advisory no. R.15014/(Gen.)(55)/2024-Regn",Government of India,2024,Regulatory / Legal,KEEP - CORE REGULATORY,HIGH,Strong legal/regulatory content detected
OM Dt. 1 Dec - 2.pdf,C:\Users\rahma\OneDrive - Indian Institute of Management\Desktop\Term 5\CCS\RAG_Project\Healthcare_Master\OM Dt. 1 Dec - 2.pdf,OM Dt. 1 Dec - 2.pdf,,,Regulatory / Legal,MANUAL REVIEW,REVIEW,No strong content signal detected
Oral_Health_(Inner)-_Brown_(FINAL)_92f104ec.pdf,C:\Users\rahma\OneDrive - Indian Institute of Management\Desktop\Term 5\CCS\RAG_Project\Healthcare_Master\Oral_Health_(Inner)-_Brown_(FINAL)_92f104ec.pdf,1 | Operational Guidelines for Oral Health | Care at Health and Wellness Centres | 2 | ART  : Atraumatic Restorative Technique | BPM  : Block Programme Manager | CBAC  : Community Based Assessment Checklist | CDE  : Continuing Dental Education | CHC  : Community Health Centre | CHO	 	 :	Community	Health	Officer | CPHC  : Comprehensive Primary Health Care | DALY  : Disability-Adjusted Life Year,,,Public Health,KEEP - SUPPORTING GUIDANCE,MEDIUM,Relevant official healthcare guidance detected
Physiotherapy Centre (290.18 KB )_4ba34dd3.pdf,C:\Users\rahma\OneDrive - Indian Institute of Management\Desktop\Term 5\CCS\RAG_Project\Healthcare_Master\Physiotherapy Centre (290.18 KB )_4ba34dd3.pdf,Clinical Establishment Act Standards for Physiotherapy Centre | CEA /Physiotherapy Centre- 023 | Page 1 | Standard No. CEA/Physiotherapy Centre- 023 | Clinical Establishment Act Standards for Physiotherapy Centre | CEA /Physiotherapy Centre- 023 | Page 2 | Clinical Establishment | Act Standard for | Physiotherapy Centre | Standard No. CEA/Physiotherapy Centre- 023 | Clinical Establishment Act Standards for Physiotherapy Centre,,2010,Regulatory / Legal,KEEP - CORE REGULATORY,HIGH,Strong legal/regulatory content detected
Presentation.pdf,C:\Users\rahma\OneDrive - Indian Institute of Management\Desktop\Term 5\CCS\RAG_Project\Healthcare_Master\Presentation.pdf,PRADHAN MANTRI RASHTRIYA SWASTHYA SURAKSHA MISSION | Additional Data Collection Drive for Urban Wards | TABLE OF CONTENTS | ABOUT PMRSSM | OBJECTIVE OF THE DRIVE | PROCESS FLOW FOR THE DRIVE | SUMMARY  AND ANNEXURES | KEY TIMELINES | About PMRSSM | • Cabinet has approved PMRSSM on 21ST March 2018 |  With a cover of Rs. 5 lakh per family per year |  For over 10 crore poor and vulnerable families,,2018,PM-JAY / Insurance,KEEP - CORE PM-JAY / INSURANCE,HIGH,Strong healthcare insurance/PM-JAY content detected
Release of Grant in Aid-Trust Mode.pdf,C:\Users\rahma\OneDrive - Indian Institute of Management\Desktop\Term 5\CCS\RAG_Project\Healthcare_Master\Release of Grant in Aid-Trust Mode.pdf,"Ayushman	Bharat	–	Pradhan	Mantri	Jan	Arogya	Yojana | Release	of	Grant-in-Aid | (TRUST	MODE) | Target	Beneficiaries	for	whom	Grant-in-Aid	will	be	released	for: | Under	Ayushman	Bharat	–	Pradhan	Mantri	Jan	Arogya	Yojana	(herein	referred	as | AB-PM	 JAY)	a	 defined	annual	 benefit	 cover	 of	 Rs.	 5.00	 lakh	 per	 family	 (on	 a | family	floater	basis)	to	over	10	crore	poor,	deprived	rural	families	and	identified | occupational	 categories	 of	 urban	 workers’	 families	 as	 per	 the	 latest	 Socio | Economic	 Caste	 Census	 (SECC)	 data,	 both	 r ural	 and	 urban	 (~50	 crore | beneficiaries)	 and	 existing	 RSBY	 Beneficiary	 Families,	 which	 does	 not	 figure	 in | the	 SECC	 database.	However,	 for	 the	 sake	 of	 clarity	 the	 higher	 number	 of | beneficiary	 families	 appearing	 in	 either	 SECC	 Database	 or	 Existing	 RSBY",,2010,Regulatory / Legal,KEEP - CORE REGULATORY,HIGH,Strong legal/regulatory content detected
Siddha (1.27 MB )_759592c7.pdf,C:\Users\rahma\OneDrive - Indian Institute of Management\Desktop\Term 5\CCS\RAG_Project\Healthcare_Master\Siddha (1.27 MB )_759592c7.pdf,"MSR FOR SIDDHA CLINICAL ESTABLISHMENTS | 1 | DRAFT | MINIMUM STANDARDS FOR | SIDDHA CLINICAL ESTABLISHMENTS | Clinics, Dispensaries, Therapy Centres, | Hospitals & Teaching Hospitals | MSR FOR SIDDHA CLINICAL ESTABLISHMENTS | 2 | MINIMUM STANDARDS FOR SIDDHA CLINICAL | ESTABLISHMENTS | Categories of Clinical Establishments",,,Clinical / Healthcare,KEEP - SUPPORTING GUIDANCE,MEDIUM,Relevant official healthcare guidance detected
Sowa-Rigpa (1.16 MB )_ffb9616f.pdf,C:\Users\rahma\OneDrive - Indian Institute of Management\Desktop\Term 5\CCS\RAG_Project\Healthcare_Master\Sowa-Rigpa (1.16 MB )_ffb9616f.pdf,"1 | DRAFT | RECOMMENDATIONS | FOR | SOWA-RIGPA MINIMUM STANDARDS | REQUIREMENT FOR | CLINICS, THERAPY CENTRES AND HOSPITALS | 2 | SOWA-RIGPA STANDARDS FOR |  CLINICS, |  Therapy Centers |  Minimum 10 BEDS Hospitals,",,,Regulatory / Legal,REVIEW - DRAFT / PROPOSED,MEDIUM,Contains draft/proposed language
Unani (1.35 MB )_e48ef983.pdf,C:\Users\rahma\OneDrive - Indian Institute of Management\Desktop\Term 5\CCS\RAG_Project\Healthcare_Master\Unani (1.35 MB )_e48ef983.pdf,"DRAFT | UNANI STANDARDS FOR | o CLINICS, | o 1 TO 50 BEDS, | o 51 TO 100 BEDS, | o 101 TO 200 BEDS | o 201 AND LARGER HOSPITALS | CONTENTS | Contents | A Introduction | A.1 General | A.2 Scope",,,Regulatory / Legal,REVIEW - DRAFT / PROPOSED,MEDIUM,Contains draft/proposed language
Volunteer Application Form.pdf,C:\Users\rahma\OneDrive - Indian Institute of Management\Desktop\Term 5\CCS\RAG_Project\Healthcare_Master\Volunteer Application Form.pdf,Volunteer Application Form | 1. Covering Letter with the following information (not  more than 500 words) | a. Areas of Expertise of the person. | b. Why they would like to work as a Volunteer with the NHA. | c. How the Agency would benefit from the Volunteer working with the NHA? | 2. Curriculum Vitae | 3. Two references,,,PM-JAY / Insurance,KEEP - CORE PM-JAY / INSURANCE,HIGH,Strong healthcare insurance/PM-JAY content detected
YOGA (822.68 KB )_a0b00ce1.pdf,C:\Users\rahma\OneDrive - Indian Institute of Management\Desktop\Term 5\CCS\RAG_Project\Healthcare_Master\YOGA (822.68 KB )_a0b00ce1.pdf,"DRAFT | YOGA STANDARDS FOR |  CLINICS/OPD, |  MINIMUM 10 BEDS, |  11 TO 25 BEDS, |  26 TO 50 BEDS, |  51 TO 100 BEDS, |  MORE THAN 100 BEDS |  TEACHING HOSPITAL | A. Introduction | A.1 General | The standards thus framed are on account of the minimum requirement of this category of healthcare",,,Clinical / Healthcare,KEEP - SUPPORTING GUIDANCE,MEDIUM,Relevant official healthcare guidance detected
सीईए के लिए परिचालन दिशानिर्देश_83c8fb9b.pdf,C:\Users\rahma\OneDrive - Indian Institute of Management\Desktop\Term 5\CCS\RAG_Project\Healthcare_Master\सीईए के लिए परिचालन दिशानिर्देश_83c8fb9b.pdf,1 | OPERATIONAL | GUIDELINES FOR | CLINICAL | ESTABLISHMENTS ACT | 2 | Contents | 1 Introduction 1-10 | 2 Institutional arrangements under the Clinical Establishments Act 11-15 | 3 Implementation of the Clinical Establishments Act 16-23 | 4 Monitoring and Evaluation 24-26 | Annexures,,2010,Regulatory / Legal,KEEP - CORE REGULATORY,HIGH,Strong legal/regulatory content detected
