"FileName","SourceFolder","OriginalPath","SHA256","CurrentCategory","CurrentPriority","SuggestedBucket","SuggestedPriority","ClassificationReason","FinalDecision","FinalCategory","Notes"
"(i) Standards for TB Care in India_3ea6ec68.pdf",,,"39A1E8530DEA238F0219284771EBBA2EEF4796596F1D46CEEECA71BC736C7C8F","Other / Review","Review","REVIEW - COMPLIANCE / STANDARDS","HIGH","Potential compliance requirement or official standard","","",""
"(ii) Guidelines for Prevention and Control of Fluorosis_13f59c0f.pdf",,,"EE0D962FE0958749E7427195F6C268C62E810FFF7E4AE14917F1C5F5E32064BB","Other / Review","Review","REVIEW - COMPLIANCE / STANDARDS","HIGH","Potential compliance requirement or official standard","","",""
"10. Guidelines for Medicine (Non Respiratory Medical Conditions)_3c186750.pdf",,,"82E6FA331475EE062F2F88061A984CFFEF33E9E7DFF02A768315C3BC16EE31B2","Other / Review","Review","REVIEW - COMPLIANCE / STANDARDS","HIGH","Potential compliance requirement or official standard","","",""
"13. Guidelines for Interventional Radiology_e708ac43.pdf",,,"7F9E2C7CD04C9A3C9E22DD97ECF923F95F9529FB79529E41CE227A9C4EADD6B2","Other / Review","Review","REVIEW - COMPLIANCE / STANDARDS","HIGH","Potential compliance requirement or official standard","","",""
"1454_Operational_Guidelines_ENT_Print_ready_29_11_2020_72528185.pdf",,,"8930D20D553E3D5751F415C795DB8F1BB944866A4708C8C2FC3E4ECC64BCFEFE","Other / Review","Review","REVIEW - COMPLIANCE / STANDARDS","HIGH","Potential compliance requirement or official standard","","",""
"15. Guidelines for Organ Transplant - Liver_a38a1849.pdf",,,"E382E16B3A7F5EF2707BEB89E525A0D41DDC61C697AC2450129489E1D6732C62","Other / Review","Review","REVIEW - COMPLIANCE / STANDARDS","HIGH","Potential compliance requirement or official standard","","",""
"16. Guidelines for Urology_84326f7c.pdf",,,"E37DD1911C685BC68894DCF0BB99CC97237D890084CE700CEACA0A7AEB39B08C","Other / Review","Review","REVIEW - COMPLIANCE / STANDARDS","HIGH","Potential compliance requirement or official standard","","",""
"17. Guidelines for Laboratory Medicine_846b1dcd.pdf",,,"6502642E26EA0D20C8B9C7B94EEF548F392A6AE55E39E9AB55694DB679BA308A","Other / Review","Review","REVIEW - COMPLIANCE / STANDARDS","HIGH","Potential compliance requirement or official standard","","",""
"2. Guidelines for Critical Care_6e448147.pdf",,,"F8CB9CF5293798812B2725C59E0CAB19C4F89CD7792314CEF13E2FCE1BF0CD84","Other / Review","Review","REVIEW - COMPLIANCE / STANDARDS","HIGH","Potential compliance requirement or official standard","","",""
"21. Guidelines for Endocrinology_e8b1a18e.pdf",,,"7F681425FA913940EB45202BDCDC962260E6C18D5B7D6DF7D3F300A6EC2F099B","Other / Review","Review","REVIEW - COMPLIANCE / STANDARDS","HIGH","Potential compliance requirement or official standard","","",""
"4. Guidelines for Obstetrics and Gynaecology_ab3b0881.pdf",,,"105EF97B460F3F1C8F1232884B65C33739322E753AAAF14422393DF741542517","Other / Review","Review","REVIEW - COMPLIANCE / STANDARDS","HIGH","Potential compliance requirement or official standard","","",""
"4.3. Minimum Standard of Requirements for Post-Graduate Courses 2023 dated 15.01.2024_18044ae4.pdf",,,"B19D65913EC1E93F6FA862E5F44555EEF7174A681F55392610F79683EC575F6C","Other / Review","Review","REVIEW - COMPLIANCE / STANDARDS","HIGH","Potential compliance requirement or official standard","","",""
"7. Guidelines for ENT_93801303.pdf",,,"C7B47FE50EE81E0B5943D0701D1506EA6594D8FBB6FCA67D8D3EAF6239804F62","Other / Review","Review","REVIEW - COMPLIANCE / STANDARDS","HIGH","Potential compliance requirement or official standard","","",""
"9. Guidelines for Medicine (Respiratory)_bb0522e1.pdf",,,"ABA7AB6B814B85867043639D11F0B56EFEA0C3F385D85ABE24ADDEB2CC690085","Other / Review","Review","REVIEW - COMPLIANCE / STANDARDS","HIGH","Potential compliance requirement or official standard","","",""
"Anti Fraud Guidelines.pdf",,,"F15965ACC70AB1620BA4E462F3A8047416EEE944BB1B8D7CAE9D10D5D1DA8E4C","Other / Review","Review","REVIEW - COMPLIANCE / STANDARDS","HIGH","Potential compliance requirement or official standard","","",""
"BIS - Guidelines on disabling BIS e-Card.pdf",,,"94E5E56987AE17907B46D7873051B510B38A3E5AC05635B7ABE5FB2BF1D28465","Other / Review","Review","REVIEW - COMPLIANCE / STANDARDS","HIGH","Potential compliance requirement or official standard","","",""
"Capacity Building Guideline.pdf",,,"D0CD4ED7AB98CA3BC7BC8593D43450953F28BB11348B1846883C37DE9B7D1584","Other / Review","Review","REVIEW - COMPLIANCE / STANDARDS","HIGH","Potential compliance requirement or official standard","","",""
"Final_MNS_Operational_Guidelines_-_Web_Optimized_PDF_Version_-_19_11_20_eee9ba54.pdf",,,"2293F861D5107C967064E6F1161888F2F749B4B5D600D4CE1F42E0E128901C1C","Other / Review","Review","REVIEW - COMPLIANCE / STANDARDS","HIGH","Potential compliance requirement or official standard","","",""
"FINAL_Operational_Guidelines_for_Primary_Eye_Care__28_pages__Dt__23_06_2020_1__26e16272.pdf",,,"B2539FCF258CCB1239831D2404023DEC593F0319BD2D27BD94407AD5E8B5EDD0","Other / Review","Review","REVIEW - COMPLIANCE / STANDARDS","HIGH","Potential compliance requirement or official standard","","",""
"Guidelines for Additional Collection Drive in Urban Area.pdf",,,"E4BD5F08F20B8D966AB9090053BED577A9F36E2908FD1F87A2F0894007175110","Other / Review","Review","REVIEW - COMPLIANCE / STANDARDS","HIGH","Potential compliance requirement or official standard","","",""
"Guidelines for Ayurveda_1e8976c3.pdf",,,"153D5F8AF97E8E1D5DD7CA4879BAFDF6D1429E0CFF5C46C57BDA02AFE7814AA5","Other / Review","Review","REVIEW - COMPLIANCE / STANDARDS","HIGH","Potential compliance requirement or official standard","","",""
"Guidelines for Grievance Redressal.pdf",,,"3F539D9F23F7A51C27C7115D024713A835806740BAF74CEF61255B5EA15697D1","Other / Review","Review","REVIEW - COMPLIANCE / STANDARDS","HIGH","Potential compliance requirement or official standard","","",""
"Guidelines for Portability of Services.pdf",,,"7ED0A5CBF95AF78572BCA92B2838CC7205063754C84CDB24842A11FC3FA9E3CE","Other / Review","Review","REVIEW - COMPLIANCE / STANDARDS","HIGH","Potential compliance requirement or official standard","","",""
"Guidelines for Siddha (Draft)_3c871acb.pdf",,,"DA0DD19DE679FF1CDE0B07BA4FD00F8942B6E0DFA90C7C4BA81009CE7803E34E","Other / Review","Review","REVIEW - COMPLIANCE / STANDARDS","HIGH","Potential compliance requirement or official standard","","",""
"Guidelines for usage of Software in Poor Connectivity Scenarios.pdf",,,"BAD078A2DAF81A8E7C11B9F31D8770C4A7ACA8A88CDA52FCE47D8C9331D5ADE7","Other / Review","Review","REVIEW - COMPLIANCE / STANDARDS","HIGH","Potential compliance requirement or official standard","","",""
"Guidelines for Young Professional Program.pdf",,,"F27288126EA998C1732467708151D6249DD671CED41C8CCDA1004626F6CFF539","Other / Review","Review","REVIEW - COMPLIANCE / STANDARDS","HIGH","Potential compliance requirement or official standard","","",""
"Minimum requirement for 100 admissions_043a1097.pdf",,,"781CA998D660774B88EFA163937F0C7679056130B13FCE10A92C982F6CED1D90","Other / Review","Review","REVIEW - COMPLIANCE / STANDARDS","HIGH","Potential compliance requirement or official standard","","",""
"Minimum requirement for 150 admissions_6f224be1.pdf",,,"8D8838CBEB35CF27C9840026EEDC3EE0A780F050834539744E5938440FF4F9E5","Other / Review","Review","REVIEW - COMPLIANCE / STANDARDS","HIGH","Potential compliance requirement or official standard","","",""
"Minimum requirement for 200 admissions_b4c9b349.pdf",,,"91D2B91135F6A565004019F1F9E4A73839303B0DE2C8DFE06539B68B01E18814","Other / Review","Review","REVIEW - COMPLIANCE / STANDARDS","HIGH","Potential compliance requirement or official standard","","",""
"Minimum requirement for 250 admissions_1b887e74.pdf",,,"3B5037D675735A88D32635FB12E420A89D073797906C2424F40E9F30B6B1D9E7","Other / Review","Review","REVIEW - COMPLIANCE / STANDARDS","HIGH","Potential compliance requirement or official standard","","",""
"Minimum requirement for 50 admissions_9c4066f8.pdf",,,"98526EF580EEAABF1C5DF94FB5C797E2C536AFB01A49E7EFF7FA7A718D698716","Other / Review","Review","REVIEW - COMPLIANCE / STANDARDS","HIGH","Potential compliance requirement or official standard","","",""
"NHA Volunteer Guidelines.pdf",,,"DC28EF1442CDADB1F08D9D0156DC08A4D48AF6DA809A19D6C63CA6D45C72A25C","Other / Review","Review","REVIEW - COMPLIANCE / STANDARDS","HIGH","Potential compliance requirement or official standard","","",""
"Operational_Guidelines_Ear,_Nose_and_Throat_(ENT)_Care_at_HWCs_f8628165.pdf",,,"74C4C00D0F3579A77AD0910BAE895BEC6C862D1C4EEC6C6BC08FEC9FD51F588F","Other / Review","Review","REVIEW - COMPLIANCE / STANDARDS","HIGH","Potential compliance requirement or official standard","","",""
"Operational_Guidelines_for_Oral_Health_Care_at_HWCs__2020__b4c41c18.pdf",,,"50B75610E5C62AD56539800D6872980C9B943EC66E3F91AD7649DD2DBB98C122","Other / Review","Review","REVIEW - COMPLIANCE / STANDARDS","HIGH","Potential compliance requirement or official standard","","",""
"Operational_Guidelines_for_Primary_Eye_Care_at_HWCs_bce8776e.pdf",,,"4855AFD718B9E0B5D4DA3BAFBDD0C2D0A7A4DABC105A00B977E8F9937F7644EC","Other / Review","Review","REVIEW - COMPLIANCE / STANDARDS","HIGH","Potential compliance requirement or official standard","","",""
"OperationalGuidelinesDHIS.a35651cdf843e0b399c2_1565958836.pdf",,,"BCDB66728DFDB7E33EE8A4A80595F13224228FD42243D2608B8B2843D0E0A8B1","Other / Review","Review","REVIEW - COMPLIANCE / STANDARDS","HIGH","Potential compliance requirement or official standard","","",""
"Posters for Urban Additional Data Collection Drive.pdf",,,"EF62D4922925E5D9767BC7F105BE7902C91794FACAA0D0C946B01E19C6CB3242","Other / Review","Review","REVIEW - DIGITAL HEALTH / DATA","HIGH","Potential healthcare data or digital-health compliance","","",""
"Insurance Model Download.pdf",,,"D4E41F8FFEDF56927B9DDC8A51197BBA1A06F813AA3EFD7E1F2BCF0DC879C428","Other / Review","Review","REVIEW - HEALTH INSURANCE / PM-JAY","HIGH","Potential healthcare financing, insurance or PM-JAY requirement","","",""
"2.3. Public Notice- Guidelines on Temporary Registration 18.01.2024_03cc8bb2.pdf",,,"522842FD57374F9877499BDBF94E1F67499A684BC34963B0FC7A50EC320150D9","Other / Review","Review","REVIEW - LICENSING / REGISTRATION","HIGH","Potential licensing, registration or accreditation requirement","","",""
"Phasewise requirements for LOI, LOP, renewals_f0e8b30b.pdf",,,"747DBA2A378C99ED37F6A1A8835121996C1F3F90B8607C2721254A8CD423ADCE","Other / Review","Review","REVIEW - LICENSING / REGISTRATION","HIGH","Potential licensing, registration or accreditation requirement","","",""
"WFMECertificateofRecognitionStatus_f2f3973b.pdf",,,"4762E7DEDA1BE3EAFA860D22881D519025E2187AD094EA6EA82844199B1582AF","Other / Review","Review","REVIEW - LICENSING / REGISTRATION","HIGH","Potential licensing, registration or accreditation requirement","","",""
"CPIO Order_083885f2.pdf",,,"750762641573DF1F50DB027DE0E9D7ECAA89A79F94731CB80A86A7EB5F6CDF96","Other / Review","Review","REVIEW - POSSIBLE REGULATORY","HIGH","Filename contains legal/regulatory terminology","","",""
"1.1 Public Notice on NExT Dated 13.07.2023 Deferring the NExT Examination_d3bb999b.pdf",,,"CFF0AD252EAA1071FB15E0DCE4CF49884A37C9C5BF776E1BF3249850A176D68F","Other / Review","Review","REVIEW - FAQ / ADVISORY","MEDIUM","May clarify implementation but binding status needs verification","","",""
"1.1 Public Notice_FAQ_merged dated 28.10.2025_42107b27.pdf",,,"A162F6CE95177BBE209C130353D7EE2A1DE9F2CD7B0383A8BA5AD8C7EB6B4F23","Other / Review","Review","REVIEW - FAQ / ADVISORY","MEDIUM","May clarify implementation but binding status needs verification","","",""
"4.2. FAQ on MSMER, 2023 dated 05.01.2024_ff587aa2.pdf",,,"D780279A875DF2354AEC7B148622C5E06810D4EDF0A7707C224C356D9E62B44E","Other / Review","Review","REVIEW - FAQ / ADVISORY","MEDIUM","May clarify implementation but binding status needs verification","","",""
"5.1 Frequently Asked Questions dated 08th June, 2026_a5184c53.pdf",,,"CAF3B62334ED24AA867BECBE81E396BB839219201D00C75436919C0B3600787E","Other / Review","Review","REVIEW - FAQ / ADVISORY","MEDIUM","May clarify implementation but binding status needs verification","","",""
"Advisory on MTD for the Selection of Implementation Support Agency (ISA) Volume I.pdf",,,"5B59213682332F92EF394D147981C2EBBA1C338CCCACDD9FFF09E80BCF0DB8C6","Other / Review","Review","REVIEW - FAQ / ADVISORY","MEDIUM","May clarify implementation but binding status needs verification","","",""
"(i) A Manual for Medical Officer_a7094f89.pdf",,,"F45A65F2404FDCFCBCF5C3D943942AF81C2662D13FA6C34EC77F8C6017ACB181","Other / Review","Review","MANUAL REVIEW","REVIEW","No strong regulatory signal detected from filename","","",""
"(i) Dental Caries and Periodontitis_3d17f785.pdf",,,"4116B18E1FD65F3A8963408581968FBCF173B8C4DBCC18219DDF1BC71CBC4A01","Other / Review","Review","MANUAL REVIEW","REVIEW","No strong regulatory signal detected from filename","","",""
"(i) Training Manual for Medical officer_425cf695.pdf",,,"7482844E1C1467C8003A02D6F8294589D5CBABE1E62979712BEB944D169D683F","Other / Review","Review","MANUAL REVIEW","REVIEW","No strong regulatory signal detected from filename","","",""
"(ii) Disability Prevention & Medical Rehabilitation_cd9e5e1d.pdf",,,"CF79605CDAE2A9157EB4520627A33C197A1E7EB7987718C72E7E26F7A0A87CCE","Other / Review","Review","MANUAL REVIEW","REVIEW","No strong regulatory signal detected from filename","","",""
"(iii) Filariasis control in India and Its Elimination_bbec7cd6.pdf",,,"BFAABE67DAC15DB640A4A628C32FF08D84C355F11B8775597EA6DFA1BEBC9D85","Other / Review","Review","MANUAL REVIEW","REVIEW","No strong regulatory signal detected from filename","","",""
"(iv) Chikungunya Fever_f1de1a20.pdf",,,"7D958B7ABB7C4942AE2B0C4020DFFC29D4A3F4757E215D51B2FE29CF5EA76746","Other / Review","Review","MANUAL REVIEW","REVIEW","No strong regulatory signal detected from filename","","",""
"(v) Road Map for Kala-Azar Elimination_446871ba.pdf",,,"D5CE5698AF35C5F9D6E3653AFF504FC814E4B5E21F34B2D907E7747C925E5666","Other / Review","Review","MANUAL REVIEW","REVIEW","No strong regulatory signal detected from filename","","",""
"1023_87c61a52da.pdf",,,"7572DD7157D9DFD7CC61F5457E67DDE6769F4CE0F5F53FAD24FC375767710440","Other / Review","Review","MANUAL REVIEW","REVIEW","No strong regulatory signal detected from filename","","",""
"1799_82e5f4c573.pdf",,,"3C9C6B967C98DD8D0D3D16C394AD50A2207AA4A7045BF2CAA9BA31CC17C60495","Other / Review","Review","MANUAL REVIEW","REVIEW","No strong regulatory signal detected from filename","","",""
"1803_2fdb516cac.pdf",,,"8A0EE143B27AD0A806FA4664D0F366BB9FF4D2F5D49B8E79B671DCAC6C18178E","Other / Review","Review","MANUAL REVIEW","REVIEW","No strong regulatory signal detected from filename","","",""
"1804_3e000fd004.pdf",,,"A7295252D70E848842DC8CA6ED92042873FE69D511F4BDF95C26C778B059A545","Other / Review","Review","MANUAL REVIEW","REVIEW","No strong regulatory signal detected from filename","","",""
"1805_57f7fdc221.pdf",,,"B26C81F05EBEAACD15A03817A1A3C2D9FE9B50000B19375087181F335D64B4B8","Other / Review","Review","MANUAL REVIEW","REVIEW","No strong regulatory signal detected from filename","","",""
"1807_75c389383b.pdf",,,"6A2DEA5FB61C8EF3A4C5C9FE2A632D8BAADE79CC909E31C2DB82553436BC1FB4","Other / Review","Review","MANUAL REVIEW","REVIEW","No strong regulatory signal detected from filename","","",""
"2022051012-1_4f75c8c2.pdf",,,"6A8D393D2C29AB096FD0F8BC6F980308A0A19496EFF8D62CDB8E54E1D6710CA5","Other / Review","Review","MANUAL REVIEW","REVIEW","No strong regulatory signal detected from filename","","",""
"2022051017_591e5fd2.pdf",,,"66A796E1FF0BEC8453C5F8D16441BCCAA9C47C9195E93DFFE161F4D68CB47F42","Other / Review","Review","MANUAL REVIEW","REVIEW","No strong regulatory signal detected from filename","","",""
"2022051018-1_0801124f.pdf",,,"4154AC36A2ACAD7FF77D4DA83073A0A4DCB5F387C1D35AD2F4FD4F32B09F1808","Other / Review","Review","MANUAL REVIEW","REVIEW","No strong regulatory signal detected from filename","","",""
"2022051026_62a1b010.pdf",,,"E1F22D7F1A63EB7A4A65FEBB6B3BE02BF597488D7A8182F0DE46F624E69D22E3","Other / Review","Review","MANUAL REVIEW","REVIEW","No strong regulatory signal detected from filename","","",""
"2022051028_870c94cb.pdf",,,"8B7EEF1856FD7021475CA8D8B9D1FAC483D92EA762BFE5A41E96B67258F2916A","Other / Review","Review","MANUAL REVIEW","REVIEW","No strong regulatory signal detected from filename","","",""
"2022051036-1_a2a62f5c.pdf",,,"79F7E48F8D146BF7B93DD24C374581971174C06EFBCCBC282FB73CBEBDA8E0B8","Other / Review","Review","MANUAL REVIEW","REVIEW","No strong regulatory signal detected from filename","","",""
"2022051036-2_84903cca.pdf",,,"75508C5D1D798CBA4AD78F853BC87DCEDB963E2110E1AC42C5CDD5028DF9BB9F","Other / Review","Review","MANUAL REVIEW","REVIEW","No strong regulatory signal detected from filename","","",""
"2022051039_be62469a.pdf",,,"872654559F563EB63757766562AC04BF179A985079318899AB4752CB5F184C47","Other / Review","Review","MANUAL REVIEW","REVIEW","No strong regulatory signal detected from filename","","",""
"2022051054-1_45c044e9.pdf",,,"19BF3FC809F4EFA74D8AC2633108225B6C21C2C76E8F834DFF3AC12EAC1BA552","Other / Review","Review","MANUAL REVIEW","REVIEW","No strong regulatory signal detected from filename","","",""
"2022051067_9f475305.pdf",,,"E5A51A469E7435917E909D7B1E0DA020AA63BE3A147690726B0F36BF11DBB415","Other / Review","Review","MANUAL REVIEW","REVIEW","No strong regulatory signal detected from filename","","",""
"2022051078_30d94d70.pdf",,,"EC0AC61029DEF97FA67446D5C526E93F8177BD3DB410FC99661EEB36C5A0389D","Other / Review","Review","MANUAL REVIEW","REVIEW","No strong regulatory signal detected from filename","","",""
"2022051078-1_84a2ae77.pdf",,,"2A6D32B3B5DF1DFBC857EF58C218768C7CC23E440090B06297A2A936161E0F97","Other / Review","Review","MANUAL REVIEW","REVIEW","No strong regulatory signal detected from filename","","",""
"2022051091-1_6c9bc5a1.pdf",,,"89EED74645C2F2FB9CE079C81E587AE2AAD16FD4095F8069B1F10BD2B7D9A7E7","Other / Review","Review","MANUAL REVIEW","REVIEW","No strong regulatory signal detected from filename","","",""
"2022051095-2_dc2bf0b9.pdf",,,"AE669DB5ED7F441887BBD4FF6C5B6A281FCAA74A79F170F07AC72E22D0E77695","Other / Review","Review","MANUAL REVIEW","REVIEW","No strong regulatory signal detected from filename","","",""
"2023042133_dea41d30.pdf",,,"66623AE9F273B60D29EDC2A641AFE4823D1376C1C7EF59C06CFC14178CC4E8A6","Other / Review","Review","MANUAL REVIEW","REVIEW","No strong regulatory signal detected from filename","","",""
"2023042165_3e1f47f4.pdf",,,"994568ABD997CFE09652F5ABE9DBA744040F8EF12D03CD8C20E84B5BE8415E24","Other / Review","Review","MANUAL REVIEW","REVIEW","No strong regulatory signal detected from filename","","",""
"20240828153687657_29a5bdfc.pdf",,,"D01A76E7A57D8C7757023FD6ED4F0E608D32858475515947C468518882334C80","Other / Review","Review","MANUAL REVIEW","REVIEW","No strong regulatory signal detected from filename","","",""
"202408282049810185_494748df.pdf",,,"5D22F50AE9330F276403CFE13A199EAC87D0D03B2581783C53DF89A2F539D154","Other / Review","Review","MANUAL REVIEW","REVIEW","No strong regulatory signal detected from filename","","",""
"20240924831436164_2c5eded9.pdf",,,"0E87DC17A20F6D800CC639CCD138A527C88C1848E9EA5B41847EAF18448D3835","Other / Review","Review","MANUAL REVIEW","REVIEW","No strong regulatory signal detected from filename","","",""
"202409251498496928_05fc5863.pdf",,,"22625B98029F0AD273F0C592063F3CEE1481C2D75377CE29578E8A9B37594471","Other / Review","Review","MANUAL REVIEW","REVIEW","No strong regulatory signal detected from filename","","",""
"202409251770905432_015bc730.pdf",,,"FA8DDD066681842CA058372A48DD8DF7D04731FF8E056DC734FBD71018FEFEB2","Other / Review","Review","MANUAL REVIEW","REVIEW","No strong regulatory signal detected from filename","","",""
"20240925185541293_7ce7d80b.pdf",,,"B126AB9D894ACE25E8A61382B58B7B2D11D8FA053B430A949F8891AAEECBED4B","Other / Review","Review","MANUAL REVIEW","REVIEW","No strong regulatory signal detected from filename","","",""
"20240925219433972_7280a017.pdf",,,"212DD5F375625E67D199F01E7BD52B97DE6EC8121A4B0AEF5806E197D69AD33F","Other / Review","Review","MANUAL REVIEW","REVIEW","No strong regulatory signal detected from filename","","",""
"20240925686009399_25ac42cd.pdf",,,"DF0634744889D2F3B69B4231771EE99B7D627E24A6E485F3D695CBA50707E1D2","Other / Review","Review","MANUAL REVIEW","REVIEW","No strong regulatory signal detected from filename","","",""
"202410232073926223_a1c050f6.pdf",,,"71923650F4FE64C2C4204521195F5D1E4897A6F2B6A0E1022498D79A02C8C433","Other / Review","Review","MANUAL REVIEW","REVIEW","No strong regulatory signal detected from filename","","",""
"20241104222942183_6cf631d2.pdf",,,"E5174F4717B6D616D63403D2D910E03C23C3C53506C37C8086FF3896998C8574","Other / Review","Review","MANUAL REVIEW","REVIEW","No strong regulatory signal detected from filename","","",""
"202502111228430391_fe63a31e.pdf",,,"2A830AACB432DF6F8DF0D5DF09FAD8984AED60D848B60044A761DD15EC37EFEA","Other / Review","Review","MANUAL REVIEW","REVIEW","No strong regulatory signal detected from filename","","",""
"202505081575684259_fe282ed7.pdf",,,"DB35AD3F88F09136F59122CB698FC43BEB0352CBC05C90817DB2B85493C0E11D","Other / Review","Review","MANUAL REVIEW","REVIEW","No strong regulatory signal detected from filename","","",""
"20250625846048542_c7604bab.pdf",,,"57D671F49C74B6EA3A25DD570549C46CEBD00B47FEC2FB1D796DD4908AF51AD1","Other / Review","Review","MANUAL REVIEW","REVIEW","No strong regulatory signal detected from filename","","",""
"202609031194350508_70532cc3.pdf",,,"3DE9688563487E8E830607197022241FC7B3CC457B89D6909379802B4B64DBBB","Other / Review","Review","MANUAL REVIEW","REVIEW","No strong regulatory signal detected from filename","","",""
"202609031776794593_3c961873.pdf",,,"5E5722781522EF6D5A7279680DC26927681B67C689ACF3EB308CA672F8616F37","Other / Review","Review","MANUAL REVIEW","REVIEW","No strong regulatory signal detected from filename","","",""
"263f3ca26df87dc44b7687c1b9cf0c15_21bd516c.pdf",,,"660A636C80D94E2DECBBF399E630A4335A754D791DE1CC91E29CB3F7DC021E46","Other / Review","Review","MANUAL REVIEW","REVIEW","No strong regulatory signal detected from filename","","",""
"2nd OM COVID-19 - 3.pdf",,,"0413BFBE5AD0DE8F67D88A79CA3C7DA7AF3646269CC930142EB47CEDD6594603","Other / Review","Review","MANUAL REVIEW","REVIEW","No strong regulatory signal detected from filename","","",""
"3rd OM on Covid-19, mandating tests -4.pdf",,,"AD967147C6F06A36A20DC5F0A9F394C8918E062E414421F528FF8EEDAF2981C1","Other / Review","Review","MANUAL REVIEW","REVIEW","No strong regulatory signal detected from filename","","",""
"4.1 RevisedSR-2024 dated 23.08.2024_2c881de5.pdf",,,"A9E42F8CED913B379E1D45CA07E317659568B17DD0F3939E942C0B63F12BCAA6","Other / Review","Review","MANUAL REVIEW","REVIEW","No strong regulatory signal detected from filename","","",""
"4161_9260aec018.pdf",,,"07B8C1098EDC92E77E63A80E8A2BE69108D311C8B30E2C8ADC52CE7CA633591F","Other / Review","Review","MANUAL REVIEW","REVIEW","No strong regulatory signal detected from filename","","",""
"45a4ab64b74ab124cfd853ec9a0127e4_88505f99.pdf",,,"D495EE54DF46179466D5A63E0E72E5862E8BE59AE25AE8D64297EBB083A83D64","Other / Review","Review","MANUAL REVIEW","REVIEW","No strong regulatory signal detected from filename","","",""
"47b077f6bfcded85af8bf2f319136186_de39ae86.pdf",,,"69F219689957C612E61B323EBF5F285C85114092BEB4696BF25ED4F537E853CB","Other / Review","Review","MANUAL REVIEW","REVIEW","No strong regulatory signal detected from filename","","",""
"47c15fa0edba7559a0773830a712894a_c7e5e4b9.pdf",,,"CA2F617EA264F4653CEC568EE3985A9B1FCA8DD68A0B0229632146EACEDD31B5","Other / Review","Review","MANUAL REVIEW","REVIEW","No strong regulatory signal detected from filename","","",""
"48_d888d00635.pdf",,,"F4B4A77CE4667C157390B9EF62CA10202D3CCA40AC49F07E5E8980917DC3E28D","Other / Review","Review","MANUAL REVIEW","REVIEW","No strong regulatory signal detected from filename","","",""
"53450e6e5dc0bfa85ebd78686cadad39_699aa0b027.pdf",,,"EABC7D05E013144615D78DDC0E8B9C9AAC1920E814F4FAD38CE6560951F5AA08","Other / Review","Review","MANUAL REVIEW","REVIEW","No strong regulatory signal detected from filename","","",""
"5511_0_f0abdc3469.pdf",,,"3A3E7F6C2048689A7AFAD2CB66935EF21522E57BDFC112FD2D230E2F5F5E3D3F","Other / Review","Review","MANUAL REVIEW","REVIEW","No strong regulatory signal detected from filename","","",""
"5th OM COVID-19 - 5.pdf",,,"9029A6C89E261E01B69C35C14437FA48E7E3F2A4AA307F21F60FE1284EDF0A56","Other / Review","Review","MANUAL REVIEW","REVIEW","No strong regulatory signal detected from filename","","",""
"6381b33c4d25c4363679438afea500af_c583d416.pdf",,,"A61D490E4E1520C549DFC9B4B555E00B882F269E0763580573C6A5102CB2922A","Other / Review","Review","MANUAL REVIEW","REVIEW","No strong regulatory signal detected from filename","","",""
"73f6292ba65a28d63c70b4d836896318_b814dd9d.pdf",,,"A6BCF33E8E5A951ADD54B299CAF64D7DD7283B04B20444DF7262FBBEFFFA46BA","Other / Review","Review","MANUAL REVIEW","REVIEW","No strong regulatory signal detected from filename","","",""
"829bf86e304132dfae9962855c57dcd8_204ecd23.pdf",,,"15546E2FCA5C4BC797323A396309ECF51BA939918CB6C4B2AC5CB8C13FBCC2F7","Other / Review","Review","MANUAL REVIEW","REVIEW","No strong regulatory signal detected from filename","","",""
"a) Full Document_0d7e8ad1.pdf",,,"2034AC57F6C7B149FA20EC04E096CA9BA2E694037102E40BFF29C6C244130267","Other / Review","Review","MANUAL REVIEW","REVIEW","No strong regulatory signal detected from filename","","",""
"a) Full Document_12d1e7c9.pdf",,,"0884ABE17B5E3732FA29C976333D4E50CF304841D60E26000B22173EFA49AC41","Other / Review","Review","MANUAL REVIEW","REVIEW","No strong regulatory signal detected from filename","","",""
"a) Full Document_145bcabf.pdf",,,"5B7EA408DADE69AAE0C9AB8A7536CEC29BAFBB190586E144BC1066FD8D1E18D9","Other / Review","Review","MANUAL REVIEW","REVIEW","No strong regulatory signal detected from filename","","",""
"a) Full Document_54636977.pdf",,,"BCDAA14B89629BE96107D0B4526AABBE37425B46E41AB8ED2BB2CDBFA36171B2","Other / Review","Review","MANUAL REVIEW","REVIEW","No strong regulatory signal detected from filename","","",""
"a) Full Document_5e6ad719.pdf",,,"4F09392E32F0FE866B954391B26C23792A30D846CD5A586DDD3D131C66DD9CA3","Other / Review","Review","MANUAL REVIEW","REVIEW","No strong regulatory signal detected from filename","","",""
"a) Full Document_83ac33fe.pdf",,,"8388906C4F3CE1BEB4355D9C5FCC16F25DD96580532A78A5AB3E27E8F41B49DA","Other / Review","Review","MANUAL REVIEW","REVIEW","No strong regulatory signal detected from filename","","",""
"a) Full Document_9dcede56.pdf",,,"9BB8912D7A27F5C76877002D1E081780FA11C19789A037F9367D41EE7329B824","Other / Review","Review","MANUAL REVIEW","REVIEW","No strong regulatory signal detected from filename","","",""
"a) Full Document_a71f4752.pdf",,,"925BBCD1F5DDAFF8A95FC777E1609811398229A75E04F19A5910025DE492F5AF","Other / Review","Review","MANUAL REVIEW","REVIEW","No strong regulatory signal detected from filename","","",""
"a) Full Document_aa6a7aa2.pdf",,,"BE5C94263BDAA67F4A0B893E8D6135CCB92D64FD1A8FE21F6C516730220F69E3","Other / Review","Review","MANUAL REVIEW","REVIEW","No strong regulatory signal detected from filename","","",""
"a) Full Document_ca071578.pdf",,,"77A0F8FA83FB7BDE3895DADD876C1E22B86A775C9438E380EA83CCA02461226F","Other / Review","Review","MANUAL REVIEW","REVIEW","No strong regulatory signal detected from filename","","",""
"a) Quick Reference Guide_7c941c61.pdf",,,"5453D568E787C9F1BB5F4E8E3AD04AF6E016D3D015589173B9AC13E167EB1673","Other / Review","Review","MANUAL REVIEW","REVIEW","No strong regulatory signal detected from filename","","",""
"a) Quick Reference Guide_9860dfda.pdf",,,"24032FFE321CAA23D7F3434441623F0BC028C77B92F9D89D89BD6E554487CEE3","Other / Review","Review","MANUAL REVIEW","REVIEW","No strong regulatory signal detected from filename","","",""
"ac403676f3b66475ba027e70b06b1a7c_3b77f427.pdf",,,"C2995C8520AA1E7E2989BD96504FA34CDC101CC2C70B3F36D2ABCA75390B73BC","Other / Review","Review","MANUAL REVIEW","REVIEW","No strong regulatory signal detected from filename","","",""
"Annexure I Pre-Authorization Form.pdf",,,"A1994B0A8ADE3DA3AAF20E9028B5E3D9D152FA80946DF0CF374D92E568E7A8EF","Other / Review","Review","MANUAL REVIEW","REVIEW","No strong regulatory signal detected from filename","","",""
"Annexure II - Discharge Summary.pdf",,,"9E5D72B844A31DFD4147BA9DBE156FECD35A14DB4A1A6985CDB293AB02CFEC0F","Other / Review","Review","MANUAL REVIEW","REVIEW","No strong regulatory signal detected from filename","","",""
"Assurance Model Download.pdf",,,"586614E5159B06C64B2778E782DFAFA428201C5127DECD181D9CE7014C40E741","Other / Review","Review","MANUAL REVIEW","REVIEW","No strong regulatory signal detected from filename","","",""
"Ayurveda (587.56 KB )_b42daed5.pdf",,,"445C56CD99CA9FE1B738D5BAFE5ACF16B2652625D47E36BFC239A991E59A7A03","Other / Review","Review","MANUAL REVIEW","REVIEW","No strong regulatory signal detected from filename","","",""
"b) Quick Reference Guide_0d2df81f.pdf",,,"E734FC46D61039D0D3D68EA2427B9B389234481CDFD8A6A102E7D38F22656330","Other / Review","Review","MANUAL REVIEW","REVIEW","No strong regulatory signal detected from filename","","",""
"b) Quick Reference Guide_4c51b27b.pdf",,,"C8D96335B217AB6487E931F164D72093D7F4A844785D783D6CEA402F549D521D","Other / Review","Review","MANUAL REVIEW","REVIEW","No strong regulatory signal detected from filename","","",""
"b) Quick Reference Guide_51682d59.pdf",,,"2AF01AB42A64A647EA2AA0120AD6070E449118D135F505700EF0DEDF938564C2","Other / Review","Review","MANUAL REVIEW","REVIEW","No strong regulatory signal detected from filename","","",""
"b) Quick Reference Guide_5cbc8467.pdf",,,"D5AE300EA6299EBDC63ED758188C89CCB6B910B2CDCE79B75D5475A6FAE2D213","Other / Review","Review","MANUAL REVIEW","REVIEW","No strong regulatory signal detected from filename","","",""
"b) Quick Reference Guide_6c52ed7f.pdf",,,"94D7F9EAD41DB7D5388B936E43BE945BFE60DEA754F20F8B56084B834404029F","Other / Review","Review","MANUAL REVIEW","REVIEW","No strong regulatory signal detected from filename","","",""
"b) Quick Reference Guide_98a2299e.pdf",,,"0D25982C1A3D573DBB9619D2876A80CA12B4AC88CB2E605C99D377D76CE839BA","Other / Review","Review","MANUAL REVIEW","REVIEW","No strong regulatory signal detected from filename","","",""
"b) Quick Reference Guide_af9910df.pdf",,,"80D500CE992500D8807EFAFD6864CD3518103CAF2E6149755F31FE87BE26CDA6","Other / Review","Review","MANUAL REVIEW","REVIEW","No strong regulatory signal detected from filename","","",""
"b) Quick Reference Guide_e2c82758.pdf",,,"62DE7CCC3B98E5E8B368CDAB9ABCF3E89CF6F1FE4E8173BE6B594D448145CB1B","Other / Review","Review","MANUAL REVIEW","REVIEW","No strong regulatory signal detected from filename","","",""
"b09f1edf31a9165aebf486a55bbe54f5_227c75f0.pdf",,,"21AC2E5824F754F0DB29B55F5F45798F8948BEB404BD4D72846EEFEE1E70F2B7","Other / Review","Review","MANUAL REVIEW","REVIEW","No strong regulatory signal detected from filename","","",""
"Background note.pdf",,,"527E88E37D6935C5C7A103BD33B1B22B22412CD86F8EBB7AF7C583BDAE580ECD","Other / Review","Review","MANUAL REVIEW","REVIEW","No strong regulatory signal detected from filename","","",""
"c605f3d8993c1ea43937354a8970d104_274e13d8.pdf",,,"88C1763F39E00437ACCAD91FB4F867F3A90ECA6F5D8254F61540552A3E3F36B0","Other / Review","Review","MANUAL REVIEW","REVIEW","No strong regulatory signal detected from filename","","",""
"cc217843dc3bcb37b2b05bcc3b4e031f_66db4fbdf3.pdf",,,"5CC76D1FEDF9F93655EF92A297DD7E590A78A145BA0D25A40FE2190FAECAE65B","Other / Review","Review","MANUAL REVIEW","REVIEW","No strong regulatory signal detected from filename","","",""
"cdc59be4f64be9217515d5c5cf618da9_f2bd4918.pdf",,,"08049EF5E1233AF4AB0077C4102C714C96657B68F232E51F719B0996090A8FFB","Other / Review","Review","MANUAL REVIEW","REVIEW","No strong regulatory signal detected from filename","","",""
"Checklist for District Collectors_Coordinators.pdf",,,"0F337E64FCB2F9069F185C037B10582D040EDE76BBCF4B482A985C55106054EC","Other / Review","Review","MANUAL REVIEW","REVIEW","No strong regulatory signal detected from filename","","",""
"Checklist for State Secretaries.pdf",,,"CB912EED2970AE88453FC95A19DD09ACDE31F652043891A78A4144938287A98A","Other / Review","Review","MANUAL REVIEW","REVIEW","No strong regulatory signal detected from filename","","",""
"Checklist for ULB_Ward Nodal Officers.pdf",,,"D54DC136F10FD7332640540D7670EFD068E590319EAAAD835F4086AD6E24EACC","Other / Review","Review","MANUAL REVIEW","REVIEW","No strong regulatory signal detected from filename","","",""
"Collection Centres and point of care testing etc. (502.31 KB )_1f5ace4e.pdf",,,"279010D472E3F8F733C52B6BAD9B410E97368986696009E416976090AA782324","Other / Review","Review","MANUAL REVIEW","REVIEW","No strong regulatory signal detected from filename","","",""
"Dental Lab (204.6 KB )_386aa5c5.pdf",,,"55888B449094BA1E6CEE645C7653BCFC1F30B94963D116077D828D06C9456820","Other / Review","Review","MANUAL REVIEW","REVIEW","No strong regulatory signal detected from filename","","",""
"do5GahELoz4cmMVrnbHsBATwu0LhtoPk3WtPztwE_1f72d19ff6.pdf",,,"D941D15A0C6319D2AF80C1E56B8796018376727328AA6B21F00B9EF53272DEF3","Other / Review","Review","MANUAL REVIEW","REVIEW","No strong regulatory signal detected from filename","","",""
"Download this Document.pdf",,,"01466D90108C988EF60202060D972EF3FF8A7E8B2D91127A0D98434F5BB1E226","Other / Review","Review","MANUAL REVIEW","REVIEW","No strong regulatory signal detected from filename","","",""
"Download.pdf",,,"ABCF388609476F82ED69098BF59FD6EB3DCA5A50381859F63EE3DECAE46307B6","Other / Review","Review","MANUAL REVIEW","REVIEW","No strong regulatory signal detected from filename","","",""
"Draft_guidance_note_on_untied_funds_13b2823e.pdf",,,"36EB8C2644C0A78A4141BA0F1F147B64FE88F420839FA2552638D391032FB02A","Other / Review","Review","MANUAL REVIEW","REVIEW","No strong regulatory signal detected from filename","","",""
"ecc507d177d47211fab41162b1f21271_776c1ab0.pdf",,,"FC332929A1F68C82D2F6DBF1922F9CA06A5AF286AC41FF52154721BB4BF47CB3","Other / Review","Review","MANUAL REVIEW","REVIEW","No strong regulatory signal detected from filename","","",""
"EsC1D3C4pllbq186EDqZxfN01cHjDZdOAXAK1Bea_80e6de8a71.pdf",,,"7A7925C5DB743BC3A798FB838CBDEA6217E75BEC1E8B2A4FB5AD8F11C344987C","Other / Review","Review","MANUAL REVIEW","REVIEW","No strong regulatory signal detected from filename","","",""
"Hair Transplant Center (83.87 KB )_9c34a4c9.pdf",,,"9A50FABEF7BF48EF9CF5F77F451DA8E20DEE25CBC1C39323D132A98253F245B9","Other / Review","Review","MANUAL REVIEW","REVIEW","No strong regulatory signal detected from filename","","",""
"Homoeopathy (1.23 MB )_f2f51a3d.pdf",,,"B6AB83904E827DB8C663BBDBE6FF681A24C32F0A8D5E0F2CBDEE9C1D320CD621","Other / Review","Review","MANUAL REVIEW","REVIEW","No strong regulatory signal detected from filename","","",""
"Jan_Aarogya_Samiti_Web_Compressed_11742585.pdf",,,"06DF7932147647D9C27019911A253EC6CDB4565CF8B6C2EE1BB5B1B5718450E7","Other / Review","Review","MANUAL REVIEW","REVIEW","No strong regulatory signal detected from filename","","",""
"jZVZXE6Ckm7GWp9mv4cn0xEsv3t91EBm5Bgbw28P_d3e293fac3.pdf",,,"B3D7EF920FF68DB55EB795229BE6B49CF84535BDEED50D2E81C0102C70B5D02B","Other / Review","Review","MANUAL REVIEW","REVIEW","No strong regulatory signal detected from filename","","",""
"KEpwkMzgUwYNR49OrJaqvLcIpeytGPg7XGcorhTg_e8cef64166.pdf",,,"338DFADB112914010E69D4CF708F148AE48A8BD456B061F3D2276FAFA13F3532","Other / Review","Review","MANUAL REVIEW","REVIEW","No strong regulatory signal detected from filename","","",""
"Mobile Dental Van (284.1 KB )_48efd80d.pdf",,,"40D90F4295A9299AC8F996C707B023C0081995CDB32478267CDB80A476E1AACA","Other / Review","Review","MANUAL REVIEW","REVIEW","No strong regulatory signal detected from filename","","",""
"Model Tender Document for ISA Volume I.pdf",,,"B83650D4897B1F87B50A833840D0E0104E138482066410B10774F874ACF7A225","Other / Review","Review","MANUAL REVIEW","REVIEW","No strong regulatory signal detected from filename","","",""
"Model Tender Document for ISA Volume II.pdf",,,"983272D61723FD7CA37EB489032558A292C5DEFEFA6AEE5648ECDF3B3B16B42E","Other / Review","Review","MANUAL REVIEW","REVIEW","No strong regulatory signal detected from filename","","",""
"Model Tender Document for ISA Volume III version 2.0.pdf",,,"5481D48431E55BCDA54389B3E89F2E81CA7467B20BA0DE3BEF4FE260FE3EFAA3","Other / Review","Review","MANUAL REVIEW","REVIEW","No strong regulatory signal detected from filename","","",""
"Naturopathy (921.3 KB )_ab458bbe.pdf",,,"299DA70BC8A1BE6EE475901D82AEBA80833760CA3C50F224FBCC42C28E93AEB2","Other / Review","Review","MANUAL REVIEW","REVIEW","No strong regulatory signal detected from filename","","",""
"NHA OM - 6.pdf",,,"49346D79097594D8E4CC3977738F302553DAE17F662FF022E5E68D54CB3D2F0D","Other / Review","Review","MANUAL REVIEW","REVIEW","No strong regulatory signal detected from filename","","",""
"NHA OM on Covid - 1.pdf",,,"9820103A2D33BDFD5320BEE25E7CC97CFC9D513F5A2F72319D03279919A051C0","Other / Review","Review","MANUAL REVIEW","REVIEW","No strong regulatory signal detected from filename","","",""
"nzyjp7JUGsKuXhSHnhNzeCvHNnaiXciXeusaiHr9_78dd89af74.pdf",,,"B7BF09BC8C94E3D74BE9782ACC0CB359FE9D428E92AC16EB2AC9334704BB383D","Other / Review","Review","MANUAL REVIEW","REVIEW","No strong regulatory signal detected from filename","","",""
"o67fwyKJjRIJ2zLukPlJjqffWfj5aF3opCDVaIlu_058f1b0ee1.pdf",,,"F617D9FC801FB0FB335F902508472164DCA0A43400654491FC31CF322418F7E5","Other / Review","Review","MANUAL REVIEW","REVIEW","No strong regulatory signal detected from filename","","",""
"OM Dt. 1 Dec - 2.pdf",,,"D89CD08816A211950F88B43124DB346D4DFFC111C52509EFE72BDCEF04D96BF4","Other / Review","Review","MANUAL REVIEW","REVIEW","No strong regulatory signal detected from filename","","",""
"Oral_Health_(Inner)-_Brown_(FINAL)_92f104ec.pdf",,,"35F27B70EA19F8C3DF1EB9142A5332F5997F41595C78151C5827FDE0C952575E","Other / Review","Review","MANUAL REVIEW","REVIEW","No strong regulatory signal detected from filename","","",""
"Physiotherapy Centre (290.18 KB )_4ba34dd3.pdf",,,"7CD3FA94D92BE644D895020DC4BD9B235455CDF5B56B047095EFC6A5CA9F7D81","Other / Review","Review","MANUAL REVIEW","REVIEW","No strong regulatory signal detected from filename","","",""
"Presentation.pdf",,,"A78B2DB4F42DA9B611E9205A45C48EF05ECE8EB017AEC2BE6D7B96829A968463","Other / Review","Review","MANUAL REVIEW","REVIEW","No strong regulatory signal detected from filename","","",""
"Release of Grant in Aid-Trust Mode.pdf",,,"3B9ECEF4AEE30C4C3F6298ABDFDA80828A5AFCAD610939F42F55458D99D2BFDA","Other / Review","Review","MANUAL REVIEW","REVIEW","No strong regulatory signal detected from filename","","",""
"Siddha (1.27 MB )_759592c7.pdf",,,"7480C795975136F9CEB3F32B5E09AF401FFA77E71912EF7A867D90A0E15FA7DE","Other / Review","Review","MANUAL REVIEW","REVIEW","No strong regulatory signal detected from filename","","",""
"Sowa-Rigpa (1.16 MB )_ffb9616f.pdf",,,"9598AA2D49898657209E4661C5C85636EC09477356AC2E12EA27F983E2D7B920","Other / Review","Review","MANUAL REVIEW","REVIEW","No strong regulatory signal detected from filename","","",""
"Unani (1.35 MB )_e48ef983.pdf",,,"3A2233C77E19118347F34F9F066503643930F1DD1692FFD3295E236D47624BD1","Other / Review","Review","MANUAL REVIEW","REVIEW","No strong regulatory signal detected from filename","","",""
"Volunteer Application Form.pdf",,,"A75AD516EE62A9625D071021E845BBB5E2374E5BDAA2F50FE1B7473D5861E26C","Other / Review","Review","MANUAL REVIEW","REVIEW","No strong regulatory signal detected from filename","","",""
"YOGA (822.68 KB )_a0b00ce1.pdf",,,"09077C464AAA06848090DEC23B40D0D2D93051B9132B957ECE932F76BD71ACB6","Other / Review","Review","MANUAL REVIEW","REVIEW","No strong regulatory signal detected from filename","","",""
"सीईए के लिए परिचालन दिशानिर्देश_83c8fb9b.pdf",,,"B12FD98D777E1F94D7074039A8344F0B76C05DC7329335216549BD5D8FFA3C0D","Other / Review","Review","MANUAL REVIEW","REVIEW","No strong regulatory signal detected from filename","","",""
