status,category,filename,size,source_title,url
FAILED,AERB,regdocMS24h_a0a20f0da5.pdf,0,Medical Diagnostic X Ray Safety Code,https://www.aerb.gov.in/storage/uploads/documents/regdocMS24h.pdf
FAILED,BIOMEDICAL_WASTE,showfile_93da891ea2.pdf,0,Biomedical Waste Management Amendment Rules 2018,https://upload.indiacode.nic.in/showfile?actid=AC_CEN_16_18_00011_198629_1517807327582&filename=Bio+medical+waste+management+%28amendment%29183847.pdf&type=rule
DOWNLOADED,CEA,2141_0_0_0_1cb14261c1.pdf,1193159,Gazette Notification Dated 24th May 2021 for Constitution of National Council for Clinical Establishments (1.14 MB ),https://clinicalestablishments.mohfw.gov.in/sites/default/files/2023-06/2141_0_0_0.pdf
DOWNLOADED,CEA,4161_9260aec018.pdf,2033496,"Gazette Notification of  Clinical Establishments (Central Government) Amendment Rules, 2018 [Minimum Standards for Medical Diagnostic Laboratories (or Pathological Laboratories)] (1.94 MB )",https://clinicalestablishments.mohfw.gov.in/sites/default/files/2023-06/4161.pdf
DOWNLOADED,CEA,511_0_db61ab8e33.pdf,32768,"Gazette Notification of Clinical Establishments (Registration and Regulation) ACT, 2010, Dated 28 Febtruary 2012 (32 KB )",https://clinicalestablishments.mohfw.gov.in/sites/default/files/2023-06/511_0.pdf
DOWNLOADED,CEA,5511_0_f0abdc3469.pdf,1126538,"Gazette Notification of  Clinical Establishments (Central Government)Amendment Rules, 2020 [Amendment in part III a) in respect of human resource minimum standards for Medical Diagnostic Laboratories (or Pathological Laboratories)]  (1.07 MB )",https://clinicalestablishments.mohfw.gov.in/sites/default/files/2023-06/5511_0.pdf
DOWNLOADED,CEA,Clinical_Establishment_Gazette_rules_2012_compressed_42b50427c5.pdf,2185717,Clinical Establishments (Central Government) Rules 2012(Hindi and English),https://clinicalestablishments.mohfw.gov.in/themes/clinical/images/Clinical_Establishment_Gazette_rules_2012_compressed.pdf
DOWNLOADED,DPDP,53450e6e5dc0bfa85ebd78686cadad39_699aa0b027.pdf,2492944,Digital Personal Data Protection Rules 2025,https://www.meity.gov.in/static/uploads/2025/11/53450e6e5dc0bfa85ebd78686cadad39.pdf
DOWNLOADED,DPDP,Digital-Personal-Data-Protection-Act-2023-1_b2fe3e0ace.pdf,182082,Digital Personal Data Protection Act 2023,https://www.meity.gov.in/static/uploads/2024/02/Digital-Personal-Data-Protection-Act-2023-1.pdf
DOWNLOADED,DPDP,cc217843dc3bcb37b2b05bcc3b4e031f_66db4fbdf3.pdf,1804307,Establishment of Data Protection Board of India,https://www.meity.gov.in/static/uploads/2025/11/cc217843dc3bcb37b2b05bcc3b4e031f.pdf
FAILED,HIV_AIDS,Centre Rules_1a48e49808.pdf,0,HIV AIDS Central Government Rules 2018,https://naco.mohfw.gov.in/files/Centre%20Rules.pdf
FAILED,HIV_AIDS,HIV and AIDS Act- English_edc719a9f1.pdf,0,HIV AIDS Act 2017 English,https://naco.gov.in/sites/default/files/HIV%20and%20AIDS%20Act-%20English.pdf
FAILED,MENTAL_HEALTHCARE,"Mental Healthcare Act, 2017_0_abafa35641.pdf",0,Mental Healthcare Act 2017,https://www.mohfw.gov.in/sites/default/files/Mental%20Healthcare%20Act%2C%202017_0.pdf
FAILED,MTP_PCPNDT,197134_f00f59bf00.pdf,0,Medical Termination of Pregnancy Act 1971,https://www.indiacode.nic.in/bitstream/123456789/1593/1/197134.pdf
FAILED,MTP_PCPNDT,199457_642b3a967d.pdf,0,PCPNDT Act 1994,https://www.indiacode.nic.in/bitstream/123456789/1937/1/199457.pdf
FAILED,NCAHP,a2021-14_94dbdf8860.pdf,0,National Commission for Allied and Healthcare Professions Act 2021,https://www.indiacode.nic.in/bitstream/123456789/16824/1/a2021-14.pdf
DOWNLOADED,NMC,0p8tXc4KrykzGDfjaBiH6fYIL586iivdZhx94B1f_762fe51b63.pdf,1121669,2.3. Public Notice- Guidelines on Temporary Registration 18.01.2024,https://nmc.org.in/storage/cms/rules-regulation-nmc/0p8tXc4KrykzGDfjaBiH6fYIL586iivdZhx94B1f.pdf
DOWNLOADED,NMC,1023_87c61a52da.pdf,1266697,"05/09/2026 - Order dated 30-1-26 of Hon'ble Supreme Court in Yash Charitable Trust & Ors vs Union of India & Ors , WP (C) No. 369 of 2022 [2026 InSC 96] -Regulation of Stem Cell Therapy for treatment of ASD of Clinical Practice",https://nmc.org.in/whats-new/download/1023
DOWNLOADED,NMC,1799_82e5f4c573.pdf,704873,14/08/2026 - Draft of (Registration of Medical Practitioners and Licence to Practice Medicine (Amendment) Regulations 2026)_Inviting comments/objections /suggestions from stakeholders/ public REG,https://nmc.org.in/whats-new/download/1799
FAILED,NMC,1802_f88062ae0a.pdf,0,"10/08/2026 - National Patient Safety Conference - 11th & 12th September, 2026.",https://nmc.org.in/whats-new/download/1802
DOWNLOADED,NMC,1803_2fdb516cac.pdf,793619,"05/08/2026 - Addendum to the Notification dated 27-07-26 regarding the ""Guidelines on Assessment of Persons with Benchmark Disabilities (PwBD) for Admission to the MBBS Course, 2026""",https://nmc.org.in/whats-new/download/1803
DOWNLOADED,NMC,1804_3e000fd004.pdf,739479,01/08/2026 - Corrigendum Notice to the Guidelines on Assessment of Persons wth Benchmark Disabilities (PwBD) for admission to the MBBS course 2026.,https://nmc.org.in/whats-new/download/1804
DOWNLOADED,NMC,1805_57f7fdc221.pdf,2995128,27/07/2026 - Guidelines on assessment of PwBD for admission to the MBBS course 2026.,https://nmc.org.in/whats-new/download/1805
DOWNLOADED,NMC,1807_75c389383b.pdf,211522,"23/07/2026 - Operationalization of NMC Online Appeal Portal for filing of Appeals by Registered Medical Practitioners (RMPs) under Section 30(3) & Section 30(4) of the National Medical Commission Act, 2019 - reg.",https://nmc.org.in/whats-new/download/1807
FAILED,NMC,1809_bcc1cbd2aa.pdf,0,"17/07/2026 - Determination of Eligibility for Teaching Positions under the Medical Institutions (Qualifications of Faculty) Regulations, 2025 (MIQF - 2025).",https://nmc.org.in/whats-new/download/1809
DOWNLOADED,NMC,22bEhC9b9MY6TgjvDdFheBsyRYp8Hdj1K0gHsOjD_3e542c102a.pdf,1391519,5. Foreign Medical Graduate Licentiate Regulations 2021 Dated 18.11.2021 (UGMEB),https://nmc.org.in/storage/cms/rules-regulation-nmc/22bEhC9b9MY6TgjvDdFheBsyRYp8Hdj1K0gHsOjD.pdf
DOWNLOADED,NMC,2UINx0Mor4iOnZcIbQlqRO6kUQKNPQcEAJsw48cq_32cab3c17c.pdf,852261,5.1. Public Notice regarding Proposed Draft for Amendment in TEQ Regulations dated 02.11.2022,https://nmc.org.in/storage/cms/rules-regulation-nmc/2UINx0Mor4iOnZcIbQlqRO6kUQKNPQcEAJsw48cq.pdf
DOWNLOADED,NMC,48_d888d00635.pdf,5169568,"16/09/2026 - Guidelines on Assessment of Persons with benchmark Disabilities (PwBD) for admission to the Post Graduate Medical Course, 2026.",https://nmc.org.in/whats-new/download/48
DOWNLOADED,NMC,4rcYmolXQVOo0WCXmyFm9H3QPAFoqqth7JfQwgPe_8954797622.pdf,227398,"5.3 Frequently Asked Questions on Screening Test Regulations dated 22nd February, 2022",https://nmc.org.in/storage/cms/rules-regulation-nmc/4rcYmolXQVOo0WCXmyFm9H3QPAFoqqth7JfQwgPe.pdf
DOWNLOADED,NMC,7aPcSnBjnvyGDkepDXfcPxXMSt1b8MFbYjN4qO7r_3cbd95fa8a.pdf,1538362,5.2. TEQ Amendment Notification dated 31.03.2023,https://nmc.org.in/storage/cms/rules-regulation-nmc/7aPcSnBjnvyGDkepDXfcPxXMSt1b8MFbYjN4qO7r.pdf
DOWNLOADED,NMC,9swVHFlccXINaJjtLmg6EUIHS7zLq2FazMFBZGAk_2f202b5daa.pdf,1286775,"3. National Medical Commission (Recognition of Medical Qualification) Regulations, 2023 Dated 29.12.2023 (PGMEB)",https://nmc.org.in/storage/cms/rules-regulation-nmc/9swVHFlccXINaJjtLmg6EUIHS7zLq2FazMFBZGAk.pdf
DOWNLOADED,NMC,EsC1D3C4pllbq186EDqZxfN01cHjDZdOAXAK1Bea_80e6de8a71.pdf,10206676,"2.1. National Medical Commission (Minimum Standard Requirments) for Under Graduate Courses (Under Establishment of New Medical institutions, starting of New Medical Courses, Increase of seats in MBBS) Guidelines, 2023-reg Dated 16.08.2023",https://nmc.org.in/storage/cms/rules-regulation-nmc/EsC1D3C4pllbq186EDqZxfN01cHjDZdOAXAK1Bea.pdf
FAILED,NMC,Ethics-Regulations-2002_a9cd71da04.pdf,0,NMC Code of Medical Ethics Regulations 2002,https://www.nmc.org.in/wp-content/uploads/2017/10/Ethics-Regulations-2002.pdf
DOWNLOADED,NMC,G83KmfBTvRKFfp99s6Vvjuuw3gJ7WM2ZP28Z3Zhk_bb7d6d7e4d.pdf,1722538,"2. Graduate Medical Education Regulations, 2023 Dated 02.06.2023 (UGMEB)",https://nmc.org.in/storage/cms/rules-regulation-nmc/G83KmfBTvRKFfp99s6Vvjuuw3gJ7WM2ZP28Z3Zhk.pdf
DOWNLOADED,NMC,HoMeYRMw6xcoyvIcF0xsoffiIeULxM38GXOTk7yZ_f200eb9792.pdf,92569,3.1. FAQs on Recognition Regulation 2023 dated 05.01.2024,https://nmc.org.in/storage/cms/rules-regulation-nmc/HoMeYRMw6xcoyvIcF0xsoffiIeULxM38GXOTk7yZ.pdf
DOWNLOADED,NMC,KEpwkMzgUwYNR49OrJaqvLcIpeytGPg7XGcorhTg_e8cef64166.pdf,1196344,1.1 National Medical Commission Registered Medical Practioner (Professional Conduct) (Amendmend) Regulation 2023 Dated 23.08.2023- Amendment Notification Keeping Regulation Dated 02.08.2023 in Abeyance,https://nmc.org.in/storage/cms/rules-regulation-nmc/KEpwkMzgUwYNR49OrJaqvLcIpeytGPg7XGcorhTg.pdf
DOWNLOADED,NMC,Lpv9Va5WsAzpQmISmwAMWmsefK2nOEroAdNZkVJC_0490c3c8ca.pdf,1958800,4. Compulsory Rotating Medical Internship Regulations 2021 Dated 18.11.2021 (UGMEB),https://nmc.org.in/storage/cms/rules-regulation-nmc/Lpv9Va5WsAzpQmISmwAMWmsefK2nOEroAdNZkVJC.pdf
DOWNLOADED,NMC,NtDRUonQxfCn8irHV6nI1yUdvVlHFzsVGgva0N6r_89ec7ab956.pdf,258740,4.3. Minimum Standard of Requirements for Post-Graduate Courses 2023 dated 15.01.2024,https://nmc.org.in/storage/cms/rules-regulation-nmc/NtDRUonQxfCn8irHV6nI1yUdvVlHFzsVGgva0N6r.pdf
DOWNLOADED,NMC,QZSDeGu7WXS9MMI0dL5ZR1EbS48kLaFbvMTpww2B_dc69c822ee.pdf,1278827,"1. Medical Institutions (Qualification of Faculty)Regulation, 2025 dated 30.06.2025 (PGMEB)",https://nmc.org.in/storage/cms/rules-regulation-nmc/QZSDeGu7WXS9MMI0dL5ZR1EbS48kLaFbvMTpww2B.pdf
DOWNLOADED,NMC,QwhpGdAJfo2yFLcbox9qHeAAJ4ZVhjAxq2CU2YlG_1d63383997.pdf,811866,"2.a. Graduate Medical Education Regulations, 2023 Amendment-Notification Dated 16.06.2023",https://nmc.org.in/storage/cms/rules-regulation-nmc/QwhpGdAJfo2yFLcbox9qHeAAJ4ZVhjAxq2CU2YlG.pdf
DOWNLOADED,NMC,SpW095fkMtG95WVSBndUT4hvbIDJZP5cwvXqKmIS_663495138c.pdf,431689,2.2.a.Corrigendum CBME Curriculum dated 01.09.2023,https://nmc.org.in/storage/cms/rules-regulation-nmc/SpW095fkMtG95WVSBndUT4hvbIDJZP5cwvXqKmIS.pdf
DOWNLOADED,NMC,St3HZdCApLritNHkt2kYvveP5SmsodlCoj2I0e0K_808e960764.pdf,118551,1.1 Public Notice on NExT Dated 13.07.2023 Deferring the NExT Examination,https://nmc.org.in/storage/cms/rules-regulation-nmc/St3HZdCApLritNHkt2kYvveP5SmsodlCoj2I0e0K.pdf
DOWNLOADED,NMC,TmpwUIOPmX9ZyKZrh2KCeXvijIvO4A7IrYlspvwW_4b5b7044c6.pdf,639393,2.1.b. Amendment Notification in UGMSR 2023 Guideline Dated 23.04.2026.,https://nmc.org.in/storage/cms/rules-regulation-nmc/TmpwUIOPmX9ZyKZrh2KCeXvijIvO4A7IrYlspvwW.pdf
DOWNLOADED,NMC,Tyk9J85vwoU2xStOh4QNvQLueFLZGH6O85HwPqX6_649b012ad7.pdf,98373,"4.2. FAQ on MSMER, 2023 dated 05.01.2024",https://nmc.org.in/storage/cms/rules-regulation-nmc/Tyk9J85vwoU2xStOh4QNvQLueFLZGH6O85HwPqX6.pdf
DOWNLOADED,NMC,V2DvjM4NiDLYroNAyPmg0KK95sLUTMnWbjTdcDO2_e92b51037c.pdf,1297528,"2. Post-Graduate Medical Education Regulations, 2023 dated 29.12.2023 (PGMEB)",https://nmc.org.in/storage/cms/rules-regulation-nmc/V2DvjM4NiDLYroNAyPmg0KK95sLUTMnWbjTdcDO2.pdf
DOWNLOADED,NMC,WCV2WyMwAKXFRrCK5DjIdFUQ1Y5qTgZOoB8lURQX_30effffab7.pdf,1348855,"1. NMC, National Exit Test Regulations, 2023 Dated 27.06.2023 (NMC)",https://nmc.org.in/storage/cms/rules-regulation-nmc/WCV2WyMwAKXFRrCK5DjIdFUQ1Y5qTgZOoB8lURQX.pdf
DOWNLOADED,NMC,WFMECertificateofRecognitionStatus_5d43ac46ed.pdf,418954,,https://nmc.org.in/storage/new/WFMECertificateofRecognitionStatus.pdf
DOWNLOADED,NMC,YTW423v3EsCFdtPv3I5qZkaNNhuXfub42UZITDRM_bd83f26b03.pdf,4113924,2.3.Competency Based Medical Education (CBME) Curriculum 2024 dated 12.09.2024,https://nmc.org.in/storage/cms/rules-regulation-nmc/YTW423v3EsCFdtPv3I5qZkaNNhuXfub42UZITDRM.pdf
DOWNLOADED,NMC,YTXtXo4jg8rF1oti1OoeyStBhePAQ5NoS3qVE16H_0317562a0b.pdf,1874589,"5. Teachers Eligibility Qualification in Medical Institutions Regulations, 2022 Dated 14.02.2022 (PGMEB)",https://nmc.org.in/storage/cms/rules-regulation-nmc/YTXtXo4jg8rF1oti1OoeyStBhePAQ5NoS3qVE16H.pdf
DOWNLOADED,NMC,c6KkbHyyypfxdX7qIv5FRGDWbZ95iK24bcljqUlR_d4c28e5553.pdf,1748750,"1. Establishment of Medical institutions, Assessment & Rating Regulations, 2023 Dated 02.06.2023 (MARB)",https://nmc.org.in/storage/cms/rules-regulation-nmc/c6KkbHyyypfxdX7qIv5FRGDWbZ95iK24bcljqUlR.pdf
DOWNLOADED,NMC,cFsc3VXVrfiWx8to0tPF8J5bKFLI9XIXfDaM0Vwl_298a5b5328.pdf,5115904,2.2.Competency Based Medical Education (CBME) Guideline dated 01.08.2023,https://nmc.org.in/storage/cms/rules-regulation-nmc/cFsc3VXVrfiWx8to0tPF8J5bKFLI9XIXfDaM0Vwl.pdf
DOWNLOADED,NMC,do5GahELoz4cmMVrnbHsBATwu0LhtoPk3WtPztwE_1f72d19ff6.pdf,2514576,"1. National Medical Commission Registered Medical Practitioner (Professional Conduct) Regulations, 2023- reg Dated 02.08.2023 (EMRB - ETHICS).",https://nmc.org.in/storage/cms/rules-regulation-nmc/do5GahELoz4cmMVrnbHsBATwu0LhtoPk3WtPztwE.pdf
INVALID_NOT_PDF,NMC,document-viewer_1a1cc49c84.pdf,33743,Graduate Medical Education Regulations 1997 (Amendment Dated 04.11.2019 (UGMEB),https://nmc.org.in/document-viewer?file=https%3A%2F%2Fnmc.org.in%2F19GraduateMedicalEducationRegulations1997Amendment04112019-2.pdf&title=Graduate%20Medical%20Education%20Regulations%201997%20%28Amendment%20Dated%2004.11.2019%20%28UGMEB%29
INVALID_NOT_PDF,NMC,document-viewer_6797582305.pdf,33759,"Establishment of Medical College Regulation,(Amendment), 2020 Dated 28.10.2020 (MARB)",https://nmc.org.in/document-viewer?file=https%3A%2F%2Fnmc.org.in%2F2EstablishmentofMedicalCollegeRegulationsAmendment2022NMC-2.pdf&title=Establishment%20of%20Medical%20College%20Regulation%2C%28Amendment%29%2C%202020%20Dated%2028.10.2020%20%28MARB%29
DOWNLOADED,NMC,eWShKnF8Vo2tv6sI1Z5Nkv2G5d1rTGZeCNtCkpGj_0866e996a9.pdf,1329872,2.1. FAQs on PGMER-2023 dated 10.04.2024,https://nmc.org.in/storage/cms/rules-regulation-nmc/eWShKnF8Vo2tv6sI1Z5Nkv2G5d1rTGZeCNtCkpGj.pdf
DOWNLOADED,NMC,fzR5SHdI5dNhLCPbGWQNS6WhYGVohp8FRY7AWh7t_a29d7269aa.pdf,250969,"2.3.a. Additional clarification on CBME Guideline, 2024 published on 12.09.2024 dated 10.10.2024",https://nmc.org.in/storage/cms/rules-regulation-nmc/fzR5SHdI5dNhLCPbGWQNS6WhYGVohp8FRY7AWh7t.pdf
DOWNLOADED,NMC,iFB9GIjrd5y98IADDnFGyTzqgguiEYO5HI37Jh6L_9ee360587e.pdf,179455,1.1 Public Notice_FAQ_merged dated 28.10.2025,https://nmc.org.in/storage/cms/rules-regulation-nmc/iFB9GIjrd5y98IADDnFGyTzqgguiEYO5HI37Jh6L.pdf
DOWNLOADED,NMC,jZVZXE6Ckm7GWp9mv4cn0xEsv3t91EBm5Bgbw28P_d3e293fac3.pdf,2358286,1. Interim Guidelines on assessment method for granting admission in MBBS Course for PwBD Candidates for A.Y. 2025 to 26 dated 19.07.2025 (UGMEB),https://nmc.org.in/storage/cms/rules-regulation-nmc/jZVZXE6Ckm7GWp9mv4cn0xEsv3t91EBm5Bgbw28P.pdf
DOWNLOADED,NMC,mCMboVaMMdlR8sYWcwwnwPlpzIoRvKHWVomoWGmo_895201b802.pdf,56371,"5.1 Frequently Asked Questions dated 08th June, 2026",https://nmc.org.in/storage/cms/rules-regulation-nmc/mCMboVaMMdlR8sYWcwwnwPlpzIoRvKHWVomoWGmo.pdf
DOWNLOADED,NMC,nzyjp7JUGsKuXhSHnhNzeCvHNnaiXciXeusaiHr9_78dd89af74.pdf,99770,"2.2. Advisory - Processing of application of Temporary Registration to the foreign medical practitioners sponsored by any Institute,Hospital in the country- dated 23.08.2023",https://nmc.org.in/storage/cms/rules-regulation-nmc/nzyjp7JUGsKuXhSHnhNzeCvHNnaiXciXeusaiHr9.pdf
DOWNLOADED,NMC,o67fwyKJjRIJ2zLukPlJjqffWfj5aF3opCDVaIlu_058f1b0ee1.pdf,201327,2.1. Processing of application of Temporary Registration to the foreign medical practitioners sponsored by any Institute Hospital in the country 31.08.2024,https://nmc.org.in/storage/cms/rules-regulation-nmc/o67fwyKJjRIJ2zLukPlJjqffWfj5aF3opCDVaIlu.pdf
DOWNLOADED,NMC,r8U7pPMcaKiy3zeTECKFWDBdi9qB0G0tDVwcyIP8_32a2f2ae0a.pdf,251438,2.2.b.Corrigendum CBME Curriculum dated 03.10.2023,https://nmc.org.in/storage/cms/rules-regulation-nmc/r8U7pPMcaKiy3zeTECKFWDBdi9qB0G0tDVwcyIP8.pdf
DOWNLOADED,NMC,s06YySkpZ3WUITrhnbN4e7bWnNq7Ypy6Zl6WLUdC_d3332663ad.pdf,585193,2.1.a. Amendment Notification in UGMSR 2023 Guideline Dated 02.07.2025,https://nmc.org.in/storage/cms/rules-regulation-nmc/s06YySkpZ3WUITrhnbN4e7bWnNq7Ypy6Zl6WLUdC.pdf
DOWNLOADED,NMC,wjR0v4YimW5NTpLuGO4Ixq1XkmCrA7Yd9bqsVpbH_fe1f922c10.pdf,1057931,4.1 RevisedSR-2024 dated 23.08.2024,https://nmc.org.in/storage/cms/rules-regulation-nmc/wjR0v4YimW5NTpLuGO4Ixq1XkmCrA7Yd9bqsVpbH.pdf
DOWNLOADED,NMC,y5UgafKqf54NYesTb76kwm6MlwFfVn6NDB0R4ZFT_dafa736a36.pdf,1293163,"4. Maintenance of standards of Medical Education Regulation, 2023 dated 19.09.2023 (PGMEB)",https://nmc.org.in/storage/cms/rules-regulation-nmc/y5UgafKqf54NYesTb76kwm6MlwFfVn6NDB0R4ZFT.pdf
DOWNLOADED,NMC,yFQCJ2Bf9yZU5zBfLCNUFIFG2E3optNdIAQfas9Z_7457376ef2.pdf,1085400,"5.2 Frequently Asked Questions on FMGL Regulations dated 22nd February, 2022",https://nmc.org.in/storage/cms/rules-regulation-nmc/yFQCJ2Bf9yZU5zBfLCNUFIFG2E3optNdIAQfas9Z.pdf
DOWNLOADED,NMC,yU2SAi2t2zlfbXoTSXbrFzYcG8eRMTBsriQyaGPA_959d8e46d8.pdf,1388093,"2. Registration of Medical Practitioners and Licence to Practice Medicine Regulations, 2023 Dated 10.05.2023 (EMRB-Registration)",https://nmc.org.in/storage/cms/rules-regulation-nmc/yU2SAi2t2zlfbXoTSXbrFzYcG8eRMTBsriQyaGPA.pdf
