title,url,filename,status,reason
"Extension of registration of real estate projects due to ‘Force Majeure’ under the provisions of Real Estate (Regulation and Development Act), 2016 as per the Advisory issued by Ministry of Housing and Urban Affairs (Housing Division)",https://rera.karnataka.gov.in/reraDocument?DOC=IU%2BDzOtOiEch%2FpxVM2471A%3D%3D,KRERA_CORE_RETRY_01.pdf,DOWNLOADED,
"Regarding procedure to be followed in case of recovery of monetary and non-monetary reliefs in terms of orders passed on complaints filed under Section 31 of the RERA Act, 2016",https://rera.karnataka.gov.in/reraDocument?DOC=U3p%2BTArM6QVanrCS%2F9WCNQ%3D%3D,KRERA_CORE_RETRY_02.pdf,DOWNLOADED,
"Submission of Quarterly Progress Reports (QPRs) for the financial year 2026-27 in Compliance with the Real Estate (Regulation and Development) Act, 2016-Reg",https://rera.karnataka.gov.in/reraDocument?DOC=trzaykgcDNeB05XGd5oQGw%3D%3D,KRERA_CORE_RETRY_03.pdf,DOWNLOADED,
Corrigendum to the Circular on Imposition of Penalty for Non-Submission and Delay in Submission of Quarterly Progress Reports for the Financial Year 2025-26,https://rera.karnataka.gov.in/reraDocument?DOC=MJNv%2F%2FIxCikkmcIrmLbh3w%3D%3D,KRERA_CORE_RETRY_04.pdf,DOWNLOADED,
Imposing penalty for Non-Submission and Delay in Submission of Quarterly Progress Reports for the financial Years from the financial year 2017-18 till completion of Quarter-4 of the financial year 2024-25,https://rera.karnataka.gov.in/reraDocument?DOC=IWwJKkSGsh0PdQ7eDiUFqg%3D%3D,KRERA_CORE_RETRY_05.pdf,DOWNLOADED,
"Final Extension of time for submission of Annual Audit Report of the financial year 2024-25 as per section 4(2)(l)(D) of the RERA Act, 2016",https://rera.karnataka.gov.in/reraDocument?DOC=%2F4Q1b265j%2FXMK6Po9eJVfg%3D%3D,KRERA_CORE_RETRY_06.pdf,DOWNLOADED,
"Extension of time for submission of Annual Audit Report of the financial year 2024-25 as per section 4(2)(l)(D) of the RERA Act, 2016",https://rera.karnataka.gov.in/reraDocument?DOC=5PnIl74DEyqWjdY2AM%2FeGw%3D%3D,KRERA_CORE_RETRY_07.pdf,DOWNLOADED,
"Extension of Time for Submission of Annual Audit Report for the financial year 2023-24 as per Section 4(2)(l)(D) of the RERA Act, 2016",https://rera.karnataka.gov.in/reraDocument?DOC=Hp0Owd%2FxjJtROB%2B%2FV4EJuw%3D%3D,KRERA_CORE_RETRY_08.pdf,DOWNLOADED,
"Final Extension of Time for Submission of Annual Audit report as per Section 4(2)(l)(D) of the RERA Act, 2016 for the financial year ending 31st March 2023",https://rera.karnataka.gov.in/reraDocument?DOC=%2BOUz3t0lMvSWJncss4S0vg%3D%3D,KRERA_CORE_RETRY_09.pdf,DOWNLOADED,
"Submission of Annual Audit report as per Section 4(2)(l)(D) of the RERA Act, 2016 for the financial year ending 31st March 2023",https://rera.karnataka.gov.in/reraDocument?DOC=FQZU3AlKamOzbIypOI83VQ%3D%3D,KRERA_CORE_RETRY_10.pdf,DOWNLOADED,
Mandatory deposit of money into the RERA project designated bank account borrowed by the promoter by mortgage of the project land and utilisation for the same project development purposes.,https://rera.karnataka.gov.in/reraDocument?DOC=tpWZ%2FIOXx5opZZru3xX9wA%3D%3D,KRERA_CORE_RETRY_11.pdf,DOWNLOADED,
ಕೋವಿಡ್-19 ಹಿನ್ನೆಲೆಯಲ್ಲಿ ಪ್ರಾಧಿಕಾರದ ನೋಂದಾಯಿತ ರಿಯಲ್ ಎಸ್ಟೇಟ್ ಯೋಜನೆಗಳನ್ನು ಪೂರ್ಣಗೊಳಿಸುವ ಅವಧಿಯನ್ನು “Force Majeure” ಅಡಿ ಇನ್ನೂ ಮೂರು ತಿಂಗಳ ಅವಧಿಗೆ ಮುಂದುವರೆಸಿ ಆದೇಶಿಸುವ ಕುರಿತು,https://rera.karnataka.gov.in/reraDocument?DOC=oTn5KVu1WHVthSv2O2dAGw%3D%3D,KRERA_CORE_RETRY_12.pdf,DOWNLOADED,
"List Of Promoters Pending For Recovery As Arrears of Land Revenue From DC Bengaluru, who are not complied the Orders of Adjudicating Officer, K-RERA",https://rera.karnataka.gov.in/resources/notifications/notification1.pdf,KRERA_CORE_RETRY_13.pdf,DOWNLOADED,
