type,title,url,source_page,filename,status,filepath
notification,Fees and Head of Account Details for K-REAT Appeals,https://rera.karnataka.gov.in/resources/notifications/KREAT_Notification3.pdf,https://rera.karnataka.gov.in/notificationPage,Fees and Head of Account Details for K-REAT Appeals_3ae3bdb5.pdf,downloaded,KRERA_Documents\Fees and Head of Account Details for K-REAT Appeals_3ae3bdb5.pdf
notification,ರೇರಾ ಕಾಯ್ದೆಯ ಪುನರಾವೃತ ಪ್ರಶ್ನೆಗಳು,https://rera.karnataka.gov.in/resources/staticpage/FAQ.pdf,https://rera.karnataka.gov.in/notificationPage,ರೇರಾ ಕಾಯ್ದೆಯ ಪುನರಾವೃತ ಪ್ರಶ್ನೆಗಳು_1123e3ae.pdf,downloaded,KRERA_Documents\ರೇರಾ ಕಾಯ್ದೆಯ ಪುನರಾವೃತ ಪ್ರಶ್ನೆಗಳು_1123e3ae.pdf
notification,ರೇರಾ ನಿಯಮಗಳ ಪುನರಾವೃತ ಪ್ರಶ್ನೆಗಳು,https://rera.karnataka.gov.in/resources/staticpage/KARNATKA_FAQs.pdf,https://rera.karnataka.gov.in/notificationPage,ರೇರಾ ನಿಯಮಗಳ ಪುನರಾವೃತ ಪ್ರಶ್ನೆಗಳು_0a86b999.pdf,downloaded,KRERA_Documents\ರೇರಾ ನಿಯಮಗಳ ಪುನರಾವೃತ ಪ್ರಶ್ನೆಗಳು_0a86b999.pdf
notification,ಪುನರಾವೃತ ಪ್ರಶ್ನೆಗಳು,https://rera.karnataka.gov.in/resources/downloads/RERA_FAQ.pdf,https://rera.karnataka.gov.in/notificationPage,ಪುನರಾವೃತ ಪ್ರಶ್ನೆಗಳು_cdc5b8e2.pdf,downloaded,KRERA_Documents\ಪುನರಾವೃತ ಪ್ರಶ್ನೆಗಳು_cdc5b8e2.pdf
circular,"Extension of registration of real estate projects due to ‘Force Majeure’ under the provisions of Real Estate (Regulation and Development Act), 2016 as per the Advisory issued by Ministry of Housing and Urban Affairs (Housing Division)",https://rera.karnataka.gov.in/reraDocument?DOC=IU%2BDzOtOiEch%2FpxVM2471A%3D%3D,https://rera.karnataka.gov.in/circularPage,"Extension of registration of real estate projects due to ‘Force Majeure’ under the provisions of Real Estate (Regulation and Development Act), 2016 as per the Advisory issued by Mi_7fb274a1.pdf",failed,"KRERA_Documents\Extension of registration of real estate projects due to ‘Force Majeure’ under the provisions of Real Estate (Regulation and Development Act), 2016 as per the Advisory issued by Mi_7fb274a1.pdf"
circular,"Regarding procedure to be followed in case of recovery of monetary and non-monetary reliefs in terms of orders passed on complaints filed under Section 31 of the RERA Act, 2016",https://rera.karnataka.gov.in/reraDocument?DOC=U3p%2BTArM6QVanrCS%2F9WCNQ%3D%3D,https://rera.karnataka.gov.in/circularPage,"Regarding procedure to be followed in case of recovery of monetary and non-monetary reliefs in terms of orders passed on complaints filed under Section 31 of the RERA Act, 2016_bb368258.pdf",failed,"KRERA_Documents\Regarding procedure to be followed in case of recovery of monetary and non-monetary reliefs in terms of orders passed on complaints filed under Section 31 of the RERA Act, 2016_bb368258.pdf"
circular,Imposing penalty for delay in submission/ non-submission of Quarterly Updates for financial year 2026-27,https://rera.karnataka.gov.in/reraDocument?DOC=51qJAPc8chGXIgIuw3uWuw%3D%3D,https://rera.karnataka.gov.in/circularPage,Imposing penalty for delay in submission_ non-submission of Quarterly Updates for financial year 2026-27_c1c0bbfe.pdf,downloaded,KRERA_Documents\Imposing penalty for delay in submission_ non-submission of Quarterly Updates for financial year 2026-27_c1c0bbfe.pdf
circular,"Submission of Quarterly Progress Reports (QPRs) for the financial year 2026-27 in Compliance with the Real Estate (Regulation and Development) Act, 2016-Reg",https://rera.karnataka.gov.in/reraDocument?DOC=trzaykgcDNeB05XGd5oQGw%3D%3D,https://rera.karnataka.gov.in/circularPage,"Submission of Quarterly Progress Reports (QPRs) for the financial year 2026-27 in Compliance with the Real Estate (Regulation and Development) Act, 2016-Reg_d3098e81.pdf",failed,"KRERA_Documents\Submission of Quarterly Progress Reports (QPRs) for the financial year 2026-27 in Compliance with the Real Estate (Regulation and Development) Act, 2016-Reg_d3098e81.pdf"
circular,"Submission of Annual Audit Report of the financial year 2025-26 as per section 4(2)(l)(D) of the RERA Act, 2016",https://rera.karnataka.gov.in/reraDocument?DOC=oYMPjW9c7wSaqBBn%2Flg2Yw%3D%3D,https://rera.karnataka.gov.in/circularPage,"Submission of Annual Audit Report of the financial year 2025-26 as per section 4(2)(l)(D) of the RERA Act, 2016_2082b24e.pdf",downloaded,"KRERA_Documents\Submission of Annual Audit Report of the financial year 2025-26 as per section 4(2)(l)(D) of the RERA Act, 2016_2082b24e.pdf"
circular,Corrigendum to the Circular on Imposition of Penalty for Non-Submission and Delay in Submission of Quarterly Progress Reports for the Financial Year 2025-26,https://rera.karnataka.gov.in/reraDocument?DOC=MJNv%2F%2FIxCikkmcIrmLbh3w%3D%3D,https://rera.karnataka.gov.in/circularPage,Corrigendum to the Circular on Imposition of Penalty for Non-Submission and Delay in Submission of Quarterly Progress Reports for the Financial Year 2025-26_7d7c1670.pdf,failed,KRERA_Documents\Corrigendum to the Circular on Imposition of Penalty for Non-Submission and Delay in Submission of Quarterly Progress Reports for the Financial Year 2025-26_7d7c1670.pdf
circular,Imposing penalty for Non-Submission and Delay in Submission of Quarterly Progress Reports for the financial Years from the financial year 2017-18 till completion of Quarter-4 of the financial year 2024-25,https://rera.karnataka.gov.in/reraDocument?DOC=IWwJKkSGsh0PdQ7eDiUFqg%3D%3D,https://rera.karnataka.gov.in/circularPage,Imposing penalty for Non-Submission and Delay in Submission of Quarterly Progress Reports for the financial Years from the financial year 2017-18 till completion of Quarter-4 of th_8a35ca75.pdf,failed,KRERA_Documents\Imposing penalty for Non-Submission and Delay in Submission of Quarterly Progress Reports for the financial Years from the financial year 2017-18 till completion of Quarter-4 of th_8a35ca75.pdf
circular,Imposing penalty for Non-Submission and Delay in Submission of Annual Audit Report for the Financial Year 2023-24,https://rera.karnataka.gov.in/reraDocument?DOC=yVt1nArMM1owRddDayxAZg%3D%3D,https://rera.karnataka.gov.in/circularPage,Imposing penalty for Non-Submission and Delay in Submission of Annual Audit Report for the Financial Year 2023-24_22a7a5f7.pdf,downloaded,KRERA_Documents\Imposing penalty for Non-Submission and Delay in Submission of Annual Audit Report for the Financial Year 2023-24_22a7a5f7.pdf
circular,Imposing penalty for Non-Submission and Delay in Submission of Annual Audit Report for the Financial Year 2022-23,https://rera.karnataka.gov.in/reraDocument?DOC=Wwj%2Bsq4EO2jSmWLPlDkQzw%3D%3D,https://rera.karnataka.gov.in/circularPage,Imposing penalty for Non-Submission and Delay in Submission of Annual Audit Report for the Financial Year 2022-23_99863c6e.pdf,downloaded,KRERA_Documents\Imposing penalty for Non-Submission and Delay in Submission of Annual Audit Report for the Financial Year 2022-23_99863c6e.pdf
circular,Imposing penalty for Non-Submission and Delay in Submission of Quarterly Progress Reports for the Financial Year 2025-26,https://rera.karnataka.gov.in/reraDocument?DOC=VfTQkfNdMQ9RzIQn%2BpzqWw%3D%3D,https://rera.karnataka.gov.in/circularPage,Imposing penalty for Non-Submission and Delay in Submission of Quarterly Progress Reports for the Financial Year 2025-26_1210f057.pdf,downloaded,KRERA_Documents\Imposing penalty for Non-Submission and Delay in Submission of Quarterly Progress Reports for the Financial Year 2025-26_1210f057.pdf
circular,Imposing penalty for Non-Submission and Delay in Submission of Annual Audit Report for the Financial Year 2024-25,https://rera.karnataka.gov.in/reraDocument?DOC=MYvoSgkMsDooMFS%2FhWn7rg%3D%3D,https://rera.karnataka.gov.in/circularPage,Imposing penalty for Non-Submission and Delay in Submission of Annual Audit Report for the Financial Year 2024-25_f2f49528.pdf,downloaded,KRERA_Documents\Imposing penalty for Non-Submission and Delay in Submission of Annual Audit Report for the Financial Year 2024-25_f2f49528.pdf
circular,"Final Extension of time for submission of Annual Audit Report of the financial year 2024-25 as per section 4(2)(l)(D) of the RERA Act, 2016",https://rera.karnataka.gov.in/reraDocument?DOC=%2F4Q1b265j%2FXMK6Po9eJVfg%3D%3D,https://rera.karnataka.gov.in/circularPage,"Final Extension of time for submission of Annual Audit Report of the financial year 2024-25 as per section 4(2)(l)(D) of the RERA Act, 2016_8b02fb45.pdf",failed,"KRERA_Documents\Final Extension of time for submission of Annual Audit Report of the financial year 2024-25 as per section 4(2)(l)(D) of the RERA Act, 2016_8b02fb45.pdf"
circular,"Extension of time for submission of Annual Audit Report of the financial year 2024-25 as per section 4(2)(l)(D) of the RERA Act, 2016",https://rera.karnataka.gov.in/reraDocument?DOC=5PnIl74DEyqWjdY2AM%2FeGw%3D%3D,https://rera.karnataka.gov.in/circularPage,"Extension of time for submission of Annual Audit Report of the financial year 2024-25 as per section 4(2)(l)(D) of the RERA Act, 2016_6cfdc22e.pdf",failed,"KRERA_Documents\Extension of time for submission of Annual Audit Report of the financial year 2024-25 as per section 4(2)(l)(D) of the RERA Act, 2016_6cfdc22e.pdf"
circular,"Submission of Annual Audit Report for the financial year 2024-25 as per section 4(2)(l)(D) of the RERA Act, 2016",https://rera.karnataka.gov.in/reraDocument?DOC=a3X5hKu4cczOjTxcULAlpg%3D%3D,https://rera.karnataka.gov.in/circularPage,"Submission of Annual Audit Report for the financial year 2024-25 as per section 4(2)(l)(D) of the RERA Act, 2016_6c8028d6.pdf",downloaded,"KRERA_Documents\Submission of Annual Audit Report for the financial year 2024-25 as per section 4(2)(l)(D) of the RERA Act, 2016_6c8028d6.pdf"
circular,"Extension of Time for Submission of Annual Audit Report for the financial year 2023-24 as per Section 4(2)(l)(D) of the RERA Act, 2016",https://rera.karnataka.gov.in/reraDocument?DOC=Hp0Owd%2FxjJtROB%2B%2FV4EJuw%3D%3D,https://rera.karnataka.gov.in/circularPage,"Extension of Time for Submission of Annual Audit Report for the financial year 2023-24 as per Section 4(2)(l)(D) of the RERA Act, 2016_ea5021eb.pdf",failed,"KRERA_Documents\Extension of Time for Submission of Annual Audit Report for the financial year 2023-24 as per Section 4(2)(l)(D) of the RERA Act, 2016_ea5021eb.pdf"
circular,Circular regarding submission of Quarterly updates for the project extended under Section 7,https://rera.karnataka.gov.in/reraDocument?DOC=QPIKQw4xO%2FExglklBxMLiQ%3D%3D,https://rera.karnataka.gov.in/circularPage,Circular regarding submission of Quarterly updates for the project extended under Section 7_0b15c588.pdf,downloaded,KRERA_Documents\Circular regarding submission of Quarterly updates for the project extended under Section 7_0b15c588.pdf
circular,"Final Extension of Time for Submission of Annual Audit report as per Section 4(2)(l)(D) of the RERA Act, 2016 for the financial year ending 31st March 2023",https://rera.karnataka.gov.in/reraDocument?DOC=%2BOUz3t0lMvSWJncss4S0vg%3D%3D,https://rera.karnataka.gov.in/circularPage,"Final Extension of Time for Submission of Annual Audit report as per Section 4(2)(l)(D) of the RERA Act, 2016 for the financial year ending 31st March 2023_b488b9a5.pdf",failed,"KRERA_Documents\Final Extension of Time for Submission of Annual Audit report as per Section 4(2)(l)(D) of the RERA Act, 2016 for the financial year ending 31st March 2023_b488b9a5.pdf"
circular,"Submission of Annual Audit report as per Section 4(2)(l)(D) of the RERA Act, 2016 for the financial year ending 31st March 2023",https://rera.karnataka.gov.in/reraDocument?DOC=FQZU3AlKamOzbIypOI83VQ%3D%3D,https://rera.karnataka.gov.in/circularPage,"Submission of Annual Audit report as per Section 4(2)(l)(D) of the RERA Act, 2016 for the financial year ending 31st March 2023_12da2efb.pdf",failed,"KRERA_Documents\Submission of Annual Audit report as per Section 4(2)(l)(D) of the RERA Act, 2016 for the financial year ending 31st March 2023_12da2efb.pdf"
circular,Fee for further Extension under Sec 7 of RERA Act 2016,https://rera.karnataka.gov.in/reraDocument?DOC=bn%2B9rcHKDq1aZ03Aw99%2Big%3D%3D,https://rera.karnataka.gov.in/circularPage,Fee for further Extension under Sec 7 of RERA Act 2016_1d3215e7.pdf,downloaded,KRERA_Documents\Fee for further Extension under Sec 7 of RERA Act 2016_1d3215e7.pdf
circular,"Extension of Time for Submission of Annual Audit report as per Section 4(2)(l)(D) of the RERA Act, 2016.",https://rera.karnataka.gov.in/reraDocument?DOC=e5ax6YfWD43i8OsU%2Fx0ZDA%3D%3D,https://rera.karnataka.gov.in/circularPage,"Extension of Time for Submission of Annual Audit report as per Section 4(2)(l)(D) of the RERA Act, 2016_fcc36092.pdf",downloaded,"KRERA_Documents\Extension of Time for Submission of Annual Audit report as per Section 4(2)(l)(D) of the RERA Act, 2016_fcc36092.pdf"
circular,"Submission of Annual Audit report as per Section 4(2)(l)(D) of the RERA Act, 2016.",https://rera.karnataka.gov.in/reraDocument?DOC=s5xz54dYBUE1XB6nm5TzWA%3D%3D,https://rera.karnataka.gov.in/circularPage,"Submission of Annual Audit report as per Section 4(2)(l)(D) of the RERA Act, 2016_79a7c212.pdf",downloaded,"KRERA_Documents\Submission of Annual Audit report as per Section 4(2)(l)(D) of the RERA Act, 2016_79a7c212.pdf"
circular,Lets celebrate Azadi Ka Amrit Mahotsav by unfurling Tiranga at Home from 11-17 August 2022,https://rera.karnataka.gov.in/reraDocument?DOC=ppNpWjFE9Rn1EWKWIJNv7w%3D%3D,https://rera.karnataka.gov.in/circularPage,Lets celebrate Azadi Ka Amrit Mahotsav by unfurling Tiranga at Home from 11-17 August 2022_a7980ff2.pdf,downloaded,KRERA_Documents\Lets celebrate Azadi Ka Amrit Mahotsav by unfurling Tiranga at Home from 11-17 August 2022_a7980ff2.pdf
circular,Circular on Registration of Real Estate Agents,https://rera.karnataka.gov.in/reraDocument?DOC=C7UKka5pBxGidSCbE4duvw%3D%3D,https://rera.karnataka.gov.in/circularPage,Circular on Registration of Real Estate Agents_dd1ce7af.pdf,downloaded,KRERA_Documents\Circular on Registration of Real Estate Agents_dd1ce7af.pdf
circular,ಪ್ರಾಧಿಕಾರದ ನ್ಯಾಯಾಲಯದ ವಿಚಾರಣೆಗೆ ಹಾಜರಾಗುವ ವಕೀಲರು ಹಾಗೂ ಸಾರ್ವಜನಿಕರು ಧರಿಸಬೇಕಾದ ಉಡುಗೆಯ ಮಾನದಂಡಗಳು,https://rera.karnataka.gov.in/reraDocument?DOC=oCiuL6aMfDNZa4gPBcHf9g%3D%3D,https://rera.karnataka.gov.in/circularPage,ಪ್ರಾಧಿಕಾರದ ನ್ಯಾಯಾಲಯದ ವಿಚಾರಣೆಗೆ ಹಾಜರಾಗುವ ವಕೀಲರು ಹಾಗೂ ಸಾರ್ವಜನಿಕರು ಧರಿಸಬೇಕಾದ ಉಡುಗೆಯ ಮಾನದಂಡಗಳು_5ceea63a.pdf,downloaded,KRERA_Documents\ಪ್ರಾಧಿಕಾರದ ನ್ಯಾಯಾಲಯದ ವಿಚಾರಣೆಗೆ ಹಾಜರಾಗುವ ವಕೀಲರು ಹಾಗೂ ಸಾರ್ವಜನಿಕರು ಧರಿಸಬೇಕಾದ ಉಡುಗೆಯ ಮಾನದಂಡಗಳು_5ceea63a.pdf
circular,ಪ್ರಾಧಿಕಾರಕ್ಕೆ ಆಗಮಿಸುವ ಸಾರ್ವಜನಿಕರು ತಮ್ಮ ಕುಂದುಕೊರತೆಗಳ ಕುರಿತು ಯಾರನ್ನು ಭೇಟಿಯಾಗಬೇಕೆಂಬ ಬಗ್ಗೆ ಸೂಚನೆ,https://rera.karnataka.gov.in/reraDocument?DOC=4EB8TdUEPb0fzSe7YzV%2Bqg%3D%3D,https://rera.karnataka.gov.in/circularPage,ಪ್ರಾಧಿಕಾರಕ್ಕೆ ಆಗಮಿಸುವ ಸಾರ್ವಜನಿಕರು ತಮ್ಮ ಕುಂದುಕೊರತೆಗಳ ಕುರಿತು ಯಾರನ್ನು ಭೇಟಿಯಾಗಬೇಕೆಂಬ ಬಗ್ಗೆ ಸೂಚನೆ_8b18e0c4.pdf,downloaded,KRERA_Documents\ಪ್ರಾಧಿಕಾರಕ್ಕೆ ಆಗಮಿಸುವ ಸಾರ್ವಜನಿಕರು ತಮ್ಮ ಕುಂದುಕೊರತೆಗಳ ಕುರಿತು ಯಾರನ್ನು ಭೇಟಿಯಾಗಬೇಕೆಂಬ ಬಗ್ಗೆ ಸೂಚನೆ_8b18e0c4.pdf
circular,"ಹಣ ಹಿಂದಿರುಗಿಸುವಿಕೆ/ಬಡ್ಡಿ ಪಾವತಿ, ದಂಡ ಅಥವಾ ಪರಿಹಾರ ವಿಧಿಸಿ ಪ್ರಾಧಿಕಾರ ಹಾಗೂ ನ್ಯಾಯ ನಿರ್ಣಯಾಧಿಕಾರಿ ಹೊರಡಿಸಲಾದ ಆದೇಶ ಜಾರಿಗೊಳಿಸುವ ತೀರ್ಪು ಆದೇಶಗಳಿಗೆ ಸಂಬಂಧಿಸಿದಂತೆ ಪ್ರಮಾಣಿತ ಕಾರ್ಯಚರಣೆ ವಿಧಾನಗಳು (ಎಸ್.ಓ.ಪಿ)",https://rera.karnataka.gov.in/reraDocument?DOC=wJa8fu0hz0%2FmUO00KNvx1A%3D%3D,https://rera.karnataka.gov.in/circularPage,"ಹಣ ಹಿಂದಿರುಗಿಸುವಿಕೆ_ಬಡ್ಡಿ ಪಾವತಿ, ದಂಡ ಅಥವಾ ಪರಿಹಾರ ವಿಧಿಸಿ ಪ್ರಾಧಿಕಾರ ಹಾಗೂ ನ್ಯಾಯ ನಿರ್ಣಯಾಧಿಕಾರಿ ಹೊರಡಿಸಲಾದ ಆದೇಶ ಜಾರಿಗೊಳಿಸುವ ತೀರ್ಪು ಆದೇಶಗಳಿಗೆ ಸಂಬಂಧಿಸಿದಂತೆ ಪ್ರಮಾಣಿತ ಕಾರ್ಯಚರಣೆ ವಿಧಾನಗಳು (ಎಸ್._d6b915c1.pdf",failed,"KRERA_Documents\ಹಣ ಹಿಂದಿರುಗಿಸುವಿಕೆ_ಬಡ್ಡಿ ಪಾವತಿ, ದಂಡ ಅಥವಾ ಪರಿಹಾರ ವಿಧಿಸಿ ಪ್ರಾಧಿಕಾರ ಹಾಗೂ ನ್ಯಾಯ ನಿರ್ಣಯಾಧಿಕಾರಿ ಹೊರಡಿಸಲಾದ ಆದೇಶ ಜಾರಿಗೊಳಿಸುವ ತೀರ್ಪು ಆದೇಶಗಳಿಗೆ ಸಂಬಂಧಿಸಿದಂತೆ ಪ್ರಮಾಣಿತ ಕಾರ್ಯಚರಣೆ ವಿಧಾನಗಳು (ಎಸ್._d6b915c1.pdf"
circular,ತ್ರೈಮಾಸಿಕ ಹಾಗೂ ವಾರ್ಷಿಕ ಲೆಕ್ಕ ಪರಿಶೋಧನಾ ತಃಖ್ತೆ ಸಲ್ಲಿಕೆಯ ವಿಳಂಬಕ್ಕಾಗಿ ವಿಧಿಸಲಾದ ವಿಳಂಬ ಶುಲ್ಕ,https://rera.karnataka.gov.in/reraDocument?DOC=Dp%2F090BZlT85eapRUQQnwQ%3D%3D,https://rera.karnataka.gov.in/circularPage,ತ್ರೈಮಾಸಿಕ ಹಾಗೂ ವಾರ್ಷಿಕ ಲೆಕ್ಕ ಪರಿಶೋಧನಾ ತಃಖ್ತೆ ಸಲ್ಲಿಕೆಯ ವಿಳಂಬಕ್ಕಾಗಿ ವಿಧಿಸಲಾದ ವಿಳಂಬ ಶುಲ್ಕ_024fd150.pdf,downloaded,KRERA_Documents\ತ್ರೈಮಾಸಿಕ ಹಾಗೂ ವಾರ್ಷಿಕ ಲೆಕ್ಕ ಪರಿಶೋಧನಾ ತಃಖ್ತೆ ಸಲ್ಲಿಕೆಯ ವಿಳಂಬಕ್ಕಾಗಿ ವಿಧಿಸಲಾದ ವಿಳಂಬ ಶುಲ್ಕ_024fd150.pdf
circular,"ರಿಯಲ್ ಎಸ್ಟೇಟ್ (ನಿಯಂತ್ರಣ ಮತ್ತು ಅಭಿವೃದ್ದಿ) ಕಾಯ್ದೆ, 2016 ರ ಕಲಂ 31 ರಡಿ ಪಾವತಿ ಶುಲ್ಕ",https://rera.karnataka.gov.in/reraDocument?DOC=H%2BS4xmSZKK%2B9cecDq6wjaw%3D%3D,https://rera.karnataka.gov.in/circularPage,"ರಿಯಲ್ ಎಸ್ಟೇಟ್ (ನಿಯಂತ್ರಣ ಮತ್ತು ಅಭಿವೃದ್ದಿ) ಕಾಯ್ದೆ, 2016 ರ ಕಲಂ 31 ರಡಿ ಪಾವತಿ ಶುಲ್ಕ_7b808c9c.pdf",downloaded,"KRERA_Documents\ರಿಯಲ್ ಎಸ್ಟೇಟ್ (ನಿಯಂತ್ರಣ ಮತ್ತು ಅಭಿವೃದ್ದಿ) ಕಾಯ್ದೆ, 2016 ರ ಕಲಂ 31 ರಡಿ ಪಾವತಿ ಶುಲ್ಕ_7b808c9c.pdf"
circular,"ರೇರಾ ಬ್ಯಾಂಕ್ ಖಾತೆ ನಿರ್ದೇಶನಗಳು, 2020",https://rera.karnataka.gov.in/reraDocument?DOC=RmAYAMErSaQOgYENilI2Ew%3D%3D,https://rera.karnataka.gov.in/circularPage,"ರೇರಾ ಬ್ಯಾಂಕ್ ಖಾತೆ ನಿರ್ದೇಶನಗಳು, 2020_e4ab709d.pdf",downloaded,"KRERA_Documents\ರೇರಾ ಬ್ಯಾಂಕ್ ಖಾತೆ ನಿರ್ದೇಶನಗಳು, 2020_e4ab709d.pdf"
circular,"ರಿಯಲ್ ಎಸ್ಟೇಟ್ (ನಿಯಂತ್ರಣ ಮತ್ತು ಅಭಿವೃದ್ದಿ) ಕಾಯ್ದೆ, 2016 ಕಲಂ 14 ರನ್ವಯ ನೋಂದಾಯಿಸಲಾದ ಯೋಜನೆಗಳಿಗೆ ಸಂಬಂಧಿಸಿದಂತೆ ಪರಿಷ್ಕøತ ಯೋಜನಾ ಮಂಜೂರಾತಿಗಳು ಹಾಗೂ ನಕ್ಷೆ ವಿನ್ಯಾಸಗಳನ್ನು ಅಳವಡಿಸಲು ಅನುಸರಿಸಬೇಕಾದ ಕಾರ್ಯವಿಧಾನ",https://rera.karnataka.gov.in/reraDocument?DOC=rs0ZgNuq7QllPWZnqM9h5w%3D%3D,https://rera.karnataka.gov.in/circularPage,"ರಿಯಲ್ ಎಸ್ಟೇಟ್ (ನಿಯಂತ್ರಣ ಮತ್ತು ಅಭಿವೃದ್ದಿ) ಕಾಯ್ದೆ, 2016 ಕಲಂ 14 ರನ್ವಯ ನೋಂದಾಯಿಸಲಾದ ಯೋಜನೆಗಳಿಗೆ ಸಂಬಂಧಿಸಿದಂತೆ ಪರಿಷ್ಕøತ ಯೋಜನಾ ಮಂಜೂರಾತಿಗಳು ಹಾಗೂ ನಕ್ಷೆ ವಿನ್ಯಾಸಗಳನ್ನು ಅಳವಡಿಸಲು ಅನುಸರಿಸಬೇಕಾದ ಕಾರ_f560076a.pdf",failed,"KRERA_Documents\ರಿಯಲ್ ಎಸ್ಟೇಟ್ (ನಿಯಂತ್ರಣ ಮತ್ತು ಅಭಿವೃದ್ದಿ) ಕಾಯ್ದೆ, 2016 ಕಲಂ 14 ರನ್ವಯ ನೋಂದಾಯಿಸಲಾದ ಯೋಜನೆಗಳಿಗೆ ಸಂಬಂಧಿಸಿದಂತೆ ಪರಿಷ್ಕøತ ಯೋಜನಾ ಮಂಜೂರಾತಿಗಳು ಹಾಗೂ ನಕ್ಷೆ ವಿನ್ಯಾಸಗಳನ್ನು ಅಳವಡಿಸಲು ಅನುಸರಿಸಬೇಕಾದ ಕಾರ_f560076a.pdf"
circular,ಯೋಜನಾ ವಿಸ್ತರಣೆ ಹಾಗೂ ಫಿರ್ಯಾದುಗಳ ವಿಚಾರಣೆಗೆ ಸಂಬಂಧಿಸಿದ ಪರಿಷ್ಕøತ ಸುತ್ತೋಲೆ,https://rera.karnataka.gov.in/reraDocument?DOC=IM5P4c6kqO2K9ahEQcvAuw%3D%3D,https://rera.karnataka.gov.in/circularPage,ಯೋಜನಾ ವಿಸ್ತರಣೆ ಹಾಗೂ ಫಿರ್ಯಾದುಗಳ ವಿಚಾರಣೆಗೆ ಸಂಬಂಧಿಸಿದ ಪರಿಷ್ಕøತ ಸುತ್ತೋಲೆ_fc549b72.pdf,downloaded,KRERA_Documents\ಯೋಜನಾ ವಿಸ್ತರಣೆ ಹಾಗೂ ಫಿರ್ಯಾದುಗಳ ವಿಚಾರಣೆಗೆ ಸಂಬಂಧಿಸಿದ ಪರಿಷ್ಕøತ ಸುತ್ತೋಲೆ_fc549b72.pdf
circular,ಯೋಜನಾ ವಿಸ್ತರಣೆ ಹಾಗೂ ಫಿರ್ಯಾದುಗಳ ವಿಚಾರಣೆಗೆ ಸಂಬಂಧಿಸಿದ ಸುತ್ತೋಲೆ,https://rera.karnataka.gov.in/reraDocument?DOC=nbHboHdOzsUUksQRs9UF%2Fw%3D%3D,https://rera.karnataka.gov.in/circularPage,ಯೋಜನಾ ವಿಸ್ತರಣೆ ಹಾಗೂ ಫಿರ್ಯಾದುಗಳ ವಿಚಾರಣೆಗೆ ಸಂಬಂಧಿಸಿದ ಸುತ್ತೋಲೆ_94b2ec02.pdf,downloaded,KRERA_Documents\ಯೋಜನಾ ವಿಸ್ತರಣೆ ಹಾಗೂ ಫಿರ್ಯಾದುಗಳ ವಿಚಾರಣೆಗೆ ಸಂಬಂಧಿಸಿದ ಸುತ್ತೋಲೆ_94b2ec02.pdf
circular,Revised Charges for various services Rendered by the K-RERA,https://rera.karnataka.gov.in/resources/circulars/circular10.pdf,https://rera.karnataka.gov.in/circularPage,Revised Charges for various services Rendered by the K-RERA_f45e8ea7.pdf,downloaded,KRERA_Documents\Revised Charges for various services Rendered by the K-RERA_f45e8ea7.pdf
circular,Guidelines For Extension of Registration Process,https://rera.karnataka.gov.in/resources/circulars/circular6.pdf,https://rera.karnataka.gov.in/circularPage,Guidelines For Extension of Registration Process_d2bea044.pdf,downloaded,KRERA_Documents\Guidelines For Extension of Registration Process_d2bea044.pdf
circular,The Fees / Charges for various services Rendered by the Authority,https://rera.karnataka.gov.in/resources/circulars/circular7.pdf,https://rera.karnataka.gov.in/circularPage,The Fees _ Charges for various services Rendered by the Authority_45604d72.pdf,downloaded,KRERA_Documents\The Fees _ Charges for various services Rendered by the Authority_45604d72.pdf
circular,Guidelines to Digital Portals for Advertisement of Real Estate Projects - Reg,https://rera.karnataka.gov.in/resources/circulars/circular5.pdf,https://rera.karnataka.gov.in/circularPage,Guidelines to Digital Portals for Advertisement of Real Estate Projects - Reg_359c98fc.pdf,downloaded,KRERA_Documents\Guidelines to Digital Portals for Advertisement of Real Estate Projects - Reg_359c98fc.pdf
circular,Guidelines for Change of Project Name,https://rera.karnataka.gov.in/resources/circulars/circular3.pdf,https://rera.karnataka.gov.in/circularPage,Guidelines for Change of Project Name_80927302.pdf,downloaded,KRERA_Documents\Guidelines for Change of Project Name_80927302.pdf
circular,Procedure for K-RERA Conciliation and Dispute Resolution Cell,https://rera.karnataka.gov.in/resources/circulars/circular9.pdf,https://rera.karnataka.gov.in/circularPage,Procedure for K-RERA Conciliation and Dispute Resolution Cell_51ad5be5.pdf,downloaded,KRERA_Documents\Procedure for K-RERA Conciliation and Dispute Resolution Cell_51ad5be5.pdf
circular,Guidelines for Releasing of advertisement in print and Electronic media,https://rera.karnataka.gov.in/resources/circulars/circular2.pdf,https://rera.karnataka.gov.in/circularPage,Guidelines for Releasing of advertisement in print and Electronic media_2bc27cd5.pdf,downloaded,KRERA_Documents\Guidelines for Releasing of advertisement in print and Electronic media_2bc27cd5.pdf
circular,Land Owners having Area/Revenue Share in Real Estate Project to be treated as Promoter (landowner),https://rera.karnataka.gov.in/resources/circulars/circular1.pdf,https://rera.karnataka.gov.in/circularPage,Land Owners having Area_Revenue Share in Real Estate Project to be treated as Promoter (landowner)_c8c916fc.pdf,downloaded,KRERA_Documents\Land Owners having Area_Revenue Share in Real Estate Project to be treated as Promoter (landowner)_c8c916fc.pdf
circular,Procedure for transferring or assigning promoter's rights and liabilities to a third party,https://rera.karnataka.gov.in/resources/circulars/TransferingofRights.pdf,https://rera.karnataka.gov.in/circularPage,Procedure for transferring or assigning promoter's rights and liabilities to a third party_88738231.pdf,downloaded,KRERA_Documents\Procedure for transferring or assigning promoter's rights and liabilities to a third party_88738231.pdf
circular,Circular on GST,https://rera.karnataka.gov.in/resources/circulars/Circular on GST.pdf,https://rera.karnataka.gov.in/circularPage,Circular on GST_3d3273ae.pdf,downloaded,KRERA_Documents\Circular on GST_3d3273ae.pdf
notification,ರಾಷ್ಟ್ರೀಯ ಲೋಕ-ಅದಾಲತ್ ಕುರಿತು ಅಧಿಸೂಚನೆ 19.09.2026,https://rera.karnataka.gov.in/reraDocument?DOC=qRkZAihug4EgFg7zQng%2Fjg%3D%3D,https://rera.karnataka.gov.in/notificationPage,ರಾಷ್ಟ್ರೀಯ ಲೋಕ-ಅದಾಲತ್ ಕುರಿತು ಅಧಿಸೂಚನೆ 19.09.2026_f7b01b0e.pdf,downloaded,KRERA_Documents\ರಾಷ್ಟ್ರೀಯ ಲೋಕ-ಅದಾಲತ್ ಕುರಿತು ಅಧಿಸೂಚನೆ 19.09.2026_f7b01b0e.pdf
notification,Applications are invited for the post of one Technical/Administrative Member in the Karnataka Real Estate Appellate Tribunal,https://rera.karnataka.gov.in/reraDocument?DOC=ElwToto7Xfzez6cByKwVpw%3D%3D,https://rera.karnataka.gov.in/notificationPage,Applications are invited for the post of one Technical_Administrative Member in the Karnataka Real Estate Appellate Tribunal_d1b9bf87.pdf,downloaded,KRERA_Documents\Applications are invited for the post of one Technical_Administrative Member in the Karnataka Real Estate Appellate Tribunal_d1b9bf87.pdf
notification,Notification Regarding National Lok-Adalat 13.12.2025,https://rera.karnataka.gov.in/reraDocument?DOC=WRqNfnYa%2Bup6Dz3rnIRS6Q%3D%3D,https://rera.karnataka.gov.in/notificationPage,Notification Regarding National Lok-Adalat 13.12.2025_c7cba780.pdf,downloaded,KRERA_Documents\Notification Regarding National Lok-Adalat 13.12.2025_c7cba780.pdf
notification,Applications are invited from eligible candidates to fill up the vacant post of one Member in the Karnataka Real Estate Regulatory Authority,https://rera.karnataka.gov.in/reraDocument?DOC=ldtgCMoXoASourDXyCv%2Flw%3D%3D,https://rera.karnataka.gov.in/notificationPage,Applications are invited from eligible candidates to fill up the vacant post of one Member in the Karnataka Real Estate Regulatory Authority_5439f2f4.pdf,failed,KRERA_Documents\Applications are invited from eligible candidates to fill up the vacant post of one Member in the Karnataka Real Estate Regulatory Authority_5439f2f4.pdf
notification,Applications are invited from eligible candidates for the post of Legal Advisor in the Karnataka Real Estate Regulatory Authority,https://rera.karnataka.gov.in/reraDocument?DOC=vrs5oGgKEd1vd61eTPdDyA%3D%3D,https://rera.karnataka.gov.in/notificationPage,Applications are invited from eligible candidates for the post of Legal Advisor in the Karnataka Real Estate Regulatory Authority_8d811537.pdf,failed,KRERA_Documents\Applications are invited from eligible candidates for the post of Legal Advisor in the Karnataka Real Estate Regulatory Authority_8d811537.pdf
notification,List of Promoters Pending for Recovery as Arrears of Land Revenue who are not complied the Orders of K-RERA as on 30-06-2025,https://rera.karnataka.gov.in/reraDocument?DOC=HN1J8eqjG212jpdwMoxTEQ%3D%3D,https://rera.karnataka.gov.in/notificationPage,List of Promoters Pending for Recovery as Arrears of Land Revenue who are not complied the Orders of K-RERA as on 30-06-2025_93a28c3f.pdf,downloaded,KRERA_Documents\List of Promoters Pending for Recovery as Arrears of Land Revenue who are not complied the Orders of K-RERA as on 30-06-2025_93a28c3f.pdf
notification,List of Promoters Pending for Recovery as Arrears of Land Revenue who are not complied the Orders of K-RERA as on 31-12-2024,https://rera.karnataka.gov.in/reraDocument?DOC=yNtAoXxR1SrFNA0HDeWhHw%3D%3D,https://rera.karnataka.gov.in/notificationPage,List of Promoters Pending for Recovery as Arrears of Land Revenue who are not complied the Orders of K-RERA as on 31-12-2024_bb843064.pdf,downloaded,KRERA_Documents\List of Promoters Pending for Recovery as Arrears of Land Revenue who are not complied the Orders of K-RERA as on 31-12-2024_bb843064.pdf
notification,Applications are invited from eligible candidates for the post of Legal Advisor in the Karnataka Real Estate Regulatory Authority,https://rera.karnataka.gov.in/reraDocument?DOC=LW6Zwz1OXDGr4ejOwHWRJw%3D%3D,https://rera.karnataka.gov.in/notificationPage,Applications are invited from eligible candidates for the post of Legal Advisor in the Karnataka Real Estate Regulatory Authority_0c5c66af.pdf,failed,KRERA_Documents\Applications are invited from eligible candidates for the post of Legal Advisor in the Karnataka Real Estate Regulatory Authority_0c5c66af.pdf
notification,List of Promoters Pending for Recovery as Arrears of Land Revenue who are not complied the Orders of K-RERA as on 31-08-2024,https://rera.karnataka.gov.in/reraDocument?DOC=A%2FiEVoYcbZHRXfRMJPqqzQ%3D%3D,https://rera.karnataka.gov.in/notificationPage,List of Promoters Pending for Recovery as Arrears of Land Revenue who are not complied the Orders of K-RERA as on 31-08-2024_a25eb25a.pdf,downloaded,KRERA_Documents\List of Promoters Pending for Recovery as Arrears of Land Revenue who are not complied the Orders of K-RERA as on 31-08-2024_a25eb25a.pdf
notification,Applications are invited from eligible candidates for the post of Adjudicating Officer in the in the Karnataka Real Estate Regulatory Authority,https://rera.karnataka.gov.in/reraDocument?DOC=x0DeuJABhGne31ZQqtBbhQ%3D%3D,https://rera.karnataka.gov.in/notificationPage,Applications are invited from eligible candidates for the post of Adjudicating Officer in the in the Karnataka Real Estate Regulatory Authority_31a68b6c.pdf,failed,KRERA_Documents\Applications are invited from eligible candidates for the post of Adjudicating Officer in the in the Karnataka Real Estate Regulatory Authority_31a68b6c.pdf
notification,Applications are invited for the post of Chairperson in the Karnataka Real Estate Regulatory Authority,https://rera.karnataka.gov.in/reraDocument?DOC=rOec8tCnDn3Njp0IpgMdMw%3D%3D,https://rera.karnataka.gov.in/notificationPage,Applications are invited for the post of Chairperson in the Karnataka Real Estate Regulatory Authority_f17ac41f.pdf,downloaded,KRERA_Documents\Applications are invited for the post of Chairperson in the Karnataka Real Estate Regulatory Authority_f17ac41f.pdf
notification,Applications are invited for the post of One Judicial Member in the Karnataka Real Estate Appellate Tribunal,https://rera.karnataka.gov.in/reraDocument?DOC=JHdpvlsPOJ794MugvxOJtA%3D%3D,https://rera.karnataka.gov.in/notificationPage,Applications are invited for the post of One Judicial Member in the Karnataka Real Estate Appellate Tribunal_bed6f9bc.pdf,downloaded,KRERA_Documents\Applications are invited for the post of One Judicial Member in the Karnataka Real Estate Appellate Tribunal_bed6f9bc.pdf
notification,ರಾಷ್ಟ್ರೀಯ ಲೋಕ-ಅದಾಲತ್ ಕುರಿತು ಅಧಿಸೂಚನೆ 13.07.2024,https://rera.karnataka.gov.in/reraDocument?DOC=1NvVsDWNLz3FLK37QoCajA%3D%3D,https://rera.karnataka.gov.in/notificationPage,ರಾಷ್ಟ್ರೀಯ ಲೋಕ-ಅದಾಲತ್ ಕುರಿತು ಅಧಿಸೂಚನೆ 13.07.2024_04e0dc82.pdf,downloaded,KRERA_Documents\ರಾಷ್ಟ್ರೀಯ ಲೋಕ-ಅದಾಲತ್ ಕುರಿತು ಅಧಿಸೂಚನೆ 13.07.2024_04e0dc82.pdf
notification,List of Promoters Pending for Recovery as Arrears of Land Revenue who are not complied the Orders of K-RERA as on 31-01-2024,https://rera.karnataka.gov.in/reraDocument?DOC=rAfSSQtzmm%2B2N0iYmL5q4w%3D%3D,https://rera.karnataka.gov.in/notificationPage,List of Promoters Pending for Recovery as Arrears of Land Revenue who are not complied the Orders of K-RERA as on 31-01-2024_e3bab0c2.pdf,downloaded,KRERA_Documents\List of Promoters Pending for Recovery as Arrears of Land Revenue who are not complied the Orders of K-RERA as on 31-01-2024_e3bab0c2.pdf
notification,"Applications are invited from eligible candidates for various sanctioned posts in the Karnataka Real Estate Regulatory Authority, Bengaluru.",https://rera.karnataka.gov.in/reraDocument?DOC=AZWnC7p1O2S28QRvxxo4SA%3D%3D,https://rera.karnataka.gov.in/notificationPage,"Applications are invited from eligible candidates for various sanctioned posts in the Karnataka Real Estate Regulatory Authority, Bengaluru_a1bcff72.pdf",failed,"KRERA_Documents\Applications are invited from eligible candidates for various sanctioned posts in the Karnataka Real Estate Regulatory Authority, Bengaluru_a1bcff72.pdf"
notification,Applications are invited from eligible candidates for the post of Standing Counsel in Karnataka Real Estate Regulatory Authority,https://rera.karnataka.gov.in/reraDocument?DOC=7cN1beVSUF787%2FwJAQJ3EQ%3D%3D,https://rera.karnataka.gov.in/notificationPage,Applications are invited from eligible candidates for the post of Standing Counsel in Karnataka Real Estate Regulatory Authority_e7134020.pdf,failed,KRERA_Documents\Applications are invited from eligible candidates for the post of Standing Counsel in Karnataka Real Estate Regulatory Authority_e7134020.pdf
notification,Applications are invited from eligible candidates for the post of Legal Advisor in the Karnataka Real Estate Regulatory Authority,https://rera.karnataka.gov.in/reraDocument?DOC=vpmonIEQeKgyfQZWCCxjWg%3D%3D,https://rera.karnataka.gov.in/notificationPage,Applications are invited from eligible candidates for the post of Legal Advisor in the Karnataka Real Estate Regulatory Authority_977ada03.pdf,failed,KRERA_Documents\Applications are invited from eligible candidates for the post of Legal Advisor in the Karnataka Real Estate Regulatory Authority_977ada03.pdf
notification,Amendment Notification - Applications are invited for the vacant post of Member in the Karnataka Real Estate Appellate Tribunal,https://rera.karnataka.gov.in/reraDocument?DOC=9BOJUIk1U96fOfXd2mMBpw%3D%3D,https://rera.karnataka.gov.in/notificationPage,Amendment Notification - Applications are invited for the vacant post of Member in the Karnataka Real Estate Appellate Tribunal_67c1e850.pdf,failed,KRERA_Documents\Amendment Notification - Applications are invited for the vacant post of Member in the Karnataka Real Estate Appellate Tribunal_67c1e850.pdf
notification,ರಾಷ್ಟ್ರೀಯ ಲೋಕ-ಅದಾಲತ್ ಕುರಿತು ಅಧಿಸೂಚನೆ 09.12.2023,https://rera.karnataka.gov.in/reraDocument?DOC=L252cLs%2FWwc9qnoTk1AXXw%3D%3D,https://rera.karnataka.gov.in/notificationPage,ರಾಷ್ಟ್ರೀಯ ಲೋಕ-ಅದಾಲತ್ ಕುರಿತು ಅಧಿಸೂಚನೆ 09.12.2023_14d61a3a.pdf,downloaded,KRERA_Documents\ರಾಷ್ಟ್ರೀಯ ಲೋಕ-ಅದಾಲತ್ ಕುರಿತು ಅಧಿಸೂಚನೆ 09.12.2023_14d61a3a.pdf
notification,Applications are invited for the vacant post of Member in the Karnataka Real Estate Appellate Tribunal,https://rera.karnataka.gov.in/reraDocument?DOC=GEvvSW2nlgpBQLH4hfx1lA%3D%3D,https://rera.karnataka.gov.in/notificationPage,Applications are invited for the vacant post of Member in the Karnataka Real Estate Appellate Tribunal_b13c1dc3.pdf,downloaded,KRERA_Documents\Applications are invited for the vacant post of Member in the Karnataka Real Estate Appellate Tribunal_b13c1dc3.pdf
notification,Regarding cancellation of Notification issued for the post of Legal Adviser to RERA Authority,https://rera.karnataka.gov.in/reraDocument?DOC=uuVtL5Bmj0w1j%2FRACPNhZg%3D%3D,https://rera.karnataka.gov.in/notificationPage,Regarding cancellation of Notification issued for the post of Legal Adviser to RERA Authority_b7cbac84.pdf,downloaded,KRERA_Documents\Regarding cancellation of Notification issued for the post of Legal Adviser to RERA Authority_b7cbac84.pdf
notification,ರಾಷ್ಟ್ರೀಯ ಲೋಕ-ಅದಾಲತ್ ಕುರಿತು ಅಧಿಸೂಚನೆ 08.09.2023,https://rera.karnataka.gov.in/reraDocument?DOC=ITEpu35LyYYeRAURsy3muQ%3D%3D,https://rera.karnataka.gov.in/notificationPage,ರಾಷ್ಟ್ರೀಯ ಲೋಕ-ಅದಾಲತ್ ಕುರಿತು ಅಧಿಸೂಚನೆ 08.09.2023_0034a1fc.pdf,downloaded,KRERA_Documents\ರಾಷ್ಟ್ರೀಯ ಲೋಕ-ಅದಾಲತ್ ಕುರಿತು ಅಧಿಸೂಚನೆ 08.09.2023_0034a1fc.pdf
notification,Mandatory deposit of money into the RERA project designated bank account borrowed by the promoter by mortgage of the project land and utilisation for the same project development purposes.,https://rera.karnataka.gov.in/reraDocument?DOC=tpWZ%2FIOXx5opZZru3xX9wA%3D%3D,https://rera.karnataka.gov.in/notificationPage,Mandatory deposit of money into the RERA project designated bank account borrowed by the promoter by mortgage of the project land and utilisation for the same project development p_9186f2f2.pdf,failed,KRERA_Documents\Mandatory deposit of money into the RERA project designated bank account borrowed by the promoter by mortgage of the project land and utilisation for the same project development p_9186f2f2.pdf
notification,Applications  are invited from eligible candidates for Empanelment of Advocates/Law firms to represent the Karnataka Real Estate Regulatory Authority,https://rera.karnataka.gov.in/reraDocument?DOC=M1e3GS5FUcU9rD5yCuyjqA%3D%3D,https://rera.karnataka.gov.in/notificationPage,Applications are invited from eligible candidates for Empanelment of Advocates_Law firms to represent the Karnataka Real Estate Regulatory Authority_a2d20fde.pdf,failed,KRERA_Documents\Applications are invited from eligible candidates for Empanelment of Advocates_Law firms to represent the Karnataka Real Estate Regulatory Authority_a2d20fde.pdf
notification,Applications are invited from eligible candidates for the post of Legal Advisor in the Karnataka Real Estate Regulatory Authority,https://rera.karnataka.gov.in/reraDocument?DOC=l%2BWLHFpg0AuUNULZIuGWdw%3D%3D,https://rera.karnataka.gov.in/notificationPage,Applications are invited from eligible candidates for the post of Legal Advisor in the Karnataka Real Estate Regulatory Authority_13e022cc.pdf,failed,KRERA_Documents\Applications are invited from eligible candidates for the post of Legal Advisor in the Karnataka Real Estate Regulatory Authority_13e022cc.pdf
notification,Applications are invited from eligible candidates for the post of Legal Advisor in Karnataka Real Estate Regulatory Authority,https://rera.karnataka.gov.in/reraDocument?DOC=QHDir4OeIbBvUMYbRXzisw%3D%3D,https://rera.karnataka.gov.in/notificationPage,Applications are invited from eligible candidates for the post of Legal Advisor in Karnataka Real Estate Regulatory Authority_4be0872f.pdf,downloaded,KRERA_Documents\Applications are invited from eligible candidates for the post of Legal Advisor in Karnataka Real Estate Regulatory Authority_4be0872f.pdf
notification,Applications are invited from eligible candidates for the post of Standing Counsel in Karnataka Real Estate Regulatory Authority,https://rera.karnataka.gov.in/reraDocument?DOC=%2BLPSABFuY5oPVKN%2BqqrbJA%3D%3D,https://rera.karnataka.gov.in/notificationPage,Applications are invited from eligible candidates for the post of Standing Counsel in Karnataka Real Estate Regulatory Authority_b00b51e4.pdf,failed,KRERA_Documents\Applications are invited from eligible candidates for the post of Standing Counsel in Karnataka Real Estate Regulatory Authority_b00b51e4.pdf
notification,"Applications are invited from eligible candidates for various posts in Karnataka Real Estate Regulatory Authority, Bengaluru.",https://rera.karnataka.gov.in/reraDocument?DOC=oYRl5yjV9b%2ByI1DklhZZ0w%3D%3D,https://rera.karnataka.gov.in/notificationPage,"Applications are invited from eligible candidates for various posts in Karnataka Real Estate Regulatory Authority, Bengaluru_b4a4becf.pdf",downloaded,"KRERA_Documents\Applications are invited from eligible candidates for various posts in Karnataka Real Estate Regulatory Authority, Bengaluru_b4a4becf.pdf"
notification,ರಾಷ್ಟ್ರೀಯ ಲೋಕ-ಅದಾಲತ್ ಕುರಿತು ಅಧಿಸೂಚನೆ 11.02.2023,https://rera.karnataka.gov.in/reraDocument?DOC=mmfr2MG9bhn8rGyG3SpLPA%3D%3D,https://rera.karnataka.gov.in/notificationPage,ರಾಷ್ಟ್ರೀಯ ಲೋಕ-ಅದಾಲತ್ ಕುರಿತು ಅಧಿಸೂಚನೆ 11.02.2023_3cac89ac.pdf,downloaded,KRERA_Documents\ರಾಷ್ಟ್ರೀಯ ಲೋಕ-ಅದಾಲತ್ ಕುರಿತು ಅಧಿಸೂಚನೆ 11.02.2023_3cac89ac.pdf
notification,Publication of Guide for using National Building Code of India 2016 and Pamphlets for Homeowners and Home Buyers,https://rera.karnataka.gov.in/reraDocument?DOC=R702w4MA1Q80dG9c5tOcYw%3D%3D,https://rera.karnataka.gov.in/notificationPage,Publication of Guide for using National Building Code of India 2016 and Pamphlets for Homeowners and Home Buyers_f20d0e22.pdf,downloaded,KRERA_Documents\Publication of Guide for using National Building Code of India 2016 and Pamphlets for Homeowners and Home Buyers_f20d0e22.pdf
notification,Model Form of Allotment Letter,https://rera.karnataka.gov.in/reraDocument?DOC=3BZfojXjXoiTaV%2Bz%2BZ3uEQ%3D%3D,https://rera.karnataka.gov.in/notificationPage,Model Form of Allotment Letter_380634a0.pdf,downloaded,KRERA_Documents\Model Form of Allotment Letter_380634a0.pdf
notification,ಕರ್ನಾಟಕ ರಿಯಲ್ ಎಸ್ಟೇಟ್ ನಿಯಂತ್ರಣ ಪ್ರಾಧಿಕಾರಧಲ್ಲಿ ಸಾರ್ವಜನಿಕ ಕುಂದುಕೊರತೆ ನಿರ್ವಹಣಾಧಿಕಾರಿ ನೇಮಿಸುವ ಬಗ್ಗೆ,https://rera.karnataka.gov.in/reraDocument?DOC=%2BplFnmyoSM%2F468iK9eNb0g%3D%3D,https://rera.karnataka.gov.in/notificationPage,ಕರ್ನಾಟಕ ರಿಯಲ್ ಎಸ್ಟೇಟ್ ನಿಯಂತ್ರಣ ಪ್ರಾಧಿಕಾರಧಲ್ಲಿ ಸಾರ್ವಜನಿಕ ಕುಂದುಕೊರತೆ ನಿರ್ವಹಣಾಧಿಕಾರಿ ನೇಮಿಸುವ ಬಗ್ಗೆ_05047832.pdf,downloaded,KRERA_Documents\ಕರ್ನಾಟಕ ರಿಯಲ್ ಎಸ್ಟೇಟ್ ನಿಯಂತ್ರಣ ಪ್ರಾಧಿಕಾರಧಲ್ಲಿ ಸಾರ್ವಜನಿಕ ಕುಂದುಕೊರತೆ ನಿರ್ವಹಣಾಧಿಕಾರಿ ನೇಮಿಸುವ ಬಗ್ಗೆ_05047832.pdf
notification,Inviting Applications for Empanelment of Legal Counsel(s) to represent the Karnataka Real Estate Regulatory Authority,https://rera.karnataka.gov.in/reraDocument?DOC=gTPWOY59JIG2qX3P6WeRQw%3D%3D,https://rera.karnataka.gov.in/notificationPage,Inviting Applications for Empanelment of Legal Counsel(s) to represent the Karnataka Real Estate Regulatory Authority_a119546d.pdf,downloaded,KRERA_Documents\Inviting Applications for Empanelment of Legal Counsel(s) to represent the Karnataka Real Estate Regulatory Authority_a119546d.pdf
notification,Inviting Applications from eligible persons for appointment to the post of Member of Karnataka Real Estate Regulatory Authority,https://rera.karnataka.gov.in/reraDocument?DOC=Yi%2BETM%2F1NxgpyO%2FHf8J%2FmQ%3D%3D,https://rera.karnataka.gov.in/notificationPage,Inviting Applications from eligible persons for appointment to the post of Member of Karnataka Real Estate Regulatory Authority_a4d7b7b5.pdf,failed,KRERA_Documents\Inviting Applications from eligible persons for appointment to the post of Member of Karnataka Real Estate Regulatory Authority_a4d7b7b5.pdf
notification,ರಾಷ್ಟ್ರೀಯ ಲೋಕ-ಅದಾಲತ್ ಕುರಿತು ಅಧಿಸೂಚನೆ 12.11.2022,https://rera.karnataka.gov.in/reraDocument?DOC=nfI8YU%2FP4Qkd4UXc9coOsQ%3D%3D,https://rera.karnataka.gov.in/notificationPage,ರಾಷ್ಟ್ರೀಯ ಲೋಕ-ಅದಾಲತ್ ಕುರಿತು ಅಧಿಸೂಚನೆ 12.11.2022_0df575d4.pdf,downloaded,KRERA_Documents\ರಾಷ್ಟ್ರೀಯ ಲೋಕ-ಅದಾಲತ್ ಕುರಿತು ಅಧಿಸೂಚನೆ 12.11.2022_0df575d4.pdf
notification,ಕರ್ನಾಟಕ ರಿಯಲ್ ಎಸ್ಟೇಟ್ ನಿಯಂತ್ರಣ ಪ್ರಾಧಿಕಾರದ ಆದೇಶವನ್ನು ಪಾಲಿಸದಿರುವುದರಿಂದ ಭೂಕಂದಾಯ ಬಾಕಿ ವಸೂಲಾತಿ ಕೋರಿ ಕ್ರಮವಹಿಸಲಾಗಿರುವ ಪ್ರವರ್ತಕರುಗಳ ಪಟ್ಟಿ,https://rera.karnataka.gov.in/reraDocument?DOC=U5lFx7jgVQSpnScuStwvjA%3D%3D,https://rera.karnataka.gov.in/notificationPage,ಕರ್ನಾಟಕ ರಿಯಲ್ ಎಸ್ಟೇಟ್ ನಿಯಂತ್ರಣ ಪ್ರಾಧಿಕಾರದ ಆದೇಶವನ್ನು ಪಾಲಿಸದಿರುವುದರಿಂದ ಭೂಕಂದಾಯ ಬಾಕಿ ವಸೂಲಾತಿ ಕೋರಿ ಕ್ರಮವಹಿಸಲಾಗಿರುವ ಪ್ರವರ್ತಕರುಗಳ ಪಟ್ಟಿ_531c2242.pdf,failed,KRERA_Documents\ಕರ್ನಾಟಕ ರಿಯಲ್ ಎಸ್ಟೇಟ್ ನಿಯಂತ್ರಣ ಪ್ರಾಧಿಕಾರದ ಆದೇಶವನ್ನು ಪಾಲಿಸದಿರುವುದರಿಂದ ಭೂಕಂದಾಯ ಬಾಕಿ ವಸೂಲಾತಿ ಕೋರಿ ಕ್ರಮವಹಿಸಲಾಗಿರುವ ಪ್ರವರ್ತಕರುಗಳ ಪಟ್ಟಿ_531c2242.pdf
notification,ರಾಷ್ಟ್ರೀಯ ಲೋಕ-ಅದಾಲತ್ ಕುರಿತು ಅಧಿಸೂಚನೆ 12.07.2022,https://rera.karnataka.gov.in/reraDocument?DOC=Yjr7GAENw09l9J96rx8q3w%3D%3D,https://rera.karnataka.gov.in/notificationPage,ರಾಷ್ಟ್ರೀಯ ಲೋಕ-ಅದಾಲತ್ ಕುರಿತು ಅಧಿಸೂಚನೆ 12.07.2022_54414cf5.pdf,downloaded,KRERA_Documents\ರಾಷ್ಟ್ರೀಯ ಲೋಕ-ಅದಾಲತ್ ಕುರಿತು ಅಧಿಸೂಚನೆ 12.07.2022_54414cf5.pdf
notification,ಪ್ರಾಧಿಕಾರದಲ್ಲಿ ಹೆಚ್ಚುವರಿ ಪೀಠಗಳನ್ನು ರಚಿಸಿದ ಆದೇಶ,https://rera.karnataka.gov.in/reraDocument?DOC=7FnBHBaPn7%2FxFDhgcpaFEg%3D%3D,https://rera.karnataka.gov.in/notificationPage,ಪ್ರಾಧಿಕಾರದಲ್ಲಿ ಹೆಚ್ಚುವರಿ ಪೀಠಗಳನ್ನು ರಚಿಸಿದ ಆದೇಶ_04b8bc97.pdf,downloaded,KRERA_Documents\ಪ್ರಾಧಿಕಾರದಲ್ಲಿ ಹೆಚ್ಚುವರಿ ಪೀಠಗಳನ್ನು ರಚಿಸಿದ ಆದೇಶ_04b8bc97.pdf
notification,ರಾಷ್ಟ್ರೀಯ ಲೋಕ-ಅದಾಲತ್ ಕುರಿತು ಅಧಿಸೂಚನೆ 12.03.2022,https://rera.karnataka.gov.in/reraDocument?DOC=zwk2gt39FJD3r%2BmLmARdAw%3D%3D,https://rera.karnataka.gov.in/notificationPage,ರಾಷ್ಟ್ರೀಯ ಲೋಕ-ಅದಾಲತ್ ಕುರಿತು ಅಧಿಸೂಚನೆ 12.03.2022_d5254ca7.pdf,downloaded,KRERA_Documents\ರಾಷ್ಟ್ರೀಯ ಲೋಕ-ಅದಾಲತ್ ಕುರಿತು ಅಧಿಸೂಚನೆ 12.03.2022_d5254ca7.pdf
notification,Notification On Extension of Project,https://rera.karnataka.gov.in/reraDocument?DOC=aiZvusCGpARny60p7Wb%2FEA%3D%3D,https://rera.karnataka.gov.in/notificationPage,Notification On Extension of Project_ed3d9e43.pdf,downloaded,KRERA_Documents\Notification On Extension of Project_ed3d9e43.pdf
notification,"ಜಿಲ್ಲಾಧಿಕಾರಿಗಳು, ಬೆಂಗಳೂರು ಇವರಿಗೆ, ರೇರಾ ಪ್ರಾಧಿಕಾದ ಆದೇಶದಂತೆ ದಂಡ / ಪರಿಹಾರದ ಮೊತ್ತವನ್ನು ಕಂದಾಯ ಬಾಕಿ ಎಂದು ವಸೂಲಿಯಾಗಿರುವ ಬಗ್ಗೆ ಮಾಹಿತಿ ಒದಗಿಸುವ ಕುರಿತು ದಿನಾಂಕ: 15/12/2020 ರಂದು ಪ್ರಾಧಿಕಾರದಿಂದ ಬರೆದ ಪತ್ರ.",https://rera.karnataka.gov.in/reraDocument?DOC=JV4j0k9YqQ%2F32460GjnKsA%3D%3D,https://rera.karnataka.gov.in/notificationPage,"ಜಿಲ್ಲಾಧಿಕಾರಿಗಳು, ಬೆಂಗಳೂರು ಇವರಿಗೆ, ರೇರಾ ಪ್ರಾಧಿಕಾದ ಆದೇಶದಂತೆ ದಂಡ _ ಪರಿಹಾರದ ಮೊತ್ತವನ್ನು ಕಂದಾಯ ಬಾಕಿ ಎಂದು ವಸೂಲಿಯಾಗಿರುವ ಬಗ್ಗೆ ಮಾಹಿತಿ ಒದಗಿಸುವ ಕುರಿತು ದಿನಾಂಕ_ 15_12_2020 ರಂದು ಪ್ರಾಧಿಕಾರದಿಂದ ಬರ_9b36fd83.pdf",failed,"KRERA_Documents\ಜಿಲ್ಲಾಧಿಕಾರಿಗಳು, ಬೆಂಗಳೂರು ಇವರಿಗೆ, ರೇರಾ ಪ್ರಾಧಿಕಾದ ಆದೇಶದಂತೆ ದಂಡ _ ಪರಿಹಾರದ ಮೊತ್ತವನ್ನು ಕಂದಾಯ ಬಾಕಿ ಎಂದು ವಸೂಲಿಯಾಗಿರುವ ಬಗ್ಗೆ ಮಾಹಿತಿ ಒದಗಿಸುವ ಕುರಿತು ದಿನಾಂಕ_ 15_12_2020 ರಂದು ಪ್ರಾಧಿಕಾರದಿಂದ ಬರ_9b36fd83.pdf"
notification,"ಸರ್ಕಾರದ ಕಾರ್ಯದರ್ಶಿಗಳು, ವಸತಿ ಇಲಾಖೆ, ಇವರಿಗೆ ರೇರಾ ಪ್ರಾಧಿಕಾರದ ಆದೇಶದಂತೆ ದಂಡ / ಪರಿಹಾರದ ಮೊತ್ತದ ಶೀಘ್ರ ವಸೂಲಾತಿ ಬಗ್ಗೆ ಕ್ರಮ ವಹಿಸಲು ಸಂಬಂಧಪಟ್ಟ ಇಲಾಖೆಗಳಿಗೆ ಸೂಕ್ತ ನಿರ್ದೇಶನ ನೀಡುವ ಕುರಿತು ದಿನಾಂಕ 30/12/1010 ರಂದು ಪ್ರಾಧಿಕಾರದಿಂದ ಬರೆದ ಪತ್ರ.",https://rera.karnataka.gov.in/reraDocument?DOC=%2B9AhpnycHolmmiD0E2jIAQ%3D%3D,https://rera.karnataka.gov.in/notificationPage,"ಸರ್ಕಾರದ ಕಾರ್ಯದರ್ಶಿಗಳು, ವಸತಿ ಇಲಾಖೆ, ಇವರಿಗೆ ರೇರಾ ಪ್ರಾಧಿಕಾರದ ಆದೇಶದಂತೆ ದಂಡ _ ಪರಿಹಾರದ ಮೊತ್ತದ ಶೀಘ್ರ ವಸೂಲಾತಿ ಬಗ್ಗೆ ಕ್ರಮ ವಹಿಸಲು ಸಂಬಂಧಪಟ್ಟ ಇಲಾಖೆಗಳಿಗೆ ಸೂಕ್ತ ನಿರ್ದೇಶನ ನೀಡುವ ಕುರಿತು ದಿನಾಂಕ 30_1_4c999baf.pdf",failed,"KRERA_Documents\ಸರ್ಕಾರದ ಕಾರ್ಯದರ್ಶಿಗಳು, ವಸತಿ ಇಲಾಖೆ, ಇವರಿಗೆ ರೇರಾ ಪ್ರಾಧಿಕಾರದ ಆದೇಶದಂತೆ ದಂಡ _ ಪರಿಹಾರದ ಮೊತ್ತದ ಶೀಘ್ರ ವಸೂಲಾತಿ ಬಗ್ಗೆ ಕ್ರಮ ವಹಿಸಲು ಸಂಬಂಧಪಟ್ಟ ಇಲಾಖೆಗಳಿಗೆ ಸೂಕ್ತ ನಿರ್ದೇಶನ ನೀಡುವ ಕುರಿತು ದಿನಾಂಕ 30_1_4c999baf.pdf"
notification,"ಸರ್ಕಾರದ ಮುಖ್ಯ ಕಾರ್ಯದರ್ಶಿಗಳ ಆಪ್ತ ಕಾರ್ಯದರ್ಶಿಗಳಿಗೆ, ರೇರಾ ಪ್ರಾಧಿಕಾರದ ದೇಶದಂತೆ ದಂಡ / ಪರಿಹಾರದ ಮೊತ್ತದ ಶೀಘ್ರ ವಸೂಲಾತಿ ಬಗ್ಗೆ ಕ್ರಮ ವಹಿಸಲು ಸಂಬಂಧಪಟ್ಟ ಇಲಾಖೆಗಳಿಗೆ ಸೂಕ್ತ ನಿರ್ದೇಶನ ನೀಡುವ ಕುರಿತು ದಿನಾಂಕ 30/12/2020 ರಂದು ಪ್ರಾಧಿಕಾರದಿಂದ ಬರೆದ ಪತ್ರ.",https://rera.karnataka.gov.in/reraDocument?DOC=9gGNmDH3TtLIea4OfU93Hw%3D%3D,https://rera.karnataka.gov.in/notificationPage,"ಸರ್ಕಾರದ ಮುಖ್ಯ ಕಾರ್ಯದರ್ಶಿಗಳ ಆಪ್ತ ಕಾರ್ಯದರ್ಶಿಗಳಿಗೆ, ರೇರಾ ಪ್ರಾಧಿಕಾರದ ದೇಶದಂತೆ ದಂಡ _ ಪರಿಹಾರದ ಮೊತ್ತದ ಶೀಘ್ರ ವಸೂಲಾತಿ ಬಗ್ಗೆ ಕ್ರಮ ವಹಿಸಲು ಸಂಬಂಧಪಟ್ಟ ಇಲಾಖೆಗಳಿಗೆ ಸೂಕ್ತ ನಿರ್ದೇಶನ ನೀಡುವ ಕುರಿತು ದಿನಾಂ_1dd374f8.pdf",failed,"KRERA_Documents\ಸರ್ಕಾರದ ಮುಖ್ಯ ಕಾರ್ಯದರ್ಶಿಗಳ ಆಪ್ತ ಕಾರ್ಯದರ್ಶಿಗಳಿಗೆ, ರೇರಾ ಪ್ರಾಧಿಕಾರದ ದೇಶದಂತೆ ದಂಡ _ ಪರಿಹಾರದ ಮೊತ್ತದ ಶೀಘ್ರ ವಸೂಲಾತಿ ಬಗ್ಗೆ ಕ್ರಮ ವಹಿಸಲು ಸಂಬಂಧಪಟ್ಟ ಇಲಾಖೆಗಳಿಗೆ ಸೂಕ್ತ ನಿರ್ದೇಶನ ನೀಡುವ ಕುರಿತು ದಿನಾಂ_1dd374f8.pdf"
notification,ಕೋವಿಡ್-19 ಹಿನ್ನೆಲೆಯಲ್ಲಿ ಪ್ರಾಧಿಕಾರದ ನೋಂದಾಯಿತ ರಿಯಲ್ ಎಸ್ಟೇಟ್ ಯೋಜನೆಗಳನ್ನು ಪೂರ್ಣಗೊಳಿಸುವ ಅವಧಿಯನ್ನು “Force Majeure” ಅಡಿ ಇನ್ನೂ ಮೂರು ತಿಂಗಳ ಅವಧಿಗೆ ಮುಂದುವರೆಸಿ ಆದೇಶಿಸುವ ಕುರಿತು,https://rera.karnataka.gov.in/reraDocument?DOC=oTn5KVu1WHVthSv2O2dAGw%3D%3D,https://rera.karnataka.gov.in/notificationPage,ಕೋವಿಡ್-19 ಹಿನ್ನೆಲೆಯಲ್ಲಿ ಪ್ರಾಧಿಕಾರದ ನೋಂದಾಯಿತ ರಿಯಲ್ ಎಸ್ಟೇಟ್ ಯೋಜನೆಗಳನ್ನು ಪೂರ್ಣಗೊಳಿಸುವ ಅವಧಿಯನ್ನು “Force Majeure” ಅಡಿ ಇನ್ನೂ ಮೂರು ತಿಂಗಳ ಅವಧಿಗೆ ಮುಂದುವರೆಸಿ ಆದೇಶಿಸುವ ಕುರಿತು_79734c74.pdf,failed,KRERA_Documents\ಕೋವಿಡ್-19 ಹಿನ್ನೆಲೆಯಲ್ಲಿ ಪ್ರಾಧಿಕಾರದ ನೋಂದಾಯಿತ ರಿಯಲ್ ಎಸ್ಟೇಟ್ ಯೋಜನೆಗಳನ್ನು ಪೂರ್ಣಗೊಳಿಸುವ ಅವಧಿಯನ್ನು “Force Majeure” ಅಡಿ ಇನ್ನೂ ಮೂರು ತಿಂಗಳ ಅವಧಿಗೆ ಮುಂದುವರೆಸಿ ಆದೇಶಿಸುವ ಕುರಿತು_79734c74.pdf
notification,"ರಿಯಲ್ ಎಸ್ಟೇಟ್ (ನಿಯಂತ್ರಣ ಮತ್ತು ಅಭಿವೃದ್ಧಿ) ಕಾಯ್ದೆ, 2016ರ ಕಲಂ 81ರಡಿ ನೋಂದಾಯಿತವಲ್ಲದ ಯೋಜನೆಗಳಿಗೆ ಸಂಬಂಧಿಸಿದಂತೆ ಬಾಕಿಯಿರುವ ದೂರುಗಳಲ್ಲಿ ವಿಚಾರಣೆ ನಡೆಸಲು ರೇರಾ ಕಾರ್ಯದರ್ಶಿಯವರಿಗೆ ಅಧಿಕಾರ ಪ್ರತ್ಯಾಯೋಜಿಸುವ ಕುರಿತು",https://rera.karnataka.gov.in/reraDocument?DOC=4vxY9uImTPGMYMPwL%2BMxiA%3D%3D,https://rera.karnataka.gov.in/notificationPage,"ರಿಯಲ್ ಎಸ್ಟೇಟ್ (ನಿಯಂತ್ರಣ ಮತ್ತು ಅಭಿವೃದ್ಧಿ) ಕಾಯ್ದೆ, 2016ರ ಕಲಂ 81ರಡಿ ನೋಂದಾಯಿತವಲ್ಲದ ಯೋಜನೆಗಳಿಗೆ ಸಂಬಂಧಿಸಿದಂತೆ ಬಾಕಿಯಿರುವ ದೂರುಗಳಲ್ಲಿ ವಿಚಾರಣೆ ನಡೆಸಲು ರೇರಾ ಕಾರ್ಯದರ್ಶಿಯವರಿಗೆ ಅಧಿಕಾರ ಪ್ರತ್ಯಾಯೋಜಿಸ_36df75f6.pdf",failed,"KRERA_Documents\ರಿಯಲ್ ಎಸ್ಟೇಟ್ (ನಿಯಂತ್ರಣ ಮತ್ತು ಅಭಿವೃದ್ಧಿ) ಕಾಯ್ದೆ, 2016ರ ಕಲಂ 81ರಡಿ ನೋಂದಾಯಿತವಲ್ಲದ ಯೋಜನೆಗಳಿಗೆ ಸಂಬಂಧಿಸಿದಂತೆ ಬಾಕಿಯಿರುವ ದೂರುಗಳಲ್ಲಿ ವಿಚಾರಣೆ ನಡೆಸಲು ರೇರಾ ಕಾರ್ಯದರ್ಶಿಯವರಿಗೆ ಅಧಿಕಾರ ಪ್ರತ್ಯಾಯೋಜಿಸ_36df75f6.pdf"
notification,ಕೆಲಸದ ಸ್ಥಳದಲ್ಲಿ ಮಹಿಳೆಯರ ಮೇಲೆ ನಡೆಯುವ ಲೈಂಗಿಕ ಕಿರುಕುಳ ತಡೆಯಲು ಕರ್ನಾಟಕ ರಿಯಲ್ ಎಸ್ಟೇಟ್ ನಿಯಂತ್ರಣ ಪ್ರಾಧಿಕಾರದಲ್ಲಿ ಆಂತರಿಕ ದೂರು ನಿರ್ವಹಣಾ ಸಮತಿಯನ್ನು ರಚಿಸುವ ಕುರಿತು,https://rera.karnataka.gov.in/reraDocument?DOC=8IisqoXILEEeafQot9w4iQ%3D%3D,https://rera.karnataka.gov.in/notificationPage,ಕೆಲಸದ ಸ್ಥಳದಲ್ಲಿ ಮಹಿಳೆಯರ ಮೇಲೆ ನಡೆಯುವ ಲೈಂಗಿಕ ಕಿರುಕುಳ ತಡೆಯಲು ಕರ್ನಾಟಕ ರಿಯಲ್ ಎಸ್ಟೇಟ್ ನಿಯಂತ್ರಣ ಪ್ರಾಧಿಕಾರದಲ್ಲಿ ಆಂತರಿಕ ದೂರು ನಿರ್ವಹಣಾ ಸಮತಿಯನ್ನು ರಚಿಸುವ ಕುರಿತು_13346955.pdf,failed,KRERA_Documents\ಕೆಲಸದ ಸ್ಥಳದಲ್ಲಿ ಮಹಿಳೆಯರ ಮೇಲೆ ನಡೆಯುವ ಲೈಂಗಿಕ ಕಿರುಕುಳ ತಡೆಯಲು ಕರ್ನಾಟಕ ರಿಯಲ್ ಎಸ್ಟೇಟ್ ನಿಯಂತ್ರಣ ಪ್ರಾಧಿಕಾರದಲ್ಲಿ ಆಂತರಿಕ ದೂರು ನಿರ್ವಹಣಾ ಸಮತಿಯನ್ನು ರಚಿಸುವ ಕುರಿತು_13346955.pdf
notification,ರೇರಾ ಪ್ರಾಧಿಕಾರಕ್ಕೆ ಡಿಸೆಂಬರ್ 30 ರೊಳಗೆ ತ್ರೈಮಾಸಿಕ ವರದಿ ಸಲ್ಲಿಸಲು ಸೂಚನೆ,https://rera.karnataka.gov.in/reraDocument?DOC=BpPDPqIeqWLnFqrb1lLvkA%3D%3D,https://rera.karnataka.gov.in/notificationPage,ರೇರಾ ಪ್ರಾಧಿಕಾರಕ್ಕೆ ಡಿಸೆಂಬರ್ 30 ರೊಳಗೆ ತ್ರೈಮಾಸಿಕ ವರದಿ ಸಲ್ಲಿಸಲು ಸೂಚನೆ_2aef7542.pdf,downloaded,KRERA_Documents\ರೇರಾ ಪ್ರಾಧಿಕಾರಕ್ಕೆ ಡಿಸೆಂಬರ್ 30 ರೊಳಗೆ ತ್ರೈಮಾಸಿಕ ವರದಿ ಸಲ್ಲಿಸಲು ಸೂಚನೆ_2aef7542.pdf
notification,"ಭೂಕಂದಾಯ ಬಾಕಿ ವಸೂಲಾತಿ ಕೋರಿ  ಸರ್ಕಾರದ ಪ್ರಧಾನ ಕಾರ್ಯದರ್ಶಿ, ಕಂದಾಯ ಇಲಾಖೆ, ಬೆಂಗಳೂರು ಇವರಿಗೆ ಪ್ರಾಧಿಕಾರದಿಂದ ಬರೆಯಲಾದ ಪತ್ರ",https://rera.karnataka.gov.in/reraDocument?DOC=IEqIGvDQk0XIl9EJbM4baQ%3D%3D,https://rera.karnataka.gov.in/notificationPage,"ಭೂಕಂದಾಯ ಬಾಕಿ ವಸೂಲಾತಿ ಕೋರಿ ಸರ್ಕಾರದ ಪ್ರಧಾನ ಕಾರ್ಯದರ್ಶಿ, ಕಂದಾಯ ಇಲಾಖೆ, ಬೆಂಗಳೂರು ಇವರಿಗೆ ಪ್ರಾಧಿಕಾರದಿಂದ ಬರೆಯಲಾದ ಪತ್ರ_84043d72.pdf",downloaded,"KRERA_Documents\ಭೂಕಂದಾಯ ಬಾಕಿ ವಸೂಲಾತಿ ಕೋರಿ ಸರ್ಕಾರದ ಪ್ರಧಾನ ಕಾರ್ಯದರ್ಶಿ, ಕಂದಾಯ ಇಲಾಖೆ, ಬೆಂಗಳೂರು ಇವರಿಗೆ ಪ್ರಾಧಿಕಾರದಿಂದ ಬರೆಯಲಾದ ಪತ್ರ_84043d72.pdf"
notification,"ಭೂಕಂದಾಯ ಬಾಕಿ ವಸೂಲಾತಿಗಾಗಿ ಕೋರಿ ಪ್ರಾದೇಶಿಕ ಆಯುಕ್ತರು, ಬೆಂಗಳೂರು ವಿಭಾಗ, ಮೈಸೂರು ವಿಭಾಗ, ಬೆಳಗಾವಿ ವಿಭಾಗಗಳಿಗೆ ಪ್ರಾಧಿಕಾರದಿಂದ ಬರೆಯಲಾಗಿರುವ ಪತ್ರಗಳು",https://rera.karnataka.gov.in/reraDocument?DOC=B3t430iN1iWKOisy7QNEig%3D%3D,https://rera.karnataka.gov.in/notificationPage,"ಭೂಕಂದಾಯ ಬಾಕಿ ವಸೂಲಾತಿಗಾಗಿ ಕೋರಿ ಪ್ರಾದೇಶಿಕ ಆಯುಕ್ತರು, ಬೆಂಗಳೂರು ವಿಭಾಗ, ಮೈಸೂರು ವಿಭಾಗ, ಬೆಳಗಾವಿ ವಿಭಾಗಗಳಿಗೆ ಪ್ರಾಧಿಕಾರದಿಂದ ಬರೆಯಲಾಗಿರುವ ಪತ್ರಗಳು_003b0674.pdf",failed,"KRERA_Documents\ಭೂಕಂದಾಯ ಬಾಕಿ ವಸೂಲಾತಿಗಾಗಿ ಕೋರಿ ಪ್ರಾದೇಶಿಕ ಆಯುಕ್ತರು, ಬೆಂಗಳೂರು ವಿಭಾಗ, ಮೈಸೂರು ವಿಭಾಗ, ಬೆಳಗಾವಿ ವಿಭಾಗಗಳಿಗೆ ಪ್ರಾಧಿಕಾರದಿಂದ ಬರೆಯಲಾಗಿರುವ ಪತ್ರಗಳು_003b0674.pdf"
notification,"ಕರ್ನಾಟಕ ರಿಯಲ್ ಎಸ್ಟೇಟ್ ಮೇಲ್ಮನವಿ ನ್ಯಾಯಾಧೀಕರಣ ವಿನಿಯಮಗಳು, 2019",https://rera.karnataka.gov.in/reraDocument?DOC=NvTOZ3AYf0FEsh0HzIMszA%3D%3D,https://rera.karnataka.gov.in/notificationPage,"ಕರ್ನಾಟಕ ರಿಯಲ್ ಎಸ್ಟೇಟ್ ಮೇಲ್ಮನವಿ ನ್ಯಾಯಾಧೀಕರಣ ವಿನಿಯಮಗಳು, 2019_634abfa7.pdf",downloaded,"KRERA_Documents\ಕರ್ನಾಟಕ ರಿಯಲ್ ಎಸ್ಟೇಟ್ ಮೇಲ್ಮನವಿ ನ್ಯಾಯಾಧೀಕರಣ ವಿನಿಯಮಗಳು, 2019_634abfa7.pdf"
notification,"ಕರ್ನಾಟಕ ರಿಯಲ್ ಎಸ್ಟೇಟ್ (ನಿಯಂತ್ರಣ ಮತ್ತು ಅಭಿವೃದ್ದಿ) (ಮಾರಾಟ ಕರಾರು ಒಪ್ಪಂದ) ನಿಯಮಗಳು, 2020",https://rera.karnataka.gov.in/reraDocument?DOC=ibf3YlQD1L2R0uTQzijgfQ%3D%3D,https://rera.karnataka.gov.in/notificationPage,"ಕರ್ನಾಟಕ ರಿಯಲ್ ಎಸ್ಟೇಟ್ (ನಿಯಂತ್ರಣ ಮತ್ತು ಅಭಿವೃದ್ದಿ) (ಮಾರಾಟ ಕರಾರು ಒಪ್ಪಂದ) ನಿಯಮಗಳು, 2020_76a865ea.pdf",downloaded,"KRERA_Documents\ಕರ್ನಾಟಕ ರಿಯಲ್ ಎಸ್ಟೇಟ್ (ನಿಯಂತ್ರಣ ಮತ್ತು ಅಭಿವೃದ್ದಿ) (ಮಾರಾಟ ಕರಾರು ಒಪ್ಪಂದ) ನಿಯಮಗಳು, 2020_76a865ea.pdf"
notification,"Letter to Secretary, Housing Department, Bengaluru Division regarding Recovery of Arrears of Land Revenue",https://rera.karnataka.gov.in/resources/notifications/notification6.pdf,https://rera.karnataka.gov.in/notificationPage,"Letter to Secretary, Housing Department, Bengaluru Division regarding Recovery of Arrears of Land Revenue_8abfc637.pdf",downloaded,"KRERA_Documents\Letter to Secretary, Housing Department, Bengaluru Division regarding Recovery of Arrears of Land Revenue_8abfc637.pdf"
notification,"Letter to Principal Secretary, Revenue Department, Bengaluru Division regarding Recovery of Arrears of Land Revenue",https://rera.karnataka.gov.in/resources/notifications/notification7.pdf,https://rera.karnataka.gov.in/notificationPage,"Letter to Principal Secretary, Revenue Department, Bengaluru Division regarding Recovery of Arrears of Land Revenue_8c5cc507.pdf",downloaded,"KRERA_Documents\Letter to Principal Secretary, Revenue Department, Bengaluru Division regarding Recovery of Arrears of Land Revenue_8c5cc507.pdf"
notification,Notification On Karnataka Real Estate Appellate Tribunal,https://rera.karnataka.gov.in/resources/notifications/notification5.pdf,https://rera.karnataka.gov.in/notificationPage,Notification On Karnataka Real Estate Appellate Tribunal_bf8c0a17.pdf,downloaded,KRERA_Documents\Notification On Karnataka Real Estate Appellate Tribunal_bf8c0a17.pdf
notification,"Letter to Regional Commissioner, Bengaluru Division regarding Recovery of Arrears of Land Revenue",https://rera.karnataka.gov.in/resources/notifications/notification3.pdf,https://rera.karnataka.gov.in/notificationPage,"Letter to Regional Commissioner, Bengaluru Division regarding Recovery of Arrears of Land Revenue_1dc2e07b.pdf",downloaded,"KRERA_Documents\Letter to Regional Commissioner, Bengaluru Division regarding Recovery of Arrears of Land Revenue_1dc2e07b.pdf"
notification,Formation Of Conciliation and Dispute Resolution Cell In K-RERA,https://rera.karnataka.gov.in/resources/notifications/notification2.pdf,https://rera.karnataka.gov.in/notificationPage,Formation Of Conciliation and Dispute Resolution Cell In K-RERA_44213859.pdf,downloaded,KRERA_Documents\Formation Of Conciliation and Dispute Resolution Cell In K-RERA_44213859.pdf
notification,"List Of Promoters Pending For Recovery As Arrears of Land Revenue From DC Bengaluru, who are not complied the Orders of Adjudicating Officer, K-RERA",https://rera.karnataka.gov.in/resources/notifications/notification1.pdf,https://rera.karnataka.gov.in/notificationPage,"List Of Promoters Pending For Recovery As Arrears of Land Revenue From DC Bengaluru, who are not complied the Orders of Adjudicating Officer, K-RERA_32633d5f.pdf",failed,"KRERA_Documents\List Of Promoters Pending For Recovery As Arrears of Land Revenue From DC Bengaluru, who are not complied the Orders of Adjudicating Officer, K-RERA_32633d5f.pdf"
notification,Press Release 15/05/2019,https://rera.karnataka.gov.in/resources/notifications/Press Release 15052019.pdf,https://rera.karnataka.gov.in/notificationPage,Press Release 15_05_2019_875e1f3b.pdf,downloaded,KRERA_Documents\Press Release 15_05_2019_875e1f3b.pdf
notification,Press Release 22/04/2019,https://rera.karnataka.gov.in/resources/notifications/Press Release 220419.pdf,https://rera.karnataka.gov.in/notificationPage,Press Release 22_04_2019_16eb6b99.pdf,downloaded,KRERA_Documents\Press Release 22_04_2019_16eb6b99.pdf
notification,Press release,https://rera.karnataka.gov.in/resources/notifications/press_release_march.pdf,https://rera.karnataka.gov.in/notificationPage,Press release_68ef2eb8.pdf,downloaded,KRERA_Documents\Press release_68ef2eb8.pdf
notification,Notification shifting of RERA office to CSI building,https://rera.karnataka.gov.in/resources/notifications/newoffice.pdf,https://rera.karnataka.gov.in/notificationPage,Notification shifting of RERA office to CSI building_23677f6e.pdf,downloaded,KRERA_Documents\Notification shifting of RERA office to CSI building_23677f6e.pdf
notification,Notification on applicable penalty for ongoing projects,https://rera.karnataka.gov.in/resources/notifications/penalty_ongoing_projects.pdf,https://rera.karnataka.gov.in/notificationPage,Notification on applicable penalty for ongoing projects_01da9896.pdf,downloaded,KRERA_Documents\Notification on applicable penalty for ongoing projects_01da9896.pdf
notification,Public Notice,https://rera.karnataka.gov.in/resources/notifications/Public_Notice_19_Aug_2017.pdf,https://rera.karnataka.gov.in/notificationPage,Public Notice_3391ed64.pdf,downloaded,KRERA_Documents\Public Notice_3391ed64.pdf
notification,Public Notification,https://rera.karnataka.gov.in/resources/notifications/Public Notification.pdf,https://rera.karnataka.gov.in/notificationPage,Public Notification_8a4883e9.pdf,downloaded,KRERA_Documents\Public Notification_8a4883e9.pdf
