FinalPath,FileName,OriginalFileName,Bucket,DocumentTitle,DocType,SourceUrl,ClassificationSource,Notes
02_Corpus\RERA\01_Central_RERA\Karnataka Real_Estate_Act.pdf,Karnataka Real_Estate_Act.pdf,Karnataka Real_Estate_Act.pdf,01_Central_RERA,"The Real Estate (Regulation and Development) Act, 2016 (central Act)",act,,verified_by_reading_page_1,"Filename says ""Karnataka"" but content is the CENTRAL Act 2016. Name left unchanged."
02_Corpus\RERA\02_Karnataka_RERA\Circular on Registration of Real Estate Agents_dd1ce7af.pdf,Circular on Registration of Real Estate Agents_dd1ce7af.pdf,Circular on Registration of Real Estate Agents_dd1ce7af.pdf,02_Karnataka_RERA,Circular on Registration of Real Estate Agents,circular,https://rera.karnataka.gov.in/reraDocument?DOC=C7UKka5pBxGidSCbE4duvw%3D%3D,krera_metadata_title,
02_Corpus\RERA\02_Karnataka_RERA\Circular regarding submission of Quarterly updates for the project extended under Section 7_0b15c588.pdf,Circular regarding submission of Quarterly updates for the project extended under Section 7_0b15c588.pdf,Circular regarding submission of Quarterly updates for the project extended under Section 7_0b15c588.pdf,02_Karnataka_RERA,Circular regarding submission of Quarterly updates for the project extended under Section 7,circular,https://rera.karnataka.gov.in/reraDocument?DOC=QPIKQw4xO%2FExglklBxMLiQ%3D%3D,krera_metadata_title,
02_Corpus\RERA\02_Karnataka_RERA\KRERA_CORE_RETRY_04.pdf,KRERA_CORE_RETRY_04.pdf,KRERA_CORE_RETRY_04.pdf,02_Karnataka_RERA,Corrigendum to the Circular on Imposition of Penalty for Non-Submission and Delay in Submission of Quarterly Progress Reports for the Financial Year 2025-26,core_retry,https://rera.karnataka.gov.in/reraDocument?DOC=MJNv%2F%2FIxCikkmcIrmLbh3w%3D%3D,krera_metadata_title,
02_Corpus\RERA\02_Karnataka_RERA\KRERA_CORE_RETRY_08.pdf,KRERA_CORE_RETRY_08.pdf,KRERA_CORE_RETRY_08.pdf,02_Karnataka_RERA,"Extension of Time for Submission of Annual Audit Report for the financial year 2023-24 as per Section 4(2)(l)(D) of the RERA Act, 2016",core_retry,https://rera.karnataka.gov.in/reraDocument?DOC=Hp0Owd%2FxjJtROB%2B%2FV4EJuw%3D%3D,krera_metadata_title,
"02_Corpus\RERA\02_Karnataka_RERA\Extension of Time for Submission of Annual Audit report as per Section 4(2)(l)(D) of the RERA Act, 2016_fcc36092.pdf","Extension of Time for Submission of Annual Audit report as per Section 4(2)(l)(D) of the RERA Act, 2016_fcc36092.pdf","Extension of Time for Submission of Annual Audit report as per Section 4(2)(l)(D) of the RERA Act, 2016_fcc36092.pdf",02_Karnataka_RERA,"Extension of Time for Submission of Annual Audit report as per Section 4(2)(l)(D) of the RERA Act, 2016.",circular,https://rera.karnataka.gov.in/reraDocument?DOC=e5ax6YfWD43i8OsU%2Fx0ZDA%3D%3D,krera_metadata_title,
02_Corpus\RERA\02_Karnataka_RERA\KRERA_CORE_RETRY_01.pdf,KRERA_CORE_RETRY_01.pdf,KRERA_CORE_RETRY_01.pdf,02_Karnataka_RERA,"Extension of registration of real estate projects due to ‘Force Majeure’ under the provisions of Real Estate (Regulation and Development Act), 2016 as per the Advisory issued by Ministry of Housing and Urban Affairs (Housing Division)",core_retry,https://rera.karnataka.gov.in/reraDocument?DOC=IU%2BDzOtOiEch%2FpxVM2471A%3D%3D,krera_metadata_title,
02_Corpus\RERA\02_Karnataka_RERA\KRERA_CORE_RETRY_07.pdf,KRERA_CORE_RETRY_07.pdf,KRERA_CORE_RETRY_07.pdf,02_Karnataka_RERA,"Extension of time for submission of Annual Audit Report of the financial year 2024-25 as per section 4(2)(l)(D) of the RERA Act, 2016",core_retry,https://rera.karnataka.gov.in/reraDocument?DOC=5PnIl74DEyqWjdY2AM%2FeGw%3D%3D,krera_metadata_title,
02_Corpus\RERA\02_Karnataka_RERA\Fee for further Extension under Sec 7 of RERA Act 2016_1d3215e7.pdf,Fee for further Extension under Sec 7 of RERA Act 2016_1d3215e7.pdf,Fee for further Extension under Sec 7 of RERA Act 2016_1d3215e7.pdf,02_Karnataka_RERA,Fee for further Extension under Sec 7 of RERA Act 2016,circular,https://rera.karnataka.gov.in/reraDocument?DOC=bn%2B9rcHKDq1aZ03Aw99%2Big%3D%3D,krera_metadata_title,
02_Corpus\RERA\02_Karnataka_RERA\Fees and Head of Account Details for K-REAT Appeals_3ae3bdb5.pdf,Fees and Head of Account Details for K-REAT Appeals_3ae3bdb5.pdf,Fees and Head of Account Details for K-REAT Appeals_3ae3bdb5.pdf,02_Karnataka_RERA,Fees and Head of Account Details for K-REAT Appeals,notification,https://rera.karnataka.gov.in/resources/notifications/KREAT_Notification3.pdf,krera_metadata_title,
02_Corpus\RERA\02_Karnataka_RERA\KRERA_CORE_RETRY_09.pdf,KRERA_CORE_RETRY_09.pdf,KRERA_CORE_RETRY_09.pdf,02_Karnataka_RERA,"Final Extension of Time for Submission of Annual Audit report as per Section 4(2)(l)(D) of the RERA Act, 2016 for the financial year ending 31st March 2023",core_retry,https://rera.karnataka.gov.in/reraDocument?DOC=%2BOUz3t0lMvSWJncss4S0vg%3D%3D,krera_metadata_title,
02_Corpus\RERA\02_Karnataka_RERA\KRERA_CORE_RETRY_06.pdf,KRERA_CORE_RETRY_06.pdf,KRERA_CORE_RETRY_06.pdf,02_Karnataka_RERA,"Final Extension of time for submission of Annual Audit Report of the financial year 2024-25 as per section 4(2)(l)(D) of the RERA Act, 2016",core_retry,https://rera.karnataka.gov.in/reraDocument?DOC=%2F4Q1b265j%2FXMK6Po9eJVfg%3D%3D,krera_metadata_title,
02_Corpus\RERA\02_Karnataka_RERA\Formation Of Conciliation and Dispute Resolution Cell In K-RERA_44213859.pdf,Formation Of Conciliation and Dispute Resolution Cell In K-RERA_44213859.pdf,Formation Of Conciliation and Dispute Resolution Cell In K-RERA_44213859.pdf,02_Karnataka_RERA,Formation Of Conciliation and Dispute Resolution Cell In K-RERA,notification,https://rera.karnataka.gov.in/resources/notifications/notification2.pdf,krera_metadata_title,
02_Corpus\RERA\02_Karnataka_RERA\Imposing penalty for Non-Submission and Delay in Submission of Annual Audit Report for the Financial Year 2022-23_99863c6e.pdf,Imposing penalty for Non-Submission and Delay in Submission of Annual Audit Report for the Financial Year 2022-23_99863c6e.pdf,Imposing penalty for Non-Submission and Delay in Submission of Annual Audit Report for the Financial Year 2022-23_99863c6e.pdf,02_Karnataka_RERA,Imposing penalty for Non-Submission and Delay in Submission of Annual Audit Report for the Financial Year 2022-23,circular,https://rera.karnataka.gov.in/reraDocument?DOC=Wwj%2Bsq4EO2jSmWLPlDkQzw%3D%3D,krera_metadata_title,
02_Corpus\RERA\02_Karnataka_RERA\Imposing penalty for Non-Submission and Delay in Submission of Annual Audit Report for the Financial Year 2023-24_22a7a5f7.pdf,Imposing penalty for Non-Submission and Delay in Submission of Annual Audit Report for the Financial Year 2023-24_22a7a5f7.pdf,Imposing penalty for Non-Submission and Delay in Submission of Annual Audit Report for the Financial Year 2023-24_22a7a5f7.pdf,02_Karnataka_RERA,Imposing penalty for Non-Submission and Delay in Submission of Annual Audit Report for the Financial Year 2023-24,circular,https://rera.karnataka.gov.in/reraDocument?DOC=yVt1nArMM1owRddDayxAZg%3D%3D,krera_metadata_title,
02_Corpus\RERA\02_Karnataka_RERA\Imposing penalty for Non-Submission and Delay in Submission of Annual Audit Report for the Financial Year 2024-25_f2f49528.pdf,Imposing penalty for Non-Submission and Delay in Submission of Annual Audit Report for the Financial Year 2024-25_f2f49528.pdf,Imposing penalty for Non-Submission and Delay in Submission of Annual Audit Report for the Financial Year 2024-25_f2f49528.pdf,02_Karnataka_RERA,Imposing penalty for Non-Submission and Delay in Submission of Annual Audit Report for the Financial Year 2024-25,circular,https://rera.karnataka.gov.in/reraDocument?DOC=MYvoSgkMsDooMFS%2FhWn7rg%3D%3D,krera_metadata_title,
02_Corpus\RERA\02_Karnataka_RERA\Imposing penalty for Non-Submission and Delay in Submission of Quarterly Progress Reports for the Financial Year 202_1210f057.pdf,Imposing penalty for Non-Submission and Delay in Submission of Quarterly Progress Reports for the Financial Year 202_1210f057.pdf,Imposing penalty for Non-Submission and Delay in Submission of Quarterly Progress Reports for the Financial Year 2025-26_1210f057.pdf,02_Karnataka_RERA,Imposing penalty for Non-Submission and Delay in Submission of Quarterly Progress Reports for the Financial Year 2025-26,circular,https://rera.karnataka.gov.in/reraDocument?DOC=VfTQkfNdMQ9RzIQn%2BpzqWw%3D%3D,krera_metadata_title,filename shortened for Windows path limit
02_Corpus\RERA\02_Karnataka_RERA\KRERA_CORE_RETRY_05.pdf,KRERA_CORE_RETRY_05.pdf,KRERA_CORE_RETRY_05.pdf,02_Karnataka_RERA,Imposing penalty for Non-Submission and Delay in Submission of Quarterly Progress Reports for the financial Years from the financial year 2017-18 till completion of Quarter-4 of the financial year 2024-25,core_retry,https://rera.karnataka.gov.in/reraDocument?DOC=IWwJKkSGsh0PdQ7eDiUFqg%3D%3D,krera_metadata_title,
02_Corpus\RERA\02_Karnataka_RERA\Imposing penalty for delay in submission_ non-submission of Quarterly Updates for financial year 2026-27_c1c0bbfe.pdf,Imposing penalty for delay in submission_ non-submission of Quarterly Updates for financial year 2026-27_c1c0bbfe.pdf,Imposing penalty for delay in submission_ non-submission of Quarterly Updates for financial year 2026-27_c1c0bbfe.pdf,02_Karnataka_RERA,Imposing penalty for delay in submission/ non-submission of Quarterly Updates for financial year 2026-27,circular,https://rera.karnataka.gov.in/reraDocument?DOC=51qJAPc8chGXIgIuw3uWuw%3D%3D,krera_metadata_title,
02_Corpus\RERA\02_Karnataka_RERA\Karnataka FinalRERA_Rules-2017.pdf,Karnataka FinalRERA_Rules-2017.pdf,Karnataka FinalRERA_Rules-2017.pdf,02_Karnataka_RERA,"Karnataka Real Estate (Regulation and Development) Rules, 2017",rules,,filename+brief,
02_Corpus\RERA\02_Karnataka_RERA\Land Owners having Area_Revenue Share in Real Estate Project to be treated as Promoter (landowner)_c8c916fc.pdf,Land Owners having Area_Revenue Share in Real Estate Project to be treated as Promoter (landowner)_c8c916fc.pdf,Land Owners having Area_Revenue Share in Real Estate Project to be treated as Promoter (landowner)_c8c916fc.pdf,02_Karnataka_RERA,Land Owners having Area/Revenue Share in Real Estate Project to be treated as Promoter (landowner),circular,https://rera.karnataka.gov.in/resources/circulars/circular1.pdf,krera_metadata_title,
02_Corpus\RERA\02_Karnataka_RERA\KRERA_CORE_RETRY_11.pdf,KRERA_CORE_RETRY_11.pdf,KRERA_CORE_RETRY_11.pdf,02_Karnataka_RERA,Mandatory deposit of money into the RERA project designated bank account borrowed by the promoter by mortgage of the project land and utilisation for the same project development purposes.,core_retry,https://rera.karnataka.gov.in/reraDocument?DOC=tpWZ%2FIOXx5opZZru3xX9wA%3D%3D,krera_metadata_title,
02_Corpus\RERA\02_Karnataka_RERA\Notification On Extension of Project_ed3d9e43.pdf,Notification On Extension of Project_ed3d9e43.pdf,Notification On Extension of Project_ed3d9e43.pdf,02_Karnataka_RERA,Notification On Extension of Project,notification,https://rera.karnataka.gov.in/reraDocument?DOC=aiZvusCGpARny60p7Wb%2FEA%3D%3D,krera_metadata_title,
02_Corpus\RERA\02_Karnataka_RERA\Notification On Karnataka Real Estate Appellate Tribunal_bf8c0a17.pdf,Notification On Karnataka Real Estate Appellate Tribunal_bf8c0a17.pdf,Notification On Karnataka Real Estate Appellate Tribunal_bf8c0a17.pdf,02_Karnataka_RERA,Notification On Karnataka Real Estate Appellate Tribunal,notification,https://rera.karnataka.gov.in/resources/notifications/notification5.pdf,krera_metadata_title,
02_Corpus\RERA\02_Karnataka_RERA\Notification on applicable penalty for ongoing projects_01da9896.pdf,Notification on applicable penalty for ongoing projects_01da9896.pdf,Notification on applicable penalty for ongoing projects_01da9896.pdf,02_Karnataka_RERA,Notification on applicable penalty for ongoing projects,notification,https://rera.karnataka.gov.in/resources/notifications/penalty_ongoing_projects.pdf,krera_metadata_title,
02_Corpus\RERA\02_Karnataka_RERA\Revised Charges for various services Rendered by the K-RERA_f45e8ea7.pdf,Revised Charges for various services Rendered by the K-RERA_f45e8ea7.pdf,Revised Charges for various services Rendered by the K-RERA_f45e8ea7.pdf,02_Karnataka_RERA,Revised Charges for various services Rendered by the K-RERA,circular,https://rera.karnataka.gov.in/resources/circulars/circular10.pdf,krera_metadata_title,
"02_Corpus\RERA\02_Karnataka_RERA\Submission of Annual Audit Report for the financial year 2024-25 as per section 4(2)(l)(D) of the RERA Act, 2016_6c8028d6.pdf","Submission of Annual Audit Report for the financial year 2024-25 as per section 4(2)(l)(D) of the RERA Act, 2016_6c8028d6.pdf","Submission of Annual Audit Report for the financial year 2024-25 as per section 4(2)(l)(D) of the RERA Act, 2016_6c8028d6.pdf",02_Karnataka_RERA,"Submission of Annual Audit Report for the financial year 2024-25 as per section 4(2)(l)(D) of the RERA Act, 2016",circular,https://rera.karnataka.gov.in/reraDocument?DOC=a3X5hKu4cczOjTxcULAlpg%3D%3D,krera_metadata_title,
"02_Corpus\RERA\02_Karnataka_RERA\Submission of Annual Audit Report of the financial year 2025-26 as per section 4(2)(l)(D) of the RERA Act, 2016_2082b24e.pdf","Submission of Annual Audit Report of the financial year 2025-26 as per section 4(2)(l)(D) of the RERA Act, 2016_2082b24e.pdf","Submission of Annual Audit Report of the financial year 2025-26 as per section 4(2)(l)(D) of the RERA Act, 2016_2082b24e.pdf",02_Karnataka_RERA,"Submission of Annual Audit Report of the financial year 2025-26 as per section 4(2)(l)(D) of the RERA Act, 2016",circular,https://rera.karnataka.gov.in/reraDocument?DOC=oYMPjW9c7wSaqBBn%2Flg2Yw%3D%3D,krera_metadata_title,
02_Corpus\RERA\02_Karnataka_RERA\KRERA_CORE_RETRY_10.pdf,KRERA_CORE_RETRY_10.pdf,KRERA_CORE_RETRY_10.pdf,02_Karnataka_RERA,"Submission of Annual Audit report as per Section 4(2)(l)(D) of the RERA Act, 2016 for the financial year ending 31st March 2023",core_retry,https://rera.karnataka.gov.in/reraDocument?DOC=FQZU3AlKamOzbIypOI83VQ%3D%3D,krera_metadata_title,
"02_Corpus\RERA\02_Karnataka_RERA\Submission of Annual Audit report as per Section 4(2)(l)(D) of the RERA Act, 2016_79a7c212.pdf","Submission of Annual Audit report as per Section 4(2)(l)(D) of the RERA Act, 2016_79a7c212.pdf","Submission of Annual Audit report as per Section 4(2)(l)(D) of the RERA Act, 2016_79a7c212.pdf",02_Karnataka_RERA,"Submission of Annual Audit report as per Section 4(2)(l)(D) of the RERA Act, 2016.",circular,https://rera.karnataka.gov.in/reraDocument?DOC=s5xz54dYBUE1XB6nm5TzWA%3D%3D,krera_metadata_title,
02_Corpus\RERA\02_Karnataka_RERA\KRERA_CORE_RETRY_03.pdf,KRERA_CORE_RETRY_03.pdf,KRERA_CORE_RETRY_03.pdf,02_Karnataka_RERA,"Submission of Quarterly Progress Reports (QPRs) for the financial year 2026-27 in Compliance with the Real Estate (Regulation and Development) Act, 2016-Reg",core_retry,https://rera.karnataka.gov.in/reraDocument?DOC=trzaykgcDNeB05XGd5oQGw%3D%3D,krera_metadata_title,
02_Corpus\RERA\02_Karnataka_RERA\The Fees _ Charges for various services Rendered by the Authority_45604d72.pdf,The Fees _ Charges for various services Rendered by the Authority_45604d72.pdf,The Fees _ Charges for various services Rendered by the Authority_45604d72.pdf,02_Karnataka_RERA,The Fees / Charges for various services Rendered by the Authority,circular,https://rera.karnataka.gov.in/resources/circulars/circular7.pdf,krera_metadata_title,
"02_Corpus\RERA\02_Karnataka_RERA\ಕರ್ನಾಟಕ ರಿಯಲ್ ಎಸ್ಟೇಟ್ (ನಿಯಂತ್ರಣ ಮತ್ತು ಅಭಿವೃದ್ದಿ) (ಮಾರಾಟ ಕರಾರು ಒಪ್ಪಂದ) ನಿಯಮಗಳು, 2020_76a865ea.pdf","ಕರ್ನಾಟಕ ರಿಯಲ್ ಎಸ್ಟೇಟ್ (ನಿಯಂತ್ರಣ ಮತ್ತು ಅಭಿವೃದ್ದಿ) (ಮಾರಾಟ ಕರಾರು ಒಪ್ಪಂದ) ನಿಯಮಗಳು, 2020_76a865ea.pdf","ಕರ್ನಾಟಕ ರಿಯಲ್ ಎಸ್ಟೇಟ್ (ನಿಯಂತ್ರಣ ಮತ್ತು ಅಭಿವೃದ್ದಿ) (ಮಾರಾಟ ಕರಾರು ಒಪ್ಪಂದ) ನಿಯಮಗಳು, 2020_76a865ea.pdf",02_Karnataka_RERA,"ಕರ್ನಾಟಕ ರಿಯಲ್ ಎಸ್ಟೇಟ್ (ನಿಯಂತ್ರಣ ಮತ್ತು ಅಭಿವೃದ್ದಿ) (ಮಾರಾಟ ಕರಾರು ಒಪ್ಪಂದ) ನಿಯಮಗಳು, 2020",notification,https://rera.karnataka.gov.in/reraDocument?DOC=ibf3YlQD1L2R0uTQzijgfQ%3D%3D,krera_metadata_title,
"02_Corpus\RERA\02_Karnataka_RERA\ಕರ್ನಾಟಕ ರಿಯಲ್ ಎಸ್ಟೇಟ್ ಮೇಲ್ಮನವಿ ನ್ಯಾಯಾಧೀಕರಣ ವಿನಿಯಮಗಳು, 2019_634abfa7.pdf","ಕರ್ನಾಟಕ ರಿಯಲ್ ಎಸ್ಟೇಟ್ ಮೇಲ್ಮನವಿ ನ್ಯಾಯಾಧೀಕರಣ ವಿನಿಯಮಗಳು, 2019_634abfa7.pdf","ಕರ್ನಾಟಕ ರಿಯಲ್ ಎಸ್ಟೇಟ್ ಮೇಲ್ಮನವಿ ನ್ಯಾಯಾಧೀಕರಣ ವಿನಿಯಮಗಳು, 2019_634abfa7.pdf",02_Karnataka_RERA,"ಕರ್ನಾಟಕ ರಿಯಲ್ ಎಸ್ಟೇಟ್ ಮೇಲ್ಮನವಿ ನ್ಯಾಯಾಧೀಕರಣ ವಿನಿಯಮಗಳು, 2019",notification,https://rera.karnataka.gov.in/reraDocument?DOC=NvTOZ3AYf0FEsh0HzIMszA%3D%3D,krera_metadata_title,
02_Corpus\RERA\02_Karnataka_RERA\KRERA_CORE_RETRY_12.pdf,KRERA_CORE_RETRY_12.pdf,KRERA_CORE_RETRY_12.pdf,02_Karnataka_RERA,ಕೋವಿಡ್-19 ಹಿನ್ನೆಲೆಯಲ್ಲಿ ಪ್ರಾಧಿಕಾರದ ನೋಂದಾಯಿತ ರಿಯಲ್ ಎಸ್ಟೇಟ್ ಯೋಜನೆಗಳನ್ನು ಪೂರ್ಣಗೊಳಿಸುವ ಅವಧಿಯನ್ನು “Force Majeure” ಅಡಿ ಇನ್ನೂ ಮೂರು ತಿಂಗಳ ಅವಧಿಗೆ ಮುಂದುವರೆಸಿ ಆದೇಶಿಸುವ ಕುರಿತು,core_retry,https://rera.karnataka.gov.in/reraDocument?DOC=oTn5KVu1WHVthSv2O2dAGw%3D%3D,krera_metadata_title,
02_Corpus\RERA\02_Karnataka_RERA\ತ್ರೈಮಾಸಿಕ ಹಾಗೂ ವಾರ್ಷಿಕ ಲೆಕ್ಕ ಪರಿಶೋಧನಾ ತಃಖ್ತೆ ಸಲ್ಲಿಕೆಯ ವಿಳಂಬಕ್ಕಾಗಿ ವಿಧಿಸಲಾದ ವಿಳಂಬ ಶುಲ್ಕ_024fd150.pdf,ತ್ರೈಮಾಸಿಕ ಹಾಗೂ ವಾರ್ಷಿಕ ಲೆಕ್ಕ ಪರಿಶೋಧನಾ ತಃಖ್ತೆ ಸಲ್ಲಿಕೆಯ ವಿಳಂಬಕ್ಕಾಗಿ ವಿಧಿಸಲಾದ ವಿಳಂಬ ಶುಲ್ಕ_024fd150.pdf,ತ್ರೈಮಾಸಿಕ ಹಾಗೂ ವಾರ್ಷಿಕ ಲೆಕ್ಕ ಪರಿಶೋಧನಾ ತಃಖ್ತೆ ಸಲ್ಲಿಕೆಯ ವಿಳಂಬಕ್ಕಾಗಿ ವಿಧಿಸಲಾದ ವಿಳಂಬ ಶುಲ್ಕ_024fd150.pdf,02_Karnataka_RERA,ತ್ರೈಮಾಸಿಕ ಹಾಗೂ ವಾರ್ಷಿಕ ಲೆಕ್ಕ ಪರಿಶೋಧನಾ ತಃಖ್ತೆ ಸಲ್ಲಿಕೆಯ ವಿಳಂಬಕ್ಕಾಗಿ ವಿಧಿಸಲಾದ ವಿಳಂಬ ಶುಲ್ಕ,circular,https://rera.karnataka.gov.in/reraDocument?DOC=Dp%2F090BZlT85eapRUQQnwQ%3D%3D,krera_metadata_title,
02_Corpus\RERA\02_Karnataka_RERA\ಪ್ರಾಧಿಕಾರದಲ್ಲಿ ಹೆಚ್ಚುವರಿ ಪೀಠಗಳನ್ನು ರಚಿಸಿದ ಆದೇಶ_04b8bc97.pdf,ಪ್ರಾಧಿಕಾರದಲ್ಲಿ ಹೆಚ್ಚುವರಿ ಪೀಠಗಳನ್ನು ರಚಿಸಿದ ಆದೇಶ_04b8bc97.pdf,ಪ್ರಾಧಿಕಾರದಲ್ಲಿ ಹೆಚ್ಚುವರಿ ಪೀಠಗಳನ್ನು ರಚಿಸಿದ ಆದೇಶ_04b8bc97.pdf,02_Karnataka_RERA,ಪ್ರಾಧಿಕಾರದಲ್ಲಿ ಹೆಚ್ಚುವರಿ ಪೀಠಗಳನ್ನು ರಚಿಸಿದ ಆದೇಶ,notification,https://rera.karnataka.gov.in/reraDocument?DOC=7FnBHBaPn7%2FxFDhgcpaFEg%3D%3D,krera_metadata_title,
02_Corpus\RERA\02_Karnataka_RERA\ಯೋಜನಾ ವಿಸ್ತರಣೆ ಹಾಗೂ ಫಿರ್ಯಾದುಗಳ ವಿಚಾರಣೆಗೆ ಸಂಬಂಧಿಸಿದ ಪರಿಷ್ಕøತ ಸುತ್ತೋಲೆ_fc549b72.pdf,ಯೋಜನಾ ವಿಸ್ತರಣೆ ಹಾಗೂ ಫಿರ್ಯಾದುಗಳ ವಿಚಾರಣೆಗೆ ಸಂಬಂಧಿಸಿದ ಪರಿಷ್ಕøತ ಸುತ್ತೋಲೆ_fc549b72.pdf,ಯೋಜನಾ ವಿಸ್ತರಣೆ ಹಾಗೂ ಫಿರ್ಯಾದುಗಳ ವಿಚಾರಣೆಗೆ ಸಂಬಂಧಿಸಿದ ಪರಿಷ್ಕøತ ಸುತ್ತೋಲೆ_fc549b72.pdf,02_Karnataka_RERA,ಯೋಜನಾ ವಿಸ್ತರಣೆ ಹಾಗೂ ಫಿರ್ಯಾದುಗಳ ವಿಚಾರಣೆಗೆ ಸಂಬಂಧಿಸಿದ ಪರಿಷ್ಕøತ ಸುತ್ತೋಲೆ,circular,https://rera.karnataka.gov.in/reraDocument?DOC=IM5P4c6kqO2K9ahEQcvAuw%3D%3D,krera_metadata_title,
02_Corpus\RERA\02_Karnataka_RERA\ಯೋಜನಾ ವಿಸ್ತರಣೆ ಹಾಗೂ ಫಿರ್ಯಾದುಗಳ ವಿಚಾರಣೆಗೆ ಸಂಬಂಧಿಸಿದ ಸುತ್ತೋಲೆ_94b2ec02.pdf,ಯೋಜನಾ ವಿಸ್ತರಣೆ ಹಾಗೂ ಫಿರ್ಯಾದುಗಳ ವಿಚಾರಣೆಗೆ ಸಂಬಂಧಿಸಿದ ಸುತ್ತೋಲೆ_94b2ec02.pdf,ಯೋಜನಾ ವಿಸ್ತರಣೆ ಹಾಗೂ ಫಿರ್ಯಾದುಗಳ ವಿಚಾರಣೆಗೆ ಸಂಬಂಧಿಸಿದ ಸುತ್ತೋಲೆ_94b2ec02.pdf,02_Karnataka_RERA,ಯೋಜನಾ ವಿಸ್ತರಣೆ ಹಾಗೂ ಫಿರ್ಯಾದುಗಳ ವಿಚಾರಣೆಗೆ ಸಂಬಂಧಿಸಿದ ಸುತ್ತೋಲೆ,circular,https://rera.karnataka.gov.in/reraDocument?DOC=nbHboHdOzsUUksQRs9UF%2Fw%3D%3D,krera_metadata_title,
"02_Corpus\RERA\02_Karnataka_RERA\ರಿಯಲ್ ಎಸ್ಟೇಟ್ (ನಿಯಂತ್ರಣ ಮತ್ತು ಅಭಿವೃದ್ದಿ) ಕಾಯ್ದೆ, 2016 ರ ಕಲಂ 31 ರಡಿ ಪಾವತಿ ಶುಲ್ಕ_7b808c9c.pdf","ರಿಯಲ್ ಎಸ್ಟೇಟ್ (ನಿಯಂತ್ರಣ ಮತ್ತು ಅಭಿವೃದ್ದಿ) ಕಾಯ್ದೆ, 2016 ರ ಕಲಂ 31 ರಡಿ ಪಾವತಿ ಶುಲ್ಕ_7b808c9c.pdf","ರಿಯಲ್ ಎಸ್ಟೇಟ್ (ನಿಯಂತ್ರಣ ಮತ್ತು ಅಭಿವೃದ್ದಿ) ಕಾಯ್ದೆ, 2016 ರ ಕಲಂ 31 ರಡಿ ಪಾವತಿ ಶುಲ್ಕ_7b808c9c.pdf",02_Karnataka_RERA,"ರಿಯಲ್ ಎಸ್ಟೇಟ್ (ನಿಯಂತ್ರಣ ಮತ್ತು ಅಭಿವೃದ್ದಿ) ಕಾಯ್ದೆ, 2016 ರ ಕಲಂ 31 ರಡಿ ಪಾವತಿ ಶುಲ್ಕ",circular,https://rera.karnataka.gov.in/reraDocument?DOC=H%2BS4xmSZKK%2B9cecDq6wjaw%3D%3D,krera_metadata_title,
02_Corpus\RERA\02_Karnataka_RERA\ರೇರಾ ಪ್ರಾಧಿಕಾರಕ್ಕೆ ಡಿಸೆಂಬರ್ 30 ರೊಳಗೆ ತ್ರೈಮಾಸಿಕ ವರದಿ ಸಲ್ಲಿಸಲು ಸೂಚನೆ_2aef7542.pdf,ರೇರಾ ಪ್ರಾಧಿಕಾರಕ್ಕೆ ಡಿಸೆಂಬರ್ 30 ರೊಳಗೆ ತ್ರೈಮಾಸಿಕ ವರದಿ ಸಲ್ಲಿಸಲು ಸೂಚನೆ_2aef7542.pdf,ರೇರಾ ಪ್ರಾಧಿಕಾರಕ್ಕೆ ಡಿಸೆಂಬರ್ 30 ರೊಳಗೆ ತ್ರೈಮಾಸಿಕ ವರದಿ ಸಲ್ಲಿಸಲು ಸೂಚನೆ_2aef7542.pdf,02_Karnataka_RERA,ರೇರಾ ಪ್ರಾಧಿಕಾರಕ್ಕೆ ಡಿಸೆಂಬರ್ 30 ರೊಳಗೆ ತ್ರೈಮಾಸಿಕ ವರದಿ ಸಲ್ಲಿಸಲು ಸೂಚನೆ,notification,https://rera.karnataka.gov.in/reraDocument?DOC=BpPDPqIeqWLnFqrb1lLvkA%3D%3D,krera_metadata_title,
"02_Corpus\RERA\02_Karnataka_RERA\ರೇರಾ ಬ್ಯಾಂಕ್ ಖಾತೆ ನಿರ್ದೇಶನಗಳು, 2020_e4ab709d.pdf","ರೇರಾ ಬ್ಯಾಂಕ್ ಖಾತೆ ನಿರ್ದೇಶನಗಳು, 2020_e4ab709d.pdf","ರೇರಾ ಬ್ಯಾಂಕ್ ಖಾತೆ ನಿರ್ದೇಶನಗಳು, 2020_e4ab709d.pdf",02_Karnataka_RERA,"ರೇರಾ ಬ್ಯಾಂಕ್ ಖಾತೆ ನಿರ್ದೇಶನಗಳು, 2020",circular,https://rera.karnataka.gov.in/reraDocument?DOC=RmAYAMErSaQOgYENilI2Ew%3D%3D,krera_metadata_title,
02_Corpus\RERA\03_Supporting_Guidance\Guidelines For Extension of Registration Process_d2bea044.pdf,Guidelines For Extension of Registration Process_d2bea044.pdf,Guidelines For Extension of Registration Process_d2bea044.pdf,03_Supporting_Guidance,Guidelines For Extension of Registration Process,circular,https://rera.karnataka.gov.in/resources/circulars/circular6.pdf,krera_metadata_title,
02_Corpus\RERA\03_Supporting_Guidance\Guidelines for Change of Project Name_80927302.pdf,Guidelines for Change of Project Name_80927302.pdf,Guidelines for Change of Project Name_80927302.pdf,03_Supporting_Guidance,Guidelines for Change of Project Name,circular,https://rera.karnataka.gov.in/resources/circulars/circular3.pdf,krera_metadata_title,
02_Corpus\RERA\03_Supporting_Guidance\Guidelines for Releasing of advertisement in print and Electronic media_2bc27cd5.pdf,Guidelines for Releasing of advertisement in print and Electronic media_2bc27cd5.pdf,Guidelines for Releasing of advertisement in print and Electronic media_2bc27cd5.pdf,03_Supporting_Guidance,Guidelines for Releasing of advertisement in print and Electronic media,circular,https://rera.karnataka.gov.in/resources/circulars/circular2.pdf,krera_metadata_title,
02_Corpus\RERA\03_Supporting_Guidance\Guidelines to Digital Portals for Advertisement of Real Estate Projects - Reg_359c98fc.pdf,Guidelines to Digital Portals for Advertisement of Real Estate Projects - Reg_359c98fc.pdf,Guidelines to Digital Portals for Advertisement of Real Estate Projects - Reg_359c98fc.pdf,03_Supporting_Guidance,Guidelines to Digital Portals for Advertisement of Real Estate Projects - Reg,circular,https://rera.karnataka.gov.in/resources/circulars/circular5.pdf,krera_metadata_title,
02_Corpus\RERA\03_Supporting_Guidance\Model Form of Allotment Letter_380634a0.pdf,Model Form of Allotment Letter_380634a0.pdf,Model Form of Allotment Letter_380634a0.pdf,03_Supporting_Guidance,Model Form of Allotment Letter,notification,https://rera.karnataka.gov.in/reraDocument?DOC=3BZfojXjXoiTaV%2Bz%2BZ3uEQ%3D%3D,krera_metadata_title,
02_Corpus\RERA\03_Supporting_Guidance\Procedure for K-RERA Conciliation and Dispute Resolution Cell_51ad5be5.pdf,Procedure for K-RERA Conciliation and Dispute Resolution Cell_51ad5be5.pdf,Procedure for K-RERA Conciliation and Dispute Resolution Cell_51ad5be5.pdf,03_Supporting_Guidance,Procedure for K-RERA Conciliation and Dispute Resolution Cell,circular,https://rera.karnataka.gov.in/resources/circulars/circular9.pdf,krera_metadata_title,
02_Corpus\RERA\03_Supporting_Guidance\Procedure for transferring or assigning promoter's rights and liabilities to a third party_88738231.pdf,Procedure for transferring or assigning promoter's rights and liabilities to a third party_88738231.pdf,Procedure for transferring or assigning promoter's rights and liabilities to a third party_88738231.pdf,03_Supporting_Guidance,Procedure for transferring or assigning promoter's rights and liabilities to a third party,circular,https://rera.karnataka.gov.in/resources/circulars/TransferingofRights.pdf,krera_metadata_title,
02_Corpus\RERA\03_Supporting_Guidance\Publication of Guide for using National Building Code of India 2016 and Pamphlets for Homeowners and Home Buyer_f20d0e22.pdf,Publication of Guide for using National Building Code of India 2016 and Pamphlets for Homeowners and Home Buyer_f20d0e22.pdf,Publication of Guide for using National Building Code of India 2016 and Pamphlets for Homeowners and Home Buyers_f20d0e22.pdf,03_Supporting_Guidance,Publication of Guide for using National Building Code of India 2016 and Pamphlets for Homeowners and Home Buyers,notification,https://rera.karnataka.gov.in/reraDocument?DOC=R702w4MA1Q80dG9c5tOcYw%3D%3D,krera_metadata_title,filename shortened for Windows path limit
02_Corpus\RERA\03_Supporting_Guidance\KRERA_CORE_RETRY_02.pdf,KRERA_CORE_RETRY_02.pdf,KRERA_CORE_RETRY_02.pdf,03_Supporting_Guidance,"Regarding procedure to be followed in case of recovery of monetary and non-monetary reliefs in terms of orders passed on complaints filed under Section 31 of the RERA Act, 2016",core_retry,https://rera.karnataka.gov.in/reraDocument?DOC=U3p%2BTArM6QVanrCS%2F9WCNQ%3D%3D,krera_metadata_title,
02_Corpus\RERA\03_Supporting_Guidance\ಪುನರಾವೃತ ಪ್ರಶ್ನೆಗಳು_cdc5b8e2.pdf,ಪುನರಾವೃತ ಪ್ರಶ್ನೆಗಳು_cdc5b8e2.pdf,ಪುನರಾವೃತ ಪ್ರಶ್ನೆಗಳು_cdc5b8e2.pdf,03_Supporting_Guidance,ಪುನರಾವೃತ ಪ್ರಶ್ನೆಗಳು,notification,https://rera.karnataka.gov.in/resources/downloads/RERA_FAQ.pdf,krera_metadata_title,
02_Corpus\RERA\03_Supporting_Guidance\ರೇರಾ ಕಾಯ್ದೆಯ ಪುನರಾವೃತ ಪ್ರಶ್ನೆಗಳು_1123e3ae.pdf,ರೇರಾ ಕಾಯ್ದೆಯ ಪುನರಾವೃತ ಪ್ರಶ್ನೆಗಳು_1123e3ae.pdf,ರೇರಾ ಕಾಯ್ದೆಯ ಪುನರಾವೃತ ಪ್ರಶ್ನೆಗಳು_1123e3ae.pdf,03_Supporting_Guidance,ರೇರಾ ಕಾಯ್ದೆಯ ಪುನರಾವೃತ ಪ್ರಶ್ನೆಗಳು,notification,https://rera.karnataka.gov.in/resources/staticpage/FAQ.pdf,krera_metadata_title,
02_Corpus\RERA\03_Supporting_Guidance\ರೇರಾ ನಿಯಮಗಳ ಪುನರಾವೃತ ಪ್ರಶ್ನೆಗಳು_0a86b999.pdf,ರೇರಾ ನಿಯಮಗಳ ಪುನರಾವೃತ ಪ್ರಶ್ನೆಗಳು_0a86b999.pdf,ರೇರಾ ನಿಯಮಗಳ ಪುನರಾವೃತ ಪ್ರಶ್ನೆಗಳು_0a86b999.pdf,03_Supporting_Guidance,ರೇರಾ ನಿಯಮಗಳ ಪುನರಾವೃತ ಪ್ರಶ್ನೆಗಳು,notification,https://rera.karnataka.gov.in/resources/staticpage/KARNATKA_FAQs.pdf,krera_metadata_title,
02_Corpus\RERA\04_Review\Applications are invited for the post of Chairperson in the Karnataka Real Estate Regulatory Authority_f17ac41f.pdf,Applications are invited for the post of Chairperson in the Karnataka Real Estate Regulatory Authority_f17ac41f.pdf,Applications are invited for the post of Chairperson in the Karnataka Real Estate Regulatory Authority_f17ac41f.pdf,04_Review,Applications are invited for the post of Chairperson in the Karnataka Real Estate Regulatory Authority,notification,https://rera.karnataka.gov.in/reraDocument?DOC=rOec8tCnDn3Njp0IpgMdMw%3D%3D,krera_metadata_title,
02_Corpus\RERA\04_Review\Applications are invited for the post of One Judicial Member in the Karnataka Real Estate Appellate Tribunal_bed6f9bc.pdf,Applications are invited for the post of One Judicial Member in the Karnataka Real Estate Appellate Tribunal_bed6f9bc.pdf,Applications are invited for the post of One Judicial Member in the Karnataka Real Estate Appellate Tribunal_bed6f9bc.pdf,04_Review,Applications are invited for the post of One Judicial Member in the Karnataka Real Estate Appellate Tribunal,notification,https://rera.karnataka.gov.in/reraDocument?DOC=JHdpvlsPOJ794MugvxOJtA%3D%3D,krera_metadata_title,
02_Corpus\RERA\04_Review\Applications are invited for the post of one Technical_Administrative Member in the Karnataka Real Estate Appellate Tribunal_d1b9bf87.pdf,Applications are invited for the post of one Technical_Administrative Member in the Karnataka Real Estate Appellate Tribunal_d1b9bf87.pdf,Applications are invited for the post of one Technical_Administrative Member in the Karnataka Real Estate Appellate Tribunal_d1b9bf87.pdf,04_Review,Applications are invited for the post of one Technical/Administrative Member in the Karnataka Real Estate Appellate Tribunal,notification,https://rera.karnataka.gov.in/reraDocument?DOC=ElwToto7Xfzez6cByKwVpw%3D%3D,krera_metadata_title,
02_Corpus\RERA\04_Review\Applications are invited for the vacant post of Member in the Karnataka Real Estate Appellate Tribunal_b13c1dc3.pdf,Applications are invited for the vacant post of Member in the Karnataka Real Estate Appellate Tribunal_b13c1dc3.pdf,Applications are invited for the vacant post of Member in the Karnataka Real Estate Appellate Tribunal_b13c1dc3.pdf,04_Review,Applications are invited for the vacant post of Member in the Karnataka Real Estate Appellate Tribunal,notification,https://rera.karnataka.gov.in/reraDocument?DOC=GEvvSW2nlgpBQLH4hfx1lA%3D%3D,krera_metadata_title,
02_Corpus\RERA\04_Review\Applications are invited from eligible candidates for the post of Legal Advisor in Karnataka Real Estate Regulatory Authorit_4be0872f.pdf,Applications are invited from eligible candidates for the post of Legal Advisor in Karnataka Real Estate Regulatory Authorit_4be0872f.pdf,Applications are invited from eligible candidates for the post of Legal Advisor in Karnataka Real Estate Regulatory Authority_4be0872f.pdf,04_Review,Applications are invited from eligible candidates for the post of Legal Advisor in Karnataka Real Estate Regulatory Authority,notification,https://rera.karnataka.gov.in/reraDocument?DOC=QHDir4OeIbBvUMYbRXzisw%3D%3D,krera_metadata_title,filename shortened for Windows path limit
"02_Corpus\RERA\04_Review\Applications are invited from eligible candidates for various posts in Karnataka Real Estate Regulatory Authority, Bengaluru_b4a4becf.pdf","Applications are invited from eligible candidates for various posts in Karnataka Real Estate Regulatory Authority, Bengaluru_b4a4becf.pdf","Applications are invited from eligible candidates for various posts in Karnataka Real Estate Regulatory Authority, Bengaluru_b4a4becf.pdf",04_Review,"Applications are invited from eligible candidates for various posts in Karnataka Real Estate Regulatory Authority, Bengaluru.",notification,https://rera.karnataka.gov.in/reraDocument?DOC=oYRl5yjV9b%2ByI1DklhZZ0w%3D%3D,krera_metadata_title,
02_Corpus\RERA\04_Review\Circular on GST_3d3273ae.pdf,Circular on GST_3d3273ae.pdf,Circular on GST_3d3273ae.pdf,04_Review,Circular on GST,circular,https://rera.karnataka.gov.in/resources/circulars/Circular on GST.pdf,krera_metadata_title,
02_Corpus\RERA\04_Review\Inviting Applications for Empanelment of Legal Counsel(s) to represent the Karnataka Real Estate Regulatory Authority_a119546d.pdf,Inviting Applications for Empanelment of Legal Counsel(s) to represent the Karnataka Real Estate Regulatory Authority_a119546d.pdf,Inviting Applications for Empanelment of Legal Counsel(s) to represent the Karnataka Real Estate Regulatory Authority_a119546d.pdf,04_Review,Inviting Applications for Empanelment of Legal Counsel(s) to represent the Karnataka Real Estate Regulatory Authority,notification,https://rera.karnataka.gov.in/reraDocument?DOC=gTPWOY59JIG2qX3P6WeRQw%3D%3D,krera_metadata_title,
02_Corpus\RERA\04_Review\Lets celebrate Azadi Ka Amrit Mahotsav by unfurling Tiranga at Home from 11-17 August 2022_a7980ff2.pdf,Lets celebrate Azadi Ka Amrit Mahotsav by unfurling Tiranga at Home from 11-17 August 2022_a7980ff2.pdf,Lets celebrate Azadi Ka Amrit Mahotsav by unfurling Tiranga at Home from 11-17 August 2022_a7980ff2.pdf,04_Review,Lets celebrate Azadi Ka Amrit Mahotsav by unfurling Tiranga at Home from 11-17 August 2022,circular,https://rera.karnataka.gov.in/reraDocument?DOC=ppNpWjFE9Rn1EWKWIJNv7w%3D%3D,krera_metadata_title,
"02_Corpus\RERA\04_Review\Letter to Principal Secretary, Revenue Department, Bengaluru Division regarding Recovery of Arrears of Land Revenue_8c5cc507.pdf","Letter to Principal Secretary, Revenue Department, Bengaluru Division regarding Recovery of Arrears of Land Revenue_8c5cc507.pdf","Letter to Principal Secretary, Revenue Department, Bengaluru Division regarding Recovery of Arrears of Land Revenue_8c5cc507.pdf",04_Review,"Letter to Principal Secretary, Revenue Department, Bengaluru Division regarding Recovery of Arrears of Land Revenue",notification,https://rera.karnataka.gov.in/resources/notifications/notification7.pdf,krera_metadata_title,
"02_Corpus\RERA\04_Review\Letter to Regional Commissioner, Bengaluru Division regarding Recovery of Arrears of Land Revenue_1dc2e07b.pdf","Letter to Regional Commissioner, Bengaluru Division regarding Recovery of Arrears of Land Revenue_1dc2e07b.pdf","Letter to Regional Commissioner, Bengaluru Division regarding Recovery of Arrears of Land Revenue_1dc2e07b.pdf",04_Review,"Letter to Regional Commissioner, Bengaluru Division regarding Recovery of Arrears of Land Revenue",notification,https://rera.karnataka.gov.in/resources/notifications/notification3.pdf,krera_metadata_title,
"02_Corpus\RERA\04_Review\Letter to Secretary, Housing Department, Bengaluru Division regarding Recovery of Arrears of Land Revenue_8abfc637.pdf","Letter to Secretary, Housing Department, Bengaluru Division regarding Recovery of Arrears of Land Revenue_8abfc637.pdf","Letter to Secretary, Housing Department, Bengaluru Division regarding Recovery of Arrears of Land Revenue_8abfc637.pdf",04_Review,"Letter to Secretary, Housing Department, Bengaluru Division regarding Recovery of Arrears of Land Revenue",notification,https://rera.karnataka.gov.in/resources/notifications/notification6.pdf,krera_metadata_title,
02_Corpus\RERA\04_Review\KRERA_CORE_RETRY_13.pdf,KRERA_CORE_RETRY_13.pdf,KRERA_CORE_RETRY_13.pdf,04_Review,"List Of Promoters Pending For Recovery As Arrears of Land Revenue From DC Bengaluru, who are not complied the Orders of Adjudicating Officer, K-RERA",core_retry,https://rera.karnataka.gov.in/resources/notifications/notification1.pdf,krera_metadata_title,
02_Corpus\RERA\04_Review\List of Promoters Pending for Recovery as Arrears of Land Revenue who are not complied the Orders of K-RERA as on 30-06-2025_93a28c3f.pdf,List of Promoters Pending for Recovery as Arrears of Land Revenue who are not complied the Orders of K-RERA as on 30-06-2025_93a28c3f.pdf,List of Promoters Pending for Recovery as Arrears of Land Revenue who are not complied the Orders of K-RERA as on 30-06-2025_93a28c3f.pdf,04_Review,List of Promoters Pending for Recovery as Arrears of Land Revenue who are not complied the Orders of K-RERA as on 30-06-2025,notification,https://rera.karnataka.gov.in/reraDocument?DOC=HN1J8eqjG212jpdwMoxTEQ%3D%3D,krera_metadata_title,
02_Corpus\RERA\04_Review\List of Promoters Pending for Recovery as Arrears of Land Revenue who are not complied the Orders of K-RERA as on 31-01-2024_e3bab0c2.pdf,List of Promoters Pending for Recovery as Arrears of Land Revenue who are not complied the Orders of K-RERA as on 31-01-2024_e3bab0c2.pdf,List of Promoters Pending for Recovery as Arrears of Land Revenue who are not complied the Orders of K-RERA as on 31-01-2024_e3bab0c2.pdf,04_Review,List of Promoters Pending for Recovery as Arrears of Land Revenue who are not complied the Orders of K-RERA as on 31-01-2024,notification,https://rera.karnataka.gov.in/reraDocument?DOC=rAfSSQtzmm%2B2N0iYmL5q4w%3D%3D,krera_metadata_title,
02_Corpus\RERA\04_Review\List of Promoters Pending for Recovery as Arrears of Land Revenue who are not complied the Orders of K-RERA as on 31-08-2024_a25eb25a.pdf,List of Promoters Pending for Recovery as Arrears of Land Revenue who are not complied the Orders of K-RERA as on 31-08-2024_a25eb25a.pdf,List of Promoters Pending for Recovery as Arrears of Land Revenue who are not complied the Orders of K-RERA as on 31-08-2024_a25eb25a.pdf,04_Review,List of Promoters Pending for Recovery as Arrears of Land Revenue who are not complied the Orders of K-RERA as on 31-08-2024,notification,https://rera.karnataka.gov.in/reraDocument?DOC=A%2FiEVoYcbZHRXfRMJPqqzQ%3D%3D,krera_metadata_title,
02_Corpus\RERA\04_Review\List of Promoters Pending for Recovery as Arrears of Land Revenue who are not complied the Orders of K-RERA as on 31-12-2024_bb843064.pdf,List of Promoters Pending for Recovery as Arrears of Land Revenue who are not complied the Orders of K-RERA as on 31-12-2024_bb843064.pdf,List of Promoters Pending for Recovery as Arrears of Land Revenue who are not complied the Orders of K-RERA as on 31-12-2024_bb843064.pdf,04_Review,List of Promoters Pending for Recovery as Arrears of Land Revenue who are not complied the Orders of K-RERA as on 31-12-2024,notification,https://rera.karnataka.gov.in/reraDocument?DOC=yNtAoXxR1SrFNA0HDeWhHw%3D%3D,krera_metadata_title,
02_Corpus\RERA\04_Review\Notification Regarding National Lok-Adalat 13.12.2025_c7cba780.pdf,Notification Regarding National Lok-Adalat 13.12.2025_c7cba780.pdf,Notification Regarding National Lok-Adalat 13.12.2025_c7cba780.pdf,04_Review,Notification Regarding National Lok-Adalat 13.12.2025,notification,https://rera.karnataka.gov.in/reraDocument?DOC=WRqNfnYa%2Bup6Dz3rnIRS6Q%3D%3D,krera_metadata_title,
02_Corpus\RERA\04_Review\Notification shifting of RERA office to CSI building_23677f6e.pdf,Notification shifting of RERA office to CSI building_23677f6e.pdf,Notification shifting of RERA office to CSI building_23677f6e.pdf,04_Review,Notification shifting of RERA office to CSI building,notification,https://rera.karnataka.gov.in/resources/notifications/newoffice.pdf,krera_metadata_title,
02_Corpus\RERA\04_Review\Press Release 15_05_2019_875e1f3b.pdf,Press Release 15_05_2019_875e1f3b.pdf,Press Release 15_05_2019_875e1f3b.pdf,04_Review,Press Release 15/05/2019,notification,https://rera.karnataka.gov.in/resources/notifications/Press Release 15052019.pdf,krera_metadata_title,
02_Corpus\RERA\04_Review\Press Release 22_04_2019_16eb6b99.pdf,Press Release 22_04_2019_16eb6b99.pdf,Press Release 22_04_2019_16eb6b99.pdf,04_Review,Press Release 22/04/2019,notification,https://rera.karnataka.gov.in/resources/notifications/Press Release 220419.pdf,krera_metadata_title,
02_Corpus\RERA\04_Review\Press release_68ef2eb8.pdf,Press release_68ef2eb8.pdf,Press release_68ef2eb8.pdf,04_Review,Press release,notification,https://rera.karnataka.gov.in/resources/notifications/press_release_march.pdf,krera_metadata_title,
02_Corpus\RERA\04_Review\Public Notice_3391ed64.pdf,Public Notice_3391ed64.pdf,Public Notice_3391ed64.pdf,04_Review,Public Notice,notification,https://rera.karnataka.gov.in/resources/notifications/Public_Notice_19_Aug_2017.pdf,krera_metadata_title,
02_Corpus\RERA\04_Review\Public Notification_8a4883e9.pdf,Public Notification_8a4883e9.pdf,Public Notification_8a4883e9.pdf,04_Review,Public Notification,notification,https://rera.karnataka.gov.in/resources/notifications/Public Notification.pdf,krera_metadata_title,
02_Corpus\RERA\04_Review\Regarding cancellation of Notification issued for the post of Legal Adviser to RERA Authority_b7cbac84.pdf,Regarding cancellation of Notification issued for the post of Legal Adviser to RERA Authority_b7cbac84.pdf,Regarding cancellation of Notification issued for the post of Legal Adviser to RERA Authority_b7cbac84.pdf,04_Review,Regarding cancellation of Notification issued for the post of Legal Adviser to RERA Authority,notification,https://rera.karnataka.gov.in/reraDocument?DOC=uuVtL5Bmj0w1j%2FRACPNhZg%3D%3D,krera_metadata_title,
02_Corpus\RERA\04_Review\ಕರ್ನಾಟಕ ರಿಯಲ್ ಎಸ್ಟೇಟ್ ನಿಯಂತ್ರಣ ಪ್ರಾಧಿಕಾರಧಲ್ಲಿ ಸಾರ್ವಜನಿಕ ಕುಂದುಕೊರತೆ ನಿರ್ವಹಣಾಧಿಕಾರಿ ನೇಮಿಸುವ ಬಗ್ಗೆ_05047832.pdf,ಕರ್ನಾಟಕ ರಿಯಲ್ ಎಸ್ಟೇಟ್ ನಿಯಂತ್ರಣ ಪ್ರಾಧಿಕಾರಧಲ್ಲಿ ಸಾರ್ವಜನಿಕ ಕುಂದುಕೊರತೆ ನಿರ್ವಹಣಾಧಿಕಾರಿ ನೇಮಿಸುವ ಬಗ್ಗೆ_05047832.pdf,ಕರ್ನಾಟಕ ರಿಯಲ್ ಎಸ್ಟೇಟ್ ನಿಯಂತ್ರಣ ಪ್ರಾಧಿಕಾರಧಲ್ಲಿ ಸಾರ್ವಜನಿಕ ಕುಂದುಕೊರತೆ ನಿರ್ವಹಣಾಧಿಕಾರಿ ನೇಮಿಸುವ ಬಗ್ಗೆ_05047832.pdf,04_Review,ಕರ್ನಾಟಕ ರಿಯಲ್ ಎಸ್ಟೇಟ್ ನಿಯಂತ್ರಣ ಪ್ರಾಧಿಕಾರಧಲ್ಲಿ ಸಾರ್ವಜನಿಕ ಕುಂದುಕೊರತೆ ನಿರ್ವಹಣಾಧಿಕಾರಿ ನೇಮಿಸುವ ಬಗ್ಗೆ,notification,https://rera.karnataka.gov.in/reraDocument?DOC=%2BplFnmyoSM%2F468iK9eNb0g%3D%3D,krera_metadata_title,
02_Corpus\RERA\04_Review\ಪ್ರಾಧಿಕಾರಕ್ಕೆ ಆಗಮಿಸುವ ಸಾರ್ವಜನಿಕರು ತಮ್ಮ ಕುಂದುಕೊರತೆಗಳ ಕುರಿತು ಯಾರನ್ನು ಭೇಟಿಯಾಗಬೇಕೆಂಬ ಬಗ್ಗೆ ಸೂಚನೆ_8b18e0c4.pdf,ಪ್ರಾಧಿಕಾರಕ್ಕೆ ಆಗಮಿಸುವ ಸಾರ್ವಜನಿಕರು ತಮ್ಮ ಕುಂದುಕೊರತೆಗಳ ಕುರಿತು ಯಾರನ್ನು ಭೇಟಿಯಾಗಬೇಕೆಂಬ ಬಗ್ಗೆ ಸೂಚನೆ_8b18e0c4.pdf,ಪ್ರಾಧಿಕಾರಕ್ಕೆ ಆಗಮಿಸುವ ಸಾರ್ವಜನಿಕರು ತಮ್ಮ ಕುಂದುಕೊರತೆಗಳ ಕುರಿತು ಯಾರನ್ನು ಭೇಟಿಯಾಗಬೇಕೆಂಬ ಬಗ್ಗೆ ಸೂಚನೆ_8b18e0c4.pdf,04_Review,ಪ್ರಾಧಿಕಾರಕ್ಕೆ ಆಗಮಿಸುವ ಸಾರ್ವಜನಿಕರು ತಮ್ಮ ಕುಂದುಕೊರತೆಗಳ ಕುರಿತು ಯಾರನ್ನು ಭೇಟಿಯಾಗಬೇಕೆಂಬ ಬಗ್ಗೆ ಸೂಚನೆ,circular,https://rera.karnataka.gov.in/reraDocument?DOC=4EB8TdUEPb0fzSe7YzV%2Bqg%3D%3D,krera_metadata_title,
02_Corpus\RERA\04_Review\ಪ್ರಾಧಿಕಾರದ ನ್ಯಾಯಾಲಯದ ವಿಚಾರಣೆಗೆ ಹಾಜರಾಗುವ ವಕೀಲರು ಹಾಗೂ ಸಾರ್ವಜನಿಕರು ಧರಿಸಬೇಕಾದ ಉಡುಗೆಯ ಮಾನದಂಡಗಳು_5ceea63a.pdf,ಪ್ರಾಧಿಕಾರದ ನ್ಯಾಯಾಲಯದ ವಿಚಾರಣೆಗೆ ಹಾಜರಾಗುವ ವಕೀಲರು ಹಾಗೂ ಸಾರ್ವಜನಿಕರು ಧರಿಸಬೇಕಾದ ಉಡುಗೆಯ ಮಾನದಂಡಗಳು_5ceea63a.pdf,ಪ್ರಾಧಿಕಾರದ ನ್ಯಾಯಾಲಯದ ವಿಚಾರಣೆಗೆ ಹಾಜರಾಗುವ ವಕೀಲರು ಹಾಗೂ ಸಾರ್ವಜನಿಕರು ಧರಿಸಬೇಕಾದ ಉಡುಗೆಯ ಮಾನದಂಡಗಳು_5ceea63a.pdf,04_Review,ಪ್ರಾಧಿಕಾರದ ನ್ಯಾಯಾಲಯದ ವಿಚಾರಣೆಗೆ ಹಾಜರಾಗುವ ವಕೀಲರು ಹಾಗೂ ಸಾರ್ವಜನಿಕರು ಧರಿಸಬೇಕಾದ ಉಡುಗೆಯ ಮಾನದಂಡಗಳು,circular,https://rera.karnataka.gov.in/reraDocument?DOC=oCiuL6aMfDNZa4gPBcHf9g%3D%3D,krera_metadata_title,
"02_Corpus\RERA\04_Review\ಭೂಕಂದಾಯ ಬಾಕಿ ವಸೂಲಾತಿ ಕೋರಿ ಸರ್ಕಾರದ ಪ್ರಧಾನ ಕಾರ್ಯದರ್ಶಿ, ಕಂದಾಯ ಇಲಾಖೆ, ಬೆಂಗಳೂರು ಇವರಿಗೆ ಪ್ರಾಧಿಕಾರದಿಂದ ಬರೆಯಲಾದ ಪತ್ರ_84043d72.pdf","ಭೂಕಂದಾಯ ಬಾಕಿ ವಸೂಲಾತಿ ಕೋರಿ ಸರ್ಕಾರದ ಪ್ರಧಾನ ಕಾರ್ಯದರ್ಶಿ, ಕಂದಾಯ ಇಲಾಖೆ, ಬೆಂಗಳೂರು ಇವರಿಗೆ ಪ್ರಾಧಿಕಾರದಿಂದ ಬರೆಯಲಾದ ಪತ್ರ_84043d72.pdf","ಭೂಕಂದಾಯ ಬಾಕಿ ವಸೂಲಾತಿ ಕೋರಿ ಸರ್ಕಾರದ ಪ್ರಧಾನ ಕಾರ್ಯದರ್ಶಿ, ಕಂದಾಯ ಇಲಾಖೆ, ಬೆಂಗಳೂರು ಇವರಿಗೆ ಪ್ರಾಧಿಕಾರದಿಂದ ಬರೆಯಲಾದ ಪತ್ರ_84043d72.pdf",04_Review,"ಭೂಕಂದಾಯ ಬಾಕಿ ವಸೂಲಾತಿ ಕೋರಿ  ಸರ್ಕಾರದ ಪ್ರಧಾನ ಕಾರ್ಯದರ್ಶಿ, ಕಂದಾಯ ಇಲಾಖೆ, ಬೆಂಗಳೂರು ಇವರಿಗೆ ಪ್ರಾಧಿಕಾರದಿಂದ ಬರೆಯಲಾದ ಪತ್ರ",notification,https://rera.karnataka.gov.in/reraDocument?DOC=IEqIGvDQk0XIl9EJbM4baQ%3D%3D,krera_metadata_title,
02_Corpus\RERA\04_Review\ರಾಷ್ಟ್ರೀಯ ಲೋಕ-ಅದಾಲತ್ ಕುರಿತು ಅಧಿಸೂಚನೆ 08.09.2023_0034a1fc.pdf,ರಾಷ್ಟ್ರೀಯ ಲೋಕ-ಅದಾಲತ್ ಕುರಿತು ಅಧಿಸೂಚನೆ 08.09.2023_0034a1fc.pdf,ರಾಷ್ಟ್ರೀಯ ಲೋಕ-ಅದಾಲತ್ ಕುರಿತು ಅಧಿಸೂಚನೆ 08.09.2023_0034a1fc.pdf,04_Review,ರಾಷ್ಟ್ರೀಯ ಲೋಕ-ಅದಾಲತ್ ಕುರಿತು ಅಧಿಸೂಚನೆ 08.09.2023,notification,https://rera.karnataka.gov.in/reraDocument?DOC=ITEpu35LyYYeRAURsy3muQ%3D%3D,krera_metadata_title,
02_Corpus\RERA\04_Review\ರಾಷ್ಟ್ರೀಯ ಲೋಕ-ಅದಾಲತ್ ಕುರಿತು ಅಧಿಸೂಚನೆ 09.12.2023_14d61a3a.pdf,ರಾಷ್ಟ್ರೀಯ ಲೋಕ-ಅದಾಲತ್ ಕುರಿತು ಅಧಿಸೂಚನೆ 09.12.2023_14d61a3a.pdf,ರಾಷ್ಟ್ರೀಯ ಲೋಕ-ಅದಾಲತ್ ಕುರಿತು ಅಧಿಸೂಚನೆ 09.12.2023_14d61a3a.pdf,04_Review,ರಾಷ್ಟ್ರೀಯ ಲೋಕ-ಅದಾಲತ್ ಕುರಿತು ಅಧಿಸೂಚನೆ 09.12.2023,notification,https://rera.karnataka.gov.in/reraDocument?DOC=L252cLs%2FWwc9qnoTk1AXXw%3D%3D,krera_metadata_title,
02_Corpus\RERA\04_Review\ರಾಷ್ಟ್ರೀಯ ಲೋಕ-ಅದಾಲತ್ ಕುರಿತು ಅಧಿಸೂಚನೆ 11.02.2023_3cac89ac.pdf,ರಾಷ್ಟ್ರೀಯ ಲೋಕ-ಅದಾಲತ್ ಕುರಿತು ಅಧಿಸೂಚನೆ 11.02.2023_3cac89ac.pdf,ರಾಷ್ಟ್ರೀಯ ಲೋಕ-ಅದಾಲತ್ ಕುರಿತು ಅಧಿಸೂಚನೆ 11.02.2023_3cac89ac.pdf,04_Review,ರಾಷ್ಟ್ರೀಯ ಲೋಕ-ಅದಾಲತ್ ಕುರಿತು ಅಧಿಸೂಚನೆ 11.02.2023,notification,https://rera.karnataka.gov.in/reraDocument?DOC=mmfr2MG9bhn8rGyG3SpLPA%3D%3D,krera_metadata_title,
02_Corpus\RERA\04_Review\ರಾಷ್ಟ್ರೀಯ ಲೋಕ-ಅದಾಲತ್ ಕುರಿತು ಅಧಿಸೂಚನೆ 12.03.2022_d5254ca7.pdf,ರಾಷ್ಟ್ರೀಯ ಲೋಕ-ಅದಾಲತ್ ಕುರಿತು ಅಧಿಸೂಚನೆ 12.03.2022_d5254ca7.pdf,ರಾಷ್ಟ್ರೀಯ ಲೋಕ-ಅದಾಲತ್ ಕುರಿತು ಅಧಿಸೂಚನೆ 12.03.2022_d5254ca7.pdf,04_Review,ರಾಷ್ಟ್ರೀಯ ಲೋಕ-ಅದಾಲತ್ ಕುರಿತು ಅಧಿಸೂಚನೆ 12.03.2022,notification,https://rera.karnataka.gov.in/reraDocument?DOC=zwk2gt39FJD3r%2BmLmARdAw%3D%3D,krera_metadata_title,
02_Corpus\RERA\04_Review\ರಾಷ್ಟ್ರೀಯ ಲೋಕ-ಅದಾಲತ್ ಕುರಿತು ಅಧಿಸೂಚನೆ 12.07.2022_54414cf5.pdf,ರಾಷ್ಟ್ರೀಯ ಲೋಕ-ಅದಾಲತ್ ಕುರಿತು ಅಧಿಸೂಚನೆ 12.07.2022_54414cf5.pdf,ರಾಷ್ಟ್ರೀಯ ಲೋಕ-ಅದಾಲತ್ ಕುರಿತು ಅಧಿಸೂಚನೆ 12.07.2022_54414cf5.pdf,04_Review,ರಾಷ್ಟ್ರೀಯ ಲೋಕ-ಅದಾಲತ್ ಕುರಿತು ಅಧಿಸೂಚನೆ 12.07.2022,notification,https://rera.karnataka.gov.in/reraDocument?DOC=Yjr7GAENw09l9J96rx8q3w%3D%3D,krera_metadata_title,
02_Corpus\RERA\04_Review\ರಾಷ್ಟ್ರೀಯ ಲೋಕ-ಅದಾಲತ್ ಕುರಿತು ಅಧಿಸೂಚನೆ 12.11.2022_0df575d4.pdf,ರಾಷ್ಟ್ರೀಯ ಲೋಕ-ಅದಾಲತ್ ಕುರಿತು ಅಧಿಸೂಚನೆ 12.11.2022_0df575d4.pdf,ರಾಷ್ಟ್ರೀಯ ಲೋಕ-ಅದಾಲತ್ ಕುರಿತು ಅಧಿಸೂಚನೆ 12.11.2022_0df575d4.pdf,04_Review,ರಾಷ್ಟ್ರೀಯ ಲೋಕ-ಅದಾಲತ್ ಕುರಿತು ಅಧಿಸೂಚನೆ 12.11.2022,notification,https://rera.karnataka.gov.in/reraDocument?DOC=nfI8YU%2FP4Qkd4UXc9coOsQ%3D%3D,krera_metadata_title,
02_Corpus\RERA\04_Review\ರಾಷ್ಟ್ರೀಯ ಲೋಕ-ಅದಾಲತ್ ಕುರಿತು ಅಧಿಸೂಚನೆ 13.07.2024_04e0dc82.pdf,ರಾಷ್ಟ್ರೀಯ ಲೋಕ-ಅದಾಲತ್ ಕುರಿತು ಅಧಿಸೂಚನೆ 13.07.2024_04e0dc82.pdf,ರಾಷ್ಟ್ರೀಯ ಲೋಕ-ಅದಾಲತ್ ಕುರಿತು ಅಧಿಸೂಚನೆ 13.07.2024_04e0dc82.pdf,04_Review,ರಾಷ್ಟ್ರೀಯ ಲೋಕ-ಅದಾಲತ್ ಕುರಿತು ಅಧಿಸೂಚನೆ 13.07.2024,notification,https://rera.karnataka.gov.in/reraDocument?DOC=1NvVsDWNLz3FLK37QoCajA%3D%3D,krera_metadata_title,
02_Corpus\RERA\04_Review\ರಾಷ್ಟ್ರೀಯ ಲೋಕ-ಅದಾಲತ್ ಕುರಿತು ಅಧಿಸೂಚನೆ 19.09.2026_f7b01b0e.pdf,ರಾಷ್ಟ್ರೀಯ ಲೋಕ-ಅದಾಲತ್ ಕುರಿತು ಅಧಿಸೂಚನೆ 19.09.2026_f7b01b0e.pdf,ರಾಷ್ಟ್ರೀಯ ಲೋಕ-ಅದಾಲತ್ ಕುರಿತು ಅಧಿಸೂಚನೆ 19.09.2026_f7b01b0e.pdf,04_Review,ರಾಷ್ಟ್ರೀಯ ಲೋಕ-ಅದಾಲತ್ ಕುರಿತು ಅಧಿಸೂಚನೆ 19.09.2026,notification,https://rera.karnataka.gov.in/reraDocument?DOC=qRkZAihug4EgFg7zQng%2Fjg%3D%3D,krera_metadata_title,
