"Bucket","Name","KB"
"01_Core_Regulatory","Establishment of Medical College Regulation,(Amendment), 2020 Dated 28.10.2020 (MARB)_62b8bfcc.pdf","33"
"03_Medical_Regulation_Education","Details of CPIOs and First Appellate Authorities in NMC_Boards_13dca7da.pdf","32.8"
"03_Medical_Regulation_Education","FAQ on NMC Act, 2019_8858bcb5.pdf","32.7"
"03_Medical_Regulation_Education","Graduate Medical Education Regulations 1997 (Amendment Dated 04.11.2019 (UGMEB)_6a8530b1.pdf","33"
"03_Medical_Regulation_Education","NMC Act, 2019 Hindi_67fffcf8.pdf","32.7"
"03_Medical_Regulation_Education","NMC ANNUAL 2022-23_ENGLISH_98c6f675.pdf","32.8"
"03_Medical_Regulation_Education","NMC ANNUAL 2022-23_HINDI_27b59565.pdf","32.7"
"03_Medical_Regulation_Education","NMC ANNUAL 2023_24_ENGLISH_e5cbb50e.pdf","32.7"
"03_Medical_Regulation_Education","NMC ANNUAL 2023_24_HINDI_7409aed3.pdf","32.7"
"03_Medical_Regulation_Education","NMC ANNUAL 2024_25_ENGLISH_fd43fb51.pdf","32.9"
"03_Medical_Regulation_Education","NMC ANNUAL 2024_25_HINDI_ae4c7872.pdf","32.8"
"06_Review","CPIO Order_083885f2.pdf","32.7"
"06_Review","Minimum requirement for 100 admissions_043a1097.pdf","32.8"
"06_Review","Minimum requirement for 150 admissions_6f224be1.pdf","32.8"
"06_Review","Minimum requirement for 200 admissions_b4c9b349.pdf","32.8"
"06_Review","Minimum requirement for 250 admissions_1b887e74.pdf","32.8"
"06_Review","Minimum requirement for 50 admissions_9c4066f8.pdf","32.8"
"06_Review","Phasewise requirements for LOI, LOP, renewals_f0e8b30b.pdf","32.8"
